ProductionVolume,ProductionCost,SupplierQuality,DeliveryDelay,DefectRate,QualityScore,MaintenanceHours,DowntimePercentage,InventoryTurnover,StockoutRate,WorkerProductivity,SafetyIncidents,EnergyConsumption,EnergyEfficiency,AdditiveProcessTime,AdditiveMaterialCost,DefectStatus,PredictedDefect
-1.32078467393387,0.174673253794352,-0.553076686354243,-0.914050444882741,0.284266775703514,-1.43590335652959,-0.360401495299692,-1.69663686899834,1.12081123965239,1.05732894409719,-0.873315401547751,-1.58559345641662,-0.493285250627818,1.45358408449271,0.0306184148721573,-0.542068789627285,1,1
-0.0515439355577342,1.70568086086292,-0.611752497668664,0.844922100011387,-1.47302006374046,0.306938706645116,1.24038480735248,1.66748806118322,1.40675339150132,-0.430377434854652,1.68055294107814,0.831645206723056,0.803882974233023,-1.54913850662611,1.3891139217372,0.467869050644641,1,1
1.56835790771512,1.54102765220474,-1.33735285716151,-1.50037462651412,1.34767336974112,0.879958208268245,-1.52460971541036,-0.0252520473571725,-0.395880369246463,-1.66676716371549,0.485634572098501,-0.894953838376714,0.350221918106693,1.68940203821895,0.419864700622181,0.830803610968792,1,1
-0.680447004122489,-1.57297507550348,-0.43369456822882,1.43124628164276,-1.61119804563809,-1.07714273378949,-0.505927522813525,1.51795000085125,-1.04834408029366,0.154647637879096,1.19644199862854,1.17696501574301,1.44280615421247,-1.00231275511499,1.01061913980013,-1.16343543817986,1,1
-1.30553853893837,-1.14937343805894,-1.36211366124452,0.258597918380011,0.853975607899191,0.22343418467241,-0.360401495299692,0.169975429985201,0.357189022327478,0.596291866693967,-0.301353722680627,0.831645206723056,-1.21992013338576,-0.311638604702902,0.359554979026797,0.568858532271436,1,1
-1.43894222014907,-1.26459192914749,0.95491252734419,-0.914050444882741,0.88969449851282,1.07099127580903,1.09485877983864,0.364367936663767,0.82009155896172,0.805453831478834,-0.51741124787914,0.831645206723056,-1.51702661288311,-1.56171810085785,0.695718004970144,-1.09832880900382,1,1
0.95851250789475,0.804822076610616,1.64845036040716,0.258597918380011,1.5572198049739,0.912633698994284,-0.214875467785858,0.733090563810017,-1.27617966774377,-0.371125586182699,0.178768682298983,1.17696501574301,0.13001312078848,0.293318324028842,-0.223430148118414,-0.952096003148132,1,1
-1.63333044134181,1.12452432033879,1.66164935740194,0.844922100011387,-1.53098070793673,1.03233866248397,0.221702614755643,-0.621072594475638,1.0136850154242,-1.43008988840595,-0.233201607421125,-0.54963402935676,-1.72070086522435,-0.0545951609799503,1.48653485061716,0.111818492284362,1,1
0.630720605491302,-0.97979307445503,1.2969438208585,1.43124628164276,0.333401092970865,1.29532464894624,-1.37908368789653,0.688308303513192,-1.00922270756292,0.262371574087871,0.744200043911769,-0.204314220336806,1.00792418587092,0.574891137804068,0.0174581788619373,-0.72046371413418,1,1
-1.24836553270521,0.0382533349216363,0.379030348791742,-0.327726263251365,-0.247210403832574,1.49638886246404,-1.67013574292419,0.0918530784059606,-0.0370234814394551,-0.62249782113668,-0.825439093643228,0.486325397703102,0.0306935374794691,0.148608071182829,0.19011155497493,0.559656322117788,0,0
0.066613610657462,1.2043326751314,0.726613301601279,0.258597918380011,-0.581141880135211,-0.337074938186121,-0.796979577841192,0.596501185665294,1.21583194397951,1.5215795257955,-0.183181344312368,-1.24027364739667,-0.031417624161138,-0.348034610430989,0.0972323986193707,1.57091884806279,0,1
-0.893892894059617,0.828577666949558,-0.717087821647482,-1.50037462651412,-1.40667946706955,0.22536618729023,-1.23355766038269,1.16233994310911,-1.06131715922282,-0.0210825073670543,1.37391742392576,0.486325397703102,-0.466953302771605,0.819086373279047,-0.626064388628255,-1.20278670073062,0,0
-0.451754979189851,0.164958384713499,0.483153127632635,-0.914050444882741,0.215906473404864,0.989849303849236,-0.796979577841192,-1.09474850296812,-0.89488983679605,-0.12682448563843,0.888047279628211,-0.894953838376714,-0.423674099712766,-1.63056113828231,-0.920371889079514,0.246548424605799,1,1
0.0361213406664436,0.332497839489484,-0.125089815908218,-1.50037462651412,-0.0713255904158238,0.667644136854039,0.51275466978331,0.392377167157212,-1.51002179226235,-0.693134796277476,-1.16705283795166,0.141005588683148,-0.228884791951431,0.142940149445369,-1.46568917549387,1.45927601876575,1,1
-1.37795768016703,0.0469866596044111,-0.0335072287375868,0.258597918380011,-1.35777574333699,1.695659611506,-0.360401495299692,-1.55239072718306,-1.22207876458369,-0.59041124145562,1.3450223411228,0.141005588683148,-1.66865560398119,-1.32516931406276,0.766597995623907,-1.10778390372048,0,0
-0.291670561737004,-0.687143199632362,0.924280380148684,1.43124628164276,0.387102982688704,-1.68710049792476,0.367228642269476,-1.37918293979298,-1.22238198703357,0.0137966325056925,0.304089227296407,0.141005588683148,-1.43448655553866,-0.218012323426557,-0.719305895903451,-0.453542764280652,1,1
-1.33221927518051,0.244303892357133,-0.728506029438656,-0.327726263251365,0.818100587481315,-0.51067742499387,0.51275466978331,0.603824851405637,-1.02696374769626,-0.701972902546698,0.619570861873328,1.52228482476296,0.0274856486750921,1.00251247173771,-0.373128171134375,-1.28967203634513,1,1
1.61028477895277,0.675644197965955,-0.603046973410291,-0.327726263251365,0.918839617446245,-0.765993726723643,-0.942505605355026,-1.4871783158808,-0.74269564324262,1.33200913006896,-0.726051059312378,-1.24027364739667,-1.20356735102987,-1.22692523002785,1.46556286597071,0.492425671665075,1,1
0.81748575918629,1.31792783487536,1.50384921568179,-1.50037462651412,1.39322867833798,-0.830462783254693,-1.23355766038269,0.329358068953368,1.07331105769404,-0.242298252736532,-0.211303540819599,1.17696501574301,0.976859314814803,1.49978992398717,0.240944399178129,0.585601184200075,1,1
-1.21406172896531,0.49249157769278,-1.51240356988377,0.844922100011387,-0.310315171721031,-0.967538446649923,-1.23355766038269,-0.970798317200182,1.41942292978936,-0.752828389139366,1.06525186890313,0.831645206723056,-0.772217047918076,1.33720201858395,-1.38516449592365,0.56854884527397,1,1
0.809862691688535,0.927198914866621,-0.0209445367039692,0.844922100011387,1.5570881780569,0.70893292284413,1.67696288989398,-0.679580920422758,-0.330302500161082,-1.22734742876769,-0.598770055918634,0.486325397703102,-1.38470050866789,-0.29054350603491,1.04873259984071,0.148977748072458,1,1
-0.535608721665151,-1.16589104168465,1.4627221985518,1.43124628164276,1.25601220223157,-1.44220100167334,1.53143686238014,-1.28385164763405,-1.2852878609029,0.568088056577148,-1.17756724897598,1.17696501574301,-0.908442473478974,-1.69602256839151,-0.83413410200622,0.850697959281599,1,1
1.22150833656728,-0.115999875519766,0.412272572341912,-0.327726263251365,-0.698391370337029,0.82085406118668,-1.23355766038269,-0.871540788729631,-0.956964109046882,-1.67748758309205,-0.432315202408014,-0.54963402935676,-0.48567528751647,0.997767774706944,0.193337563635811,-1.59128108738453,1,1
-0.402205040454446,-1.69082650980027,0.190136026591185,-1.50037462651412,-1.16976994663698,0.654848321737695,1.38591083486631,1.11196979330561,0.802764779499837,-0.20417115092626,-1.51252339562898,-1.24027364739667,-1.60176851300037,1.31105053023771,0.0453209024837306,1.57688940217071,1,1
0.161901954379394,-0.86429092205797,-0.840255792091891,-1.50037462651412,-0.221278377581507,-0.870124313741196,1.38591083486631,0.48010895745106,0.600894236118434,0.143575795239129,0.754364459736922,-0.54963402935676,-1.23286470547767,-1.11598910747856,-0.896673605851129,-0.951144267794287,1,1
-0.135397678033035,0.806499909799373,-0.515395831258613,-1.50037462651412,-0.336326924502259,-0.863131521349756,0.658280697297143,1.5569695211885,1.59609584257094,-0.586944729027492,-1.2380829417817,1.52228482476296,-0.601007376906273,1.43236305524981,-1.32040353439576,-1.2967357419901,1,1
1.35872355152687,1.73054586060141,1.25171245948676,0.258597918380011,0.260788519951623,0.4324004672596,0.076176587241809,-1.56405183786831,-1.67583897092177,0.837138163849296,-0.757961286875039,-0.894953838376714,-0.647368058510256,1.42516284804079,-0.989580719962308,1.5205911178011,1,1
-0.242120623001599,-1.37794605883617,0.234632352616326,1.43124628164276,0.287126253167748,0.891697629742404,-1.52460971541036,1.01193323440152,0.852743606068737,0.579583194856359,1.324808779416,-1.24027364739667,1.05186203947181,-0.0967475291202829,-1.38426465334727,1.14005733510968,1,1
-0.981558170283795,-0.325163197068761,0.0801551887022171,0.844922100011387,0.859439797190744,1.28554748433886,1.09485877983864,0.688631216848742,0.0114563499339425,1.60671024395244,0.134523129966595,-1.24027364739667,1.20055155541959,1.02626016351526,-0.766586163066521,0.91466922303884,1,1
-0.657577801629225,1.06283601243417,-1.36181827772792,0.844922100011387,0.0346488884480768,1.2016675976003,-0.942505605355026,-0.829195296307694,1.37453340328096,-5.4006412802999E-05,-0.631404133385978,0.831645206723056,-1.05339486838099,-0.187287072007232,1.73360551148207,-1.3545424757207,0,0
-1.09971571649899,-1.01279126436434,-1.65201581275675,0.258597918380011,-1.35685447112812,1.59010459098697,1.38591083486631,0.792858160307977,0.253139575818439,0.100823920375999,0.159578477201132,-0.204314220336806,-1.2943804256299,0.222049624847492,-0.328456438449366,1.0613109617196,1,1
0.0399328744153209,0.209699234750287,1.63945767261441,-0.914050444882741,1.2314912212658,0.268831607991639,-1.67013574292419,0.749150200561869,-0.191600468489369,-0.913225389984373,-0.991585479504829,0.141005588683148,0.475316628671882,-0.617282271007712,1.27141558460336,0.378937724562901,1,1
-0.516551052920765,0.829517045956656,-0.398309375115763,0.258597918380011,-0.652829742307617,1.39638319283654,-0.651453550327359,-0.141775248164966,0.56114236264777,-0.428226916062527,-1.66645567629088,0.831645206723056,1.06655750205176,-1.16846726312427,0.181114443980804,0.801361358952207,0,0
-1.62951890759294,0.421778508802177,0.387438844575065,1.43124628164276,1.61969436535303,1.05136114422674,0.803806724810977,0.652476587123777,1.13698350446031,-1.67375870502635,0.355518961152112,0.486325397703102,1.61839113262524,0.849262537907299,0.587860156495385,1.6475544038142,1,1
-0.74905461160228,-1.06854745681545,-1.4308136365905,-1.50037462651412,-1.31206764228802,1.34819029869374,1.24038480735248,-0.192917236799051,-0.755408947520999,0.62686688554577,0.741326854589224,0.486325397703102,-1.70069069532192,-1.71177073093317,-1.17982655821703,-1.04620981898862,1,1
1.13765459409198,-0.485735303273073,0.664957767624895,0.258597918380011,1.57487723654628,-1.69416701721462,-1.23355766038269,-0.570604117492478,-1.356316025956,-0.68475329618479,1.3202681379943,0.486325397703102,-0.289429075221531,0.275344667078224,-0.769434470268413,0.0192271223435189,1,1
1.55311177271961,1.00614554986148,1.53137463383658,-1.50037462651412,-1.40429799877385,1.59361880764264,-1.08803163286886,-0.117023093547335,-0.238477500744086,0.10969643816078,0.943180052979011,0.486325397703102,0.821558890963675,1.25533808702054,0.0469213012385483,0.875073896741275,1,1
0.424897783051928,0.206709829000451,0.291757727719926,1.43124628164276,-0.923280835442708,-0.102762265779892,-1.08803163286886,1.36773583929965,-0.988869064839911,-0.881435908781214,1.48416211255528,0.831645206723056,1.14957815649228,-0.956035505331884,1.33119490889682,-0.223895698546533,0,0
0.0971058806484804,-1.70511129401751,-1.26965281076132,1.43124628164276,-1.5569321117397,1.01577002974102,0.367228642269476,-0.400740941041021,-0.250418414196433,0.389867976075226,1.69132169594841,-1.58559345641662,-1.50822588734569,-0.572393966270081,-1.57290342411566,-1.52673838235051,1,1
-1.48849215888448,0.926743498343255,0.31279283449386,-0.327726263251365,0.705287401147523,-1.29596568972105,-0.360401495299692,-0.334565354186096,1.67797287816249,-0.212552744273944,0.84900130133885,-0.894953838376714,0.636434598931425,0.302610674763837,0.0347144196721867,-1.33153430064739,1,1
0.234321095608063,-1.60035494920233,0.954048614068726,-1.50037462651412,1.20403472666656,-0.370081291243995,-0.651453550327359,0.374546133511352,0.246117845070319,-0.0935015356911729,1.27882465475859,-1.58559345641662,-0.722085216931191,-0.868073387523746,-1.54475757759198,0.355110173257618,1,1
0.886093366666081,0.873612758555387,-0.296089609020345,0.844922100011387,-0.225807103453161,-0.798955993006164,-0.796979577841192,0.875412387938155,0.656443245815962,1.50671350173251,0.600154627121057,0.831645206723056,-1.46552538904282,1.19622513765965,-0.138845376870349,-0.734895083870858,1,1
0.100917414397358,-1.0182066395774,1.34823245226194,0.258597918380011,1.47275065690082,-0.729367085518766,-0.0693494402720245,0.811750790509041,0.60262136374079,0.685511904012412,-1.15703093192933,-1.24027364739667,-0.0278207902980264,-0.456555479214403,0.457198503112023,-1.24077697031444,1,1
0.954700974145872,1.61306232245327,0.545368281457385,1.43124628164276,0.310873514710574,-1.30956952655684,-0.214875467785858,-1.66431818327041,1.09294665065889,-0.857446082834414,-1.1194102121021,0.486325397703102,-1.17571171499889,0.282428356516824,0.858573079697705,-0.546215351148684,1,1
1.27105827530269,-0.442009782920153,1.41565278508965,-1.50037462651412,0.447280237833403,1.04188844605858,0.076176587241809,0.648235789248778,1.51683633321509,-0.0168810740977273,-1.36909224310379,0.141005588683148,0.832032605412178,-0.939387323159066,-1.24154917029749,-1.02372908443325,1,1
-0.98918123778155,-0.584819569964032,0.457919406378457,-0.914050444882741,1.18727235398325,-1.70238164361231,0.367228642269476,-0.172226887978933,0.536990511311987,-0.146250281369241,1.54111765243747,-1.58559345641662,0.846788497598256,-1.57431448007015,-1.14439448732616,-1.63231797424383,1,1
0.905151035410468,-1.20483664099259,-1.25168677608289,-0.327726263251365,-0.697365490821073,-0.657543616977831,0.658280697297143,0.0824938333465569,-0.0905391867706817,0.994243002470973,0.596730360192637,0.141005588683148,1.19643200551709,-1.1195560807327,-0.0929682105435005,-1.19274291103588,1,1
0.432520850549683,-0.65908988988071,-0.632041527889121,-0.914050444882741,-0.499957658780815,-1.13332453795162,1.38591083486631,0.212644048698947,-0.634066407584392,1.12727114200824,1.00617947079124,1.17696501574301,-0.41467391699606,-1.5577737381409,1.73616556114806,1.32101355787822,1,1
1.62553091394828,1.32951669122005,-1.0067966576545,1.43124628164276,1.39521675790408,0.295202229538956,1.38591083486631,0.801701187990261,-0.488302607518648,-0.782624954649665,-0.597088623376625,-0.894953838376714,-1.67809870538049,-0.10598248825364,-0.487978769667321,-1.67323232711311,1,1
0.447766985545192,1.74630153653595,1.44891835234443,-0.914050444882741,1.37808032784443,-0.858243925929198,0.803806724810977,1.14675145398845,-0.576886242772009,1.08488670483855,-0.145329811464895,0.486325397703102,-0.823374481608379,0.299694540389325,-0.240337456975294,0.945538024331949,1,1
-0.783358415342176,-0.440725550035338,0.933392541138261,-0.914050444882741,1.63750716919561,-0.841892266850706,-0.651453550327359,0.505681299236754,-0.611281297891744,-1.14362308215335,-1.61540858027349,-0.54963402935676,-0.101667796555033,-1.56301074520496,-0.223294708630419,0.875449137679719,1,1
1.45782342899768,-0.161085829168515,0.641631541608274,-0.327726263251365,1.38108554576214,-0.0517440586897026,-0.942505605355026,0.220416627329792,0.659962667298646,0.882124457883279,1.35251029255671,-1.58559345641662,0.682900997333067,-1.40557362235743,-1.44190272018526,0.224984178612482,1,1
0.211451893114799,0.791209513743399,-0.662347212021587,-0.327726263251365,-1.27939189030512,0.514497073705089,-0.214875467785858,-0.438201367899914,0.292779648994996,-0.902996353335888,1.22668203249995,0.486325397703102,-0.399163217931294,-0.0478251591198781,0.960597663121631,-0.998061470365222,0,0
-1.21406172896531,1.3627561653045,-1.0684479010297,-0.327726263251365,1.11274511529651,-1.31629105085941,-0.505927522813525,-1.25530320306066,-1.03188325551031,-0.73230563232983,0.988361303908192,-1.58559345641662,0.135009843300035,1.03019590618561,-0.844628195758412,1.30376139981372,1,1
0.135221218137253,0.3418886036904,0.91967665003691,-0.327726263251365,-0.309051909597608,-1.12953155526934,-1.08803163286886,1.58751375775369,1.60440247793599,1.19365140216065,-1.55067520806764,-0.54963402935676,0.0941344664185687,0.441887945320444,0.716335937975697,-0.081515065591083,1,1
1.40827349026227,-0.359877808087651,-0.0608050651340981,-0.914050444882741,1.68669492506304,-0.882628709982459,-0.796979577841192,-0.133125592542207,-0.256653960732675,-0.308089272509789,-1.14545620321108,1.17696501574301,-1.15202544146815,-1.35667248321499,-0.0755594712814157,-1.11920601474965,1,1
0.752689685455376,-0.286412819252657,-0.923456799629271,0.844922100011387,-0.0945469920296581,1.62064809472138,1.38591083486631,0.228400987921064,0.21852075382504,1.67327843726975,-0.586557536975645,-0.204314220336806,0.436771461404165,1.33389421930323,0.397996446375398,-0.239824474335265,1,1
-1.63333044134181,0.699090585764163,0.434011697618856,0.844922100011387,0.185614400641678,-0.365907618540115,0.367228642269476,0.868739761847992,0.687354625949645,-1.23933586108698,-0.835068838612634,0.486325397703102,-0.200727495351717,1.4366868470238,-1.53450478556336,-1.04457337115785,1,1
1.49212723273757,-1.71211559822093,-1.56759544740922,-0.327726263251365,0.102958519861256,0.329487107912311,1.24038480735248,-1.49593215702713,0.38196310340082,-0.157794079319078,1.17585445200107,0.486325397703102,1.07798665099388,-0.59969250735226,1.3617592000664,-0.422065332925574,1,1
-1.07684651400573,0.434328648276359,-0.574807016253388,0.258597918380011,-0.611701516284034,-0.902032507435273,1.38591083486631,1.22876965343358,-0.65734823056816,0.776819525317163,-1.0735112667352,-0.894953838376714,0.671107916947236,0.400673962681886,-0.876656235967021,-0.0072220398403836,1,1
-0.669012402875857,-0.485357666825973,-0.0802587092586047,-1.50037462651412,-1.45922651534914,-0.0444352255435145,-1.23355766038269,1.0279147677551,1.01397713405407,-1.74840772773208,0.1052601284624,0.831645206723056,-1.33763479537787,-0.024446496263528,0.600028391037374,-0.477433783823218,0,0
-0.234497555503845,1.04238171828347,-1.19378602402544,1.43124628164276,1.35983142118607,-1.47886021718575,0.94933275232481,0.949640567845314,-1.34729547147715,-1.23964063088298,0.242455932710376,-1.58559345641662,-0.0290145431329766,1.52114523320975,1.0432144128605,0.544011457429184,1,1
0.57735913300702,-1.39949320466178,1.71228977968099,0.258597918380011,1.04043855977365,-1.61452661036664,0.076176587241809,-1.65675311706646,0.228512662233155,-1.69634714715027,-0.269081756394465,-0.54963402935676,0.712324390267771,0.0319932285321534,0.149452874406883,1.50265316082485,1,1
-0.50892798542301,0.325026638867828,-0.981433357499078,1.43124628164276,-1.23763742742992,-0.119288203218689,-1.67013574292419,0.0909072325722141,-0.786940507104582,1.68130836721716,-0.913265075799308,1.52228482476296,-1.42246501570445,1.58281142181672,-0.552808475298494,-0.517830297226904,0,0
-1.66001117758395,-0.0483878337015412,-1.25493373930358,0.258597918380011,0.951439941671175,-0.360716255869222,-1.67013574292419,-1.54491895924345,0.389123616983306,0.874671576685566,1.60164684985004,-0.54963402935676,1.02449689505303,-1.03142443542345,1.66641539390716,-0.491738721434217,1,1
-0.79098148283993,0.513504915537912,-1.00075341743416,0.258597918380011,0.432988027531568,-1.2626281004476,1.38591083486631,0.175265993101985,-0.976939603627497,-0.469642821711276,-0.309665998269457,-1.24027364739667,-0.954245182702892,-0.528960000015563,-0.756845173864755,0.823340570993908,1,1
1.24818907280942,-1.49747736006032,0.963474804767326,0.844922100011387,-0.311438337034867,0.634781365243067,0.221702614755643,0.755730826785009,0.926378369782722,-1.22425602537575,0.787403096442452,0.141005588683148,0.0206762429799142,0.968898686050288,1.56511112791098,0.109321769609346,1,1
-0.394581972956691,0.29640669086983,-0.229787836246177,-1.50037462651412,-0.844321808981146,1.68664411861388,-0.505927522813525,-1.31082240848499,-0.944166460497836,-1.45313867828063,-1.11121808354706,-1.58559345641662,1.53805485105579,0.976685115745458,-1.18025558272798,-0.240454071478516,0,0
0.440143918047437,0.231985270156789,0.256159044186352,0.258597918380011,1.23642919975616,-0.371095160941285,1.67696288989398,0.674103370716331,1.33228844720029,0.0803147410015588,1.121164792453,-0.894953838376714,0.257398081009508,0.79993070818895,-0.373044441047429,1.08289525148228,1,1
1.70938465642358,0.229114062377142,-1.63471542810116,-0.327726263251365,0.688369231838096,0.417578882564317,-0.0693494402720245,-0.175764225118746,1.23325234603532,1.6223125224768,-0.999923605390237,1.17696501574301,-0.25343894999228,1.23789699386382,-1.24167534961552,1.34836994610779,1,1
-0.417451175449955,0.378256356357276,-1.58809660445244,1.43124628164276,0.164672584049831,1.58353419069716,0.803806724810977,1.07823542280782,-0.481024774703297,0.575938003352791,0.60565942691778,1.52228482476296,-1.70069540325458,0.698069016701309,-1.71372508733984,0.315559900638942,1,1
-1.36271154517152,0.632402095256905,-0.15921126823351,0.844922100011387,0.377068739129144,1.1306782236353,-0.505927522813525,0.115397276633107,-0.400569662981389,-0.498888791719118,0.0156926467493601,0.141005588683148,-1.26152094872214,0.469644759714155,-0.819833034057097,-1.07830933213962,1,0
-0.314539764230268,1.07996251260969,1.1287822376619,1.43124628164276,-1.40411120692061,-0.137139442578124,-0.651453550327359,-0.568609122441532,0.683585435172162,-0.0275464002301306,-1.24223749970194,-1.24027364739667,0.282820828828965,-0.139248486632335,-1.41935057296187,-0.111730029369096,0,0
0.0208752056709344,-0.783701963673983,1.36699206476201,-0.327726263251365,-0.0889173326887035,0.806661591402345,0.221702614755643,-0.582914914214561,-1.41522654958936,1.70223549322319,-1.66723828910011,1.17696501574301,-0.0114410344893755,-0.111193464980741,1.69566284015292,0.0191882825990876,1,1
-0.0820362055487526,1.14982067845326,-1.40653025379955,-0.327726263251365,-1.05153841891803,-1.29275837094926,-0.505927522813525,1.37590037379008,-1.44769498533054,0.0346749346421703,1.49838810159288,-1.24027364739667,-0.462329135467097,-0.320594880154259,0.917226745766336,-0.228876686706856,1,1
0.226698028110309,0.0117975835499179,0.162197099299712,0.258597918380011,-1.00109746529629,0.0301363797817872,1.09485877983864,-0.164199184377275,-1.25741756263763,1.58171265652366,-1.31516310614148,0.486325397703102,1.47789266510117,0.415088622561141,-1.70865200494415,-0.81248838212618,1,1
1.24437753906055,-1.4549758925817,1.46421183712987,-0.327726263251365,0.554792344861923,-0.7727729039632,-1.52460971541036,-0.327409917482935,0.206119220938502,-1.71022225679203,0.709263394512597,-1.58559345641662,-0.571054333600915,-0.318868024895011,-0.946673516513696,-0.0909812569604306,1,1
-1.57996896885753,-1.51942569623905,-0.360149936689441,-1.50037462651412,1.41343806929027,-1.17896416979808,-1.67013574292419,-1.59478085981787,-1.2138769599767,0.736923411164101,0.526600239318021,-0.204314220336806,0.138833358585987,-1.20962503144328,0.600128353677554,-0.179586361984964,1,1
-0.928196697799513,-0.559374785316605,1.17362426107705,-0.327726263251365,-0.329944583702866,-0.265550989876424,0.076176587241809,-0.47091664502401,-0.772172755490447,0.41114153023722,-0.560173615603928,0.486325397703102,0.24830780001006,-1.35041928170793,-0.340721136970464,-0.994466624113958,1,1
-1.40463841640918,1.00999426122079,-1.24332423299661,0.258597918380011,-1.00327680206285,-1.28283752830127,-0.360401495299692,1.2101202005985,0.496099197916341,0.613165779396426,-1.10654753251818,-0.894953838376714,0.105250261232085,1.46082135727942,1.1603942458761,1.39097695228469,1,1
0.428709316800805,0.741097914663166,1.54119629477694,1.43124628164276,0.511655951896424,0.674001762661096,-0.651453550327359,0.903082610418249,-1.67194069067439,0.214584099404127,-1.13120243368802,-0.54963402935676,-0.0677679380336087,-1.6315311195207,0.0275804785451183,1.32879269891374,1,1
1.61028477895277,1.02294174261184,0.902213820564964,-0.327726263251365,1.27579108100913,-0.162332226893165,-0.796979577841192,-0.967678718789008,-1.10660855826027,-1.61361799746326,0.291197665754217,-0.204314220336806,-0.555164536409913,-1.35407055706045,0.543059000230223,0.896608366817585,1,1
-0.234497555503845,0.0780095609483996,1.56182721182523,0.844922100011387,0.853709187572179,0.0957379158403413,1.67696288989398,-0.302114039528585,1.46807616362181,-1.24759867537464,0.156972737665498,-0.894953838376714,1.42776531206094,-0.186060431510756,0.346922252836575,-0.336337179304709,1,1
-1.70574958257048,-0.190378412841402,0.642391718701013,0.844922100011387,1.26744408087528,-1.22991267148301,-0.0693494402720245,-1.05196750613392,0.553336214918803,1.43601568996259,1.30682436419602,0.141005588683148,-0.160661228419667,-0.812889400632897,0.489420505299415,-0.441542261733029,1,1
-0.22687448800609,-1.20983569360681,-0.445484213480341,0.844922100011387,0.12624860706306,-1.25266650926809,0.658280697297143,1.5724081788982,-0.676239206116513,-0.958077982346332,0.482279045943777,-0.894953838376714,0.108651027400903,-0.321669250807263,-0.924319919155979,0.748274471219875,1,1
0.443955451796315,-0.580427798586852,1.55087521069666,1.43124628164276,0.865929858410095,0.275827464164503,-0.0693494402720245,0.338918761775206,-1.57001146876947,1.68151468259311,1.10880635166777,0.831645206723056,0.552717499810116,-1.31289529955726,-0.428242540919212,0.375829189324482,1,1
-1.30935007268724,-0.211898298581901,-0.75056681103565,-0.914050444882741,-1.23579002826324,1.6594476618785,0.51275466978331,0.880107064440403,0.287077927066613,0.59322545785023,-1.64115324118204,0.486325397703102,-1.4895998227999,-1.26663527351101,-1.5460843241489,0.349975681515036,1,1
1.22913140406504,-1.41478162701508,-0.553959489054006,0.844922100011387,-0.520538544790549,-1.40261047127859,-0.360401495299692,0.739659473171634,-0.960204779865571,-0.223763895757293,0.59058449954304,-1.58559345641662,0.985619076755542,1.03527566039849,0.314353314502325,-1.28797150612381,1,1
1.4197080915089,-0.955066065883947,0.726414355041127,0.844922100011387,-0.378750568488629,-0.749788664618751,-0.0693494402720245,1.29346951627193,1.571946218036,1.42836650340068,-0.93765661671843,-1.24027364739667,0.0533580495879149,0.892472618132632,-0.130406706518251,0.410770322004873,1,1
0.104728948146235,0.359930724729046,0.950467967699363,-0.914050444882741,0.0394781419105319,1.26133896783168,-0.214875467785858,1.55547306244293,0.633641915845248,0.994012329199338,-0.870799128369658,-0.54963402935676,0.555141801125984,-1.35824439440361,0.913979965917764,1.38558810723234,0,0
0.966135575392504,0.838542766857187,1.52038788399954,1.43124628164276,1.47465475956267,-1.48522427850964,0.221702614755643,-1.62050876339463,1.61984956576219,-0.277212737663091,0.763870682013376,-0.204314220336806,0.953445189422387,0.578614677971025,-1.00648428874204,-1.41961267875044,1,1
-0.181136083019562,1.75331219201587,-0.996350919209937,0.844922100011387,1.28647300700448,1.28348066647111,1.38591083486631,1.64544220374528,1.18978764424802,-1.52881829718767,1.01849253418621,1.52228482476296,1.3075330695157,0.377624062232531,-0.208171068254445,-0.548692788119277,1,1
1.06904698661219,1.52614135876097,1.06398062347402,0.258597918380011,-1.25481805224405,0.0721076868973961,1.09485877983864,1.28256898335867,-0.0667298768153466,1.24865384088736,-0.455274362469525,-0.54963402935676,-0.363854673404574,0.735245124166487,-1.09530263787098,0.0351509905004823,1,1
0.405840114307542,0.514339552505633,0.857487540887107,1.43124628164276,-1.12337148603032,-0.327615408005258,0.076176587241809,-0.406409204349993,0.573892384100061,0.890006212846279,1.00676334179709,-0.54963402935676,1.09016514802143,-0.0858934083323039,0.405616456948323,0.643580852078676,1,1
-1.09590418275011,-0.256372986337112,-1.48610997015668,0.844922100011387,-0.488364314219683,-0.667276271007265,-1.52460971541036,1.16662125405291,1.06343339069536,0.979246990540766,-0.203613445259305,1.17696501574301,-0.82649279390728,-0.788622497867531,1.21647578582976,-1.40648653540352,1,1
-0.943442832795022,0.492094622635491,-0.362753549439215,0.844922100011387,-0.718170468508359,-0.710561203236172,1.09485877983864,0.818460778251501,0.260048754424926,0.819915049035957,1.24290481485709,-0.54963402935676,0.56609774236676,0.564484469186533,0.930356790453041,1.28570384305506,1,1
-0.684258537871366,1.01262221511786,-0.725563813099256,-0.914050444882741,0.394940297127817,-0.680637152668204,-0.796979577841192,1.01436620342728,-1.51443026830941,-0.80932724538199,-1.66739703881269,-0.54963402935676,-1.36802522296529,-0.440215253998375,1.54964453681484,-1.57523349011663,1,1
1.57598097521287,-1.31123011990483,-0.650107027166778,0.258597918380011,1.3843068777797,1.31420380785365,-1.67013574292419,-0.968448292247279,-0.109937328084861,1.21580236571605,-1.46262959365904,-0.54963402935676,-1.65478819299878,-0.964024338838825,1.64501340060302,1.23374002743251,1,1
1.39683888901564,-0.295874301817803,1.70635882209987,1.43124628164276,1.58875687469276,0.759480527755503,-1.37908368789653,0.513657809297552,-1.27716784190471,-1.75929415206246,0.958796575126209,-1.24027364739667,-1.39211095587077,-0.312114097457826,0.953189695645827,-1.61955679418948,1,1
-0.680447004122489,1.20119593920777,0.524856717397542,-0.327726263251365,0.528337529206978,0.573184515515487,1.09485877983864,-1.64309432843248,0.729410576160414,-0.942965620337095,0.426664019565823,0.831645206723056,-0.616491602365005,0.906774145751905,-0.727860251912801,-1.18686705264266,1,1
0.0246867394198117,-0.386666947969891,0.785000654086423,-1.50037462651412,1.16233251157596,1.01772062895232,-0.0693494402720245,1.2052779438813,0.611895705022565,-1.60534223490809,0.199256711283805,-0.54963402935676,-1.61641241882138,-0.081273123297084,-0.961865872125473,1.03654208527171,1,1
0.0475559419130755,0.268159230827656,1.68437562321475,0.258597918380011,0.0872501469391598,-0.848382528090091,-1.08803163286886,1.56141431453281,1.68436076815853,-1.38293632261485,0.391328279811056,-0.204314220336806,0.462583101591094,-0.685934783682472,-0.17097349443094,1.24224717441169,1,1
1.05761238536556,0.323519091195014,-0.397560484331877,-0.327726263251365,-1.00129235383509,0.395129796056947,-0.0693494402720245,0.56062732362642,0.433932601489414,0.0819538216050244,1.49643924394717,0.831645206723056,-0.626334969810428,1.14254577815919,1.72177849809202,1.66197681489171,1,1
-0.752866145351157,-1.08090465199127,1.07732540880824,0.258597918380011,0.0854851614506532,-0.149149767917224,-1.37908368789653,0.0429350607387948,1.02232721807853,-1.63765383184984,0.536567787588584,-0.54963402935676,0.829842432301826,1.31362121460636,-0.291817206302814,-1.31683557929969,0,0
0.962324041643627,-0.461877894179312,-0.198440473317918,-0.327726263251365,0.18989649217392,0.961536054880187,1.09485877983864,0.780957555242783,-0.804212949758446,-1.13709491073907,0.508396148400543,-0.204314220336806,-1.5650077282157,-0.227491162382015,-1.03182350184388,0.0950909470720862,1,1
-0.585158660400556,-0.558424197254836,1.31244356218036,-0.327726263251365,0.833574432918376,-0.668738649682593,-1.08803163286886,-0.602417597673097,-0.557848030288959,-0.958720021563475,0.8998003676852,-0.204314220336806,-0.972638353876977,-0.428768116873251,1.55014655423367,-1.44938407599108,1,1
1.04998931786781,-1.63209569949307,-1.0802126848985,0.258597918380011,-0.96159457483136,0.481730641990649,-1.67013574292419,0.436842793648699,1.42375149850673,0.509004085665897,1.27427228784681,0.141005588683148,-0.309111619274829,0.389267207637869,-0.384491534532809,-1.17695205279813,1,1
1.03093164912342,-1.63907769795331,1.58388870540645,-0.914050444882741,-0.451710880332152,1.30527812828226,0.51275466978331,0.757548031434613,0.86796963453855,-0.138791102482783,-0.839088597992461,0.486325397703102,-0.397044057585733,-1.5173017227359,0.672101185315719,-1.11477972616533,1,1
1.14146612784086,1.17297032851785,-0.947831700894405,0.258597918380011,-0.466423713344107,-0.348687999951069,-0.505927522813525,-1.23866763054868,0.524802394274197,-0.174939051067649,0.401009178897256,-0.894953838376714,-1.2698971550832,0.659495911196466,1.00903363482236,-1.49671080372374,1,1
-0.425074242947709,-0.772383884446321,-0.574632474276145,0.258597918380011,1.57895975635284,-1.50469006760481,-0.360401495299692,-1.24771801284329,-0.853186809802397,0.901789105017707,0.286469528087357,1.52228482476296,1.72388050962497,0.972137562939471,1.19958880285736,1.35505164520493,1,1
1.63696551519491,0.0808292859635173,0.918777579317605,-0.327726263251365,-0.191887962428145,0.0437349366367415,-0.360401495299692,0.74772871425083,0.673538250359547,-0.18081243544665,-1.28315394253355,-0.894953838376714,-0.737690383616955,-0.350563726838023,1.12380205983459,-1.28025767651116,1,1
-1.51136136137774,-0.683044001225859,-0.34006611585901,-1.50037462651412,0.876983508471514,-0.542239046287232,0.076176587241809,-0.237249584284721,1.31982707377502,-0.556714475830785,0.0639947885618616,1.17696501574301,0.776622128838571,-1.11640925020227,1.17565274607173,0.448779527958769,1,1
1.30536207904258,1.55248881855229,0.404799365985468,-0.327726263251365,0.862271798605933,0.581805985799637,0.51275466978331,1.34720192709636,-0.932966051390795,1.57563321639377,-1.51136364099396,-1.58559345641662,-0.961105203567824,-1.6175101304156,0.591568330111352,0.436425734847043,1,1
-0.886269826561863,-0.820350497423021,-0.163559977890933,0.844922100011387,-0.804737417419109,1.54238669463512,1.09485877983864,-0.652375301391692,0.699453649039388,-1.73824458657681,-1.10802694242997,1.52228482476296,1.32054618326149,0.473633203477874,-0.322432429659114,-1.03175826167961,1,1
1.19863913407402,-0.227090409499583,0.8707689405475,0.258597918380011,0.24756416576502,-0.0611491779095568,-1.23355766038269,-1.58592328151349,-0.373529027377124,-0.706389964689277,1.4362316608892,0.831645206723056,-0.379331403089515,-0.792036851148559,0.590298352568509,1.7174775445067,1,1
-0.996804305279304,1.31586394310493,-0.914628775786569,1.43124628164276,1.35519955989397,-0.128050669532619,0.221702614755643,0.518203573570171,-1.3177130697965,0.349429082607678,-1.33769552540801,1.52228482476296,1.40049908853714,-0.122185417292513,1.17734156775465,-0.520516998482017,1,1
-0.264989825494863,1.2086178906416,-1.50464534194622,0.258597918380011,-0.0845272385539083,0.521028573083289,0.658280697297143,0.637234089353686,0.896365973748183,0.951720646602052,0.268790287875687,-0.894953838376714,-0.538615779857897,-0.388667319574917,-0.506701971375358,1.39669606825379,1,1
0.165713488128272,-1.0752451952208,-0.665948727839225,-0.914050444882741,1.52975994741888,-1.37764252461765,-1.08803163286886,0.18468442862994,-1.15159744809188,1.06842946034986,-0.623917285088739,-0.204314220336806,-1.69428255044108,-1.11548489230498,-0.694248436304954,1.54516509475236,1,1
-1.55709976636427,1.07179390643816,-0.0602815766352875,1.43124628164276,-0.980229927926311,-0.860814869541517,0.076176587241809,0.634093788062411,-0.857072458131624,-1.60703177954983,0.186301454414548,-0.894953838376714,0.0690117209846896,0.0306876474204862,-0.530728826197341,1.54758541199015,1,1
-1.1149618514945,-0.127737575168563,-1.12410616000695,-0.327726263251365,-1.46219106935696,1.43195184548223,-1.37908368789653,0.0813312701573018,0.963271094325295,0.695833004785607,-0.933235974555886,1.52228482476296,0.0959531595554406,-0.136950842033344,0.188409560956842,0.873305762450511,0,0
-1.65619964383508,-0.0414370459547177,-0.475377449225624,-0.914050444882741,1.34541249223292,0.573941126455798,-1.08803163286886,0.666308604051806,0.823119301305008,0.734459305161082,-0.2013949905791,-1.58559345641662,-1.30862096922704,0.428615910702846,-1.53979764757172,-0.842143691318647,1,1
1.38540428776901,-1.25849357201399,-0.318434987271673,0.258597918380011,1.19504285370194,-1.68790534879327,0.51275466978331,-1.58070433687521,-0.852653208562652,-1.02353044348627,1.2767631592627,1.52228482476296,-0.909296942224938,-0.85083787203577,0.977222453607163,-1.299852282852,1,1
-1.46562295639121,-1.44263696901329,-1.50834835168758,-0.327726263251365,1.69283892021448,-1.02922449170479,0.94933275232481,-0.456809013363538,1.50597021665182,-1.37536994185798,-0.439612209969809,-0.204314220336806,0.993275571992289,-0.978850793012422,-1.24044070678348,0.244397016216408,1,1
1.55311177271961,0.811645460398237,0.318300478606702,-0.327726263251365,0.616934205011966,0.618367308081328,0.94933275232481,-1.00265119179181,-0.986240604907747,0.836681141104784,-0.520643800792255,0.831645206723056,-1.59677662049416,1.08231792526422,-1.26127352143516,-0.476958572115828,1,1
1.48450416523982,0.005548331175971,1.36388191809959,0.844922100011387,1.50080231588639,0.899374133179678,0.658280697297143,-1.3888435715896,1.68681294697777,-0.900511486321369,-0.195318768954514,-0.204314220336806,-0.0263497906827641,0.696852578471788,-1.03670585893662,1.14212706835072,1,1
0.272436433096836,-0.202038481870645,-1.18064114091533,0.844922100011387,1.12382286706319,1.15935912038036,0.803806724810977,-0.922026542282759,0.808582146992694,-1.76123473907298,-1.40322502814394,-0.54963402935676,0.11544666853573,0.937488986274571,0.277252186836449,0.84632946855476,1,1
-0.402205040454446,0.817109057009347,0.368665624020077,-1.50037462651412,1.18386161225994,-0.72758229740064,0.803806724810977,-1.0702189712292,-0.377603026371717,-0.990559746591457,-0.400714433434495,1.17696501574301,0.6645207613603,-1.29281506909364,-0.732148241378069,-0.76423749579437,1,1
-1.22168479646306,0.942491348251769,0.601136058686098,0.844922100011387,0.238192422919102,1.47346541749561,1.53143686238014,1.63792627316512,-1.27793755450211,-1.65914595552361,-1.73031653705656,-1.58559345641662,-1.59434714851782,-0.946541381375216,-0.446254625722803,-1.65612037100502,1,1
0.756501219204253,-1.16994268811369,-0.251221342864209,1.43124628164276,-0.403431277923166,0.17085364270594,-0.651453550327359,-0.740333870023541,-0.624865850594828,-0.901599673986705,0.0048626274965857,-0.204314220336806,0.307039291547049,0.261524032978109,1.50616956692014,-0.898826300164298,0,0
0.0856712794018485,0.401718896991663,0.727418719760828,-0.327726263251365,1.49348575610579,0.665574218759844,0.803806724810977,-0.932881233087478,-1.06023878320423,-0.603494112571633,1.20898990835563,-1.58559345641662,-1.71351799635549,1.22961350234044,1.21360695171535,0.234877089609035,1,1
-1.47324602388897,-1.25196719123354,-0.281102403340009,0.844922100011387,-0.23251923991284,0.321730911604312,-0.505927522813525,1.15901891747294,0.409994694121017,-0.824450234440379,0.174977507275718,0.141005588683148,-0.804497523961073,1.34960929459178,1.23088887800126,-1.44305332690628,0,0
-1.18356945897429,0.893257974757041,0.045058072009533,-1.50037462651412,0.134028381851812,-1.31134581299105,0.94933275232481,-0.281124240527728,-0.500045031576427,1.42797824900347,0.369472821915148,1.52228482476296,0.0088815363275087,1.1426878878503,0.279727187977604,0.548233888247698,1,1
0.188582690621536,0.564450988854238,-1.68214686210539,0.258597918380011,-0.18443573583761,1.58401211497342,-0.360401495299692,-0.272986749825493,-0.712450107080022,-0.959439646289155,-1.64761762324383,1.17696501574301,1.43649792020479,-1.56740064916676,1.28034610480997,0.59437847682483,0,0
0.546866863016002,1.60798200684969,0.694848176362598,1.43124628164276,0.223340999889111,-1.31087888548442,-1.52460971541036,-0.196348005543636,0.874635404624744,-0.143256462940902,1.24943888603924,-1.24027364739667,-1.28518918828609,1.1047754866276,0.975819371130736,-1.13231100960845,1,1
-0.219251420508335,-1.48318416382,0.589338989936937,0.844922100011387,-0.100647584122887,-0.856074912770108,0.658280697297143,-0.290067017483519,-0.933646801246987,1.55818630520529,-0.408904501617755,-0.54963402935676,-1.13708746097668,1.37358740195017,1.58095916002032,0.33526265860778,1,1
0.85941263042394,-1.52463607581138,-1.5743092005135,-0.327726263251365,-1.55216531625389,1.0689825927266,1.67696288989398,-0.601710385494353,0.289964498862624,1.28649289170527,1.65252615000285,0.831645206723056,0.597017210005011,-1.52151322861598,-1.49848564604161,0.371883545226627,1,1
-0.116340009288648,-0.740637498561885,-0.428652113598324,0.258597918380011,1.31310170087653,0.39703901714191,0.076176587241809,-0.741049078360038,-1.05729357961486,-0.692964815453764,-1.33342416912118,-0.894953838376714,-0.424063063166108,-0.285814850260899,-1.62196323648831,-0.0715373100963047,1,1
-0.611839396642697,-0.81196168239412,1.69276081581232,-0.327726263251365,-0.190346025511892,1.15346622297289,-0.214875467785858,1.32211701443112,0.729245153923834,-0.633117114129621,1.54704897853013,0.486325397703102,0.438061395631442,0.127753238645262,-1.11510370541063,1.56221903906954,0,0
-0.26880135924374,-0.863246433084867,-0.246352220632022,0.258597918380011,0.306217310742092,0.0426509224984993,0.51275466978331,-1.17276160382134,0.421265759530923,0.293639712297984,0.46231589596373,0.486325397703102,1.73538668517547,-0.916602905060388,1.49728569728511,-1.34279474704523,1,1
1.23294293781392,1.43260872295689,0.0357084225998428,1.43124628164276,-1.23880189748564,-0.435362699864241,1.09485877983864,-1.10571788795165,1.01551207211629,1.42077430409072,-1.57151065472247,-1.24027364739667,1.69868147199875,0.0592728461633026,0.376466117010904,-0.316815019720177,1,1
0.15427888688164,-0.854305743196777,1.45275166857695,-0.327726263251365,-1.70530731500787,1.44182672711777,-0.796979577841192,0.247476159952803,-1.49035719151628,-1.73231780327716,1.64150480046346,1.52228482476296,-0.497414881765069,1.32844152218446,-0.245239348230934,1.32047321398437,0,0
-0.83290835407758,-0.776287935219067,0.783561739020892,0.844922100011387,-0.874315078682492,-1.60932358868044,-1.37908368789653,-0.54250159220642,-1.00402958021158,-0.401706726185667,-1.70594762799102,-0.54963402935676,0.0235917030884932,1.26309353065105,0.0547774332091756,-0.386637336472747,1,1
-1.55709976636427,0.921197801152369,0.314003630841392,0.844922100011387,0.703476636387369,1.21541667910057,0.51275466978331,-0.272765350119719,-1.19513228328184,1.18430060905161,0.799251222556706,-1.58559345641662,1.41363654618742,1.51363035170815,1.15264088222709,-0.254891199214874,1,1
-1.60664970509967,-0.157153474745227,1.06330905228151,-1.50037462651412,-1.37618838177609,-0.938983640069875,0.94933275232481,1.06089404513866,-1.07115052981466,-0.341447929603593,1.35433651610518,0.831645206723056,-1.40458175101169,-0.0526892502539253,1.49737291597185,0.582613790798297,1,1
-1.1988155939698,0.981485956419993,1.29449574229528,0.258597918380011,1.40530097730977,1.1899423662938,1.09485877983864,1.39718441792425,-1.37181496322073,0.733768964693394,-1.13999789075248,1.52228482476296,-0.155456280888248,-0.305453493639189,0.806521866492847,0.573296892956724,1,1
-0.947254366543899,-1.495692415692,-0.120788087366936,-1.50037462651412,-0.978291284554161,-1.25464773149934,0.51275466978331,1.00549621681829,0.204768045031882,0.636070975197178,-0.554452037961068,1.52228482476296,-0.41464386896579,0.571731825216429,0.910971723691586,-1.63588446033785,1,1
1.48831569898869,-0.0254099689029642,-0.0575039983918723,-0.914050444882741,-1.01411724668126,0.264814602461361,-1.52460971541036,-0.919132017463684,0.31243208826954,-1.05347097059497,0.206977125267595,1.17696501574301,-0.701468378164361,-0.284166193542574,-0.611551702355939,-0.148128399984274,1,1
1.25962367405606,-1.60626719279163,-0.366824941708311,0.844922100011387,-1.09342200090992,1.32559002656941,0.221702614755643,1.66161897453401,1.17121095325692,-0.205564843104217,0.621395528886405,-1.58559345641662,1.72411427944405,-1.57239576315485,-0.10346456219865,-0.568147445502931,1,1
-1.58759203635529,-1.50513997899492,1.64995026737152,0.258597918380011,-1.66891484773559,-0.10272959020142,1.09485877983864,-0.474893558040687,-0.290953617687985,0.19937064808597,1.29263825947308,0.486325397703102,0.820037823175834,0.757787250658333,1.34528401439565,0.443122709889478,1,1
-1.53041903012213,1.43324555738378,0.713764118850524,1.43124628164276,0.93439152343247,0.837935397133686,-0.360401495299692,-1.1472683219683,0.102778577921246,0.71782073372303,0.905390689204274,-1.58559345641662,-0.375902178174581,-0.750825798132734,1.00134646400691,0.195643408303441,1,0
0.203828825617045,-1.23841620726274,-1.41862941210625,-1.50037462651412,1.28900811447791,1.03812541890781,0.94933275232481,-0.0026946501154247,1.6788516731143,1.08918701005791,-0.484646188877165,-1.58559345641662,1.15118265048967,-1.54785336823554,0.649138883989064,0.522758299368832,1,1
-0.162078414275176,0.130773425891303,1.28961008382292,1.43124628164276,0.392850810628209,0.803232549761557,1.67696288989398,0.779415014356533,0.100925320083261,0.872270102727005,1.11735067092711,1.17696501574301,-0.025866235877785,-1.64568396233269,-1.4954423615972,0.532746992570876,1,1
0.474447721787333,-0.291727775526536,-0.0385691760535968,1.43124628164276,-1.07043330686683,1.45383103342421,-0.214875467785858,-1.44445730093041,0.244242688993405,-1.66871967810132,1.62185554103111,1.52228482476296,1.30311083202461,1.48449858918196,-1.58461611141939,-0.838476320489689,0,1
1.06142391911444,-0.513738042652026,-1.46888478316353,1.43124628164276,-0.736947039389872,-0.194738247529992,0.803806724810977,0.464204513684798,1.69469538396893,0.562139050069218,-0.961150555504191,1.52228482476296,-0.800330219965016,-0.850181363128893,-1.2696842268554,-0.867376135891688,1,1
1.35491201777799,1.41024748124883,0.201633195357957,-1.50037462651412,-0.0820230245878208,-1.13775213033984,-0.214875467785858,1.23939312370253,1.68855471589499,-0.0398255503313114,-1.49547930017983,0.141005588683148,-0.948710484439925,-0.177143850663613,0.292716351888728,-0.441746840195861,1,1
-1.33603080892938,-1.64732527507864,-0.25875974395363,-0.914050444882741,1.56146186705056,-1.56950002996714,-0.505927522813525,-0.826115278617352,-0.269343990201704,0.226026710840079,-0.26346245001222,-1.58559345641662,-0.866554485097664,1.55054051333599,0.136801134338098,-0.882866781323264,1,1
0.893716434163836,0.588251485051668,1.34097906243991,-1.50037462651412,-0.867234093737919,-0.885091681688991,0.94933275232481,0.66800728469063,0.455009081466126,-0.471701965990195,1.32591349400742,0.486325397703102,0.143445811994044,-0.109718197574968,1.54442309662092,0.632575821022927,1,1
1.61028477895277,1.63159195790463,-0.999156649678998,-0.327726263251365,0.796433786533404,-1.24086339073384,1.09485877983864,-0.347657310765277,-0.0743709070896314,0.712830870397035,-1.22918648065273,-0.894953838376714,-0.71384870771375,-1.44638036232157,0.685476590757325,0.357770846167057,1,1
1.05380085161668,0.227401036762387,1.16285286443457,0.844922100011387,-0.207335332723004,0.188086600204743,-0.360401495299692,-0.298378159491065,0.749565453322144,0.57342892852882,1.34129459550362,1.52228482476296,-1.21398174442733,0.180427221979065,-0.703032122473145,-0.970769932685395,1,1
0.371536310567646,1.53905799707474,0.229320184864503,-1.50037462651412,-0.693768302390506,-1.0970288203718,-1.37908368789653,-0.760188524416641,1.49711623526641,0.24556197099035,1.7131978400379,-0.54963402935676,1.72558389739493,-1.41342216690802,-1.16199041977407,1.32454339881612,1,1
1.10335079035209,-1.54134054826265,-1.51800940670001,-1.50037462651412,-0.150764786130535,-1.60008534766474,-1.37908368789653,0.429935788714474,-0.662130377797498,1.22538745047636,-1.56570246665731,-0.54963402935676,1.39887146408854,-1.38974413905264,1.22168280257171,-0.131060314675914,1,1
0.623097537993548,-0.264921327371432,1.66779998789676,-0.914050444882741,-1.47233323109411,-1.61022794559259,1.67696288989398,-0.482435316281362,1.08667674104311,-1.41313983209715,-0.0235880977500499,0.831645206723056,0.478264674530648,1.20993937371229,-0.129139957504029,-1.27785927973443,1,1
0.0475559419130755,-0.817352048164941,0.0727677076290381,-0.327726263251365,1.02673730622722,1.13079717640922,-0.651453550327359,1.14526204780515,0.523359151253194,-0.721566419623102,-0.605028357018191,-1.58559345641662,1.36803544777143,-0.721826051505208,0.54242873847743,-0.982531230027115,1,1
0.737443550459867,0.821680516408785,-0.697390700030729,-1.50037462651412,-0.881144904606744,0.303508860163355,-0.942505605355026,1.60250460060258,-0.763355087550353,-0.0474144257914311,-0.378582179667079,0.831645206723056,1.52037063078268,0.616008123584302,0.23642764048998,0.141152216257391,0,1
1.21769680281841,1.69393598280636,-0.077306955530838,0.844922100011387,0.775019254506766,-0.500506547353652,1.09485877983864,1.50614685302476,1.01257965916015,1.56227488998235,-0.176038857466887,1.17696501574301,0.620804837136623,0.0325974552336458,-1.34920940134135,-0.551261609473908,1,1
-1.69431498132385,-0.829985212398598,1.27188999117078,0.844922100011387,-1.48215233552431,1.34667580029331,-1.67013574292419,-1.16783931565416,-0.258688778526062,-1.51711253852116,0.830718055674833,0.486325397703102,0.0747671355432885,-0.95242873859581,-1.5238108880025,1.21150688143286,0,0
-0.882458292812985,0.554768013629084,-0.648673606463553,-1.50037462651412,1.56404724417278,-1.49237469484053,1.09485877983864,-1.68374519767528,-1.31211595363128,-0.596346809527912,0.312068349978101,-1.58559345641662,1.33494239351976,0.0631725736049077,-0.415324451560796,-0.0139333873629231,1,1
0.203828825617045,-1.03346970059922,-1.03846789560362,1.43124628164276,-1.05389261414563,1.64329712949315,1.67696288989398,-0.214090510840313,1.6861059670554,1.44865525676601,1.60481596502609,0.486325397703102,0.245129240892328,-1.47942949193115,-0.468912272118813,1.43176055459247,1,1
1.21007373532065,0.245377379753732,-1.25938607187987,1.43124628164276,1.31548538014736,0.389096968671065,-0.942505605355026,0.791877894795313,-0.263794525710875,1.35160668873428,-0.591471492060096,0.141005588683148,-1.28445828635727,-0.523201048608859,0.612856317801333,-1.36457746793729,1,1
-0.196382218015072,-0.107729157383541,-0.673138403918463,-0.327726263251365,1.06378924919312,-1.10213162343751,-1.52460971541036,1.65290374042051,0.134263798798204,1.23802963851817,0.138040426625313,-0.204314220336806,-0.451830653143795,0.0804121391051492,0.468742933386013,0.583711237428714,1,1
1.60647324520389,1.66157845096232,1.0016355170842,0.844922100011387,1.60788560389485,0.60538477352287,0.94933275232481,0.980793870567756,1.04919656334878,-0.695979523855393,1.08802445386377,-0.204314220336806,-0.177595424710328,-0.931574446052024,1.63536540056455,1.33031863253348,1,1
1.31679668028922,0.395806228466488,-0.0695979410517067,1.43124628164276,-0.0752763386130809,0.89586699638746,-0.796979577841192,0.278063121968416,1.57435262943547,1.17409073691317,-0.450755732458433,-1.58559345641662,1.52004556004646,0.55248588824309,1.25136023910802,-0.707647931036436,1,1
-0.215439886759458,-0.50620547425402,-0.917579839294524,0.844922100011387,0.781838791861207,-0.255001848894214,-0.214875467785858,-1.64161518305673,1.2721732376987,-0.0119576388792809,-0.12828374321439,0.141005588683148,0.562108370335948,-1.53848210589935,-0.0010991573090122,-1.24817819073809,1,1
-0.924385164050636,-1.32599686598309,-1.13047980227999,-0.327726263251365,-0.44346536014725,1.23437414940879,-0.214875467785858,1.12668756095484,0.0775998873733495,0.385501061710757,0.639447330417274,-0.54963402935676,1.31161953603492,-0.0502830325603465,0.0108283621008695,-0.144871968080919,0,0
-1.65619964383508,-1.19662245550346,-0.552025033087417,-0.327726263251365,-1.08359626541849,-1.21490325079108,-1.23355766038269,-1.11928707056516,0.14849397518863,-0.937587095695503,1.25373488272438,-1.58559345641662,0.903428438522492,0.740857890143648,0.614003454870907,1.59002338311957,1,1
1.55692330646849,-0.938681501852448,1.55692982494287,1.43124628164276,-0.194873279968245,-0.773540154286322,1.09485877983864,-1.5402837705023,-0.760943734400363,0.687295565376466,-0.301689967026003,0.831645206723056,-0.649517084829263,-0.23884815000687,-1.3262253852582,0.462945955079981,1,1
0.398217046809787,-0.849359142806838,-0.516259900369588,-1.50037462651412,-1.14755776114869,-1.41211342256658,0.51275466978331,1.21265505284316,-0.136187285687866,-0.628925754154178,0.104652049408389,0.831645206723056,0.768564531359372,1.28936538150604,1.7425890307122,0.499091949841978,1,1
1.68651545393031,1.23885370758467,1.7243406489627,0.258597918380011,1.65661344627694,-1.00768309421869,-1.08803163286886,0.228534775244518,1.52614429637368,-0.572719585012523,1.65346837630021,-0.54963402935676,-1.04687018245721,0.456266841864519,0.0759003547675107,0.593708050617233,1,1
0.0437444081641982,0.231073581671939,-0.0223471932800222,-0.914050444882741,-1.38631560275974,-0.911727635648221,1.67696288989398,-1.28760964242889,0.770945748067742,0.44467676007171,-1.60600874277346,0.486325397703102,-0.308617754889351,1.57774912350722,1.43083763019766,-1.57792937087905,1,1
0.920397170405977,0.0993282451885801,-1.08540044840793,0.258597918380011,0.307138212479343,1.42731398350655,-0.796979577841192,-0.393955619486268,-1.68480833371727,-0.934089633791033,-0.187942420656544,-0.894953838376714,1.0716502767885,-0.740041042305141,1.62987564618132,-0.182667612586644,1,1
0.47825925553621,-1.32365291484773,1.3874886006851,0.258597918380011,0.435108220483916,-1.46511162538017,0.51275466978331,-1.43659153640117,-1.32547678669248,-0.987551633114121,0.468225484131127,0.831645206723056,0.398200787197848,1.51002858240651,0.293588149853531,-1.44795342301826,1,1
1.57979250896175,1.27201871728354,-0.108745196080644,0.844922100011387,0.13148690766789,-0.261643261959589,0.367228642269476,0.47710368651813,1.44706024739661,-0.484911073929472,-1.72497918715364,0.486325397703102,1.13866356713532,0.369070371344071,-1.36344033944782,-0.62883056835675,1,1
1.1185969253476,0.793798200343586,0.757197732679899,-0.327726263251365,0.557821963364134,0.100058533203233,-1.08803163286886,-0.754600446916801,1.18917094970559,0.935238702016752,0.331243854116368,-0.204314220336806,-0.84082910950118,0.84459622287645,0.264843801848721,1.10967663937096,1,1
-0.794793016588807,-1.48767524314765,1.70901484819072,0.844922100011387,-1.31783655624082,1.36205918420818,-1.67013574292419,1.26716042821955,-0.0559562604447031,-0.986706540112843,-1.55802176501682,-0.204314220336806,0.876225603689199,1.38413867794633,0.349018385369086,0.541349678773914,0,0
0.43633238429856,0.741634768518352,-1.53341321774274,1.43124628164276,0.189676371511249,1.70315659084276,1.09485877983864,-0.493530949374652,0.393299444580965,0.967381355983879,1.24260093215743,1.17696501574301,-1.02250540701066,0.177887788266017,1.01263721623782,1.70771984398027,1,1
-1.34746541017602,0.169489014913748,-1.37183921014804,-0.914050444882741,-0.730301313033884,0.861437432423586,1.38591083486631,-0.0195390269213337,-0.730862325500128,0.648853256089311,1.06620811622845,0.141005588683148,0.167113321458194,1.24672768290647,-1.55439896784449,-1.12282164591149,1,1
1.71700772392133,-1.4387233481272,0.794658385850054,1.43124628164276,1.51278490188553,1.61045951858026,1.38591083486631,-1.51286051606225,0.997232032836856,0.59145902952092,-1.64170516669741,0.141005588683148,-0.220557261320596,0.145235762970447,-0.105958374382511,-0.349717297580654,1,1
1.0842931216077,-0.127341436662875,-0.728830267655283,-1.50037462651412,0.900953534030075,0.977589505895457,-0.505927522813525,-0.778274957470979,0.34638385241383,-0.118177781789901,-1.58386938654962,-1.24027364739667,0.205862092445599,0.342868107713159,1.47540917908881,1.0685676388702,1,1
0.135221218137253,-0.0354215136864724,-1.06755657217872,-0.914050444882741,1.62387512733249,1.58431523953557,1.24038480735248,0.6113520203052,0.66065193778844,0.823489210433067,0.879331247937266,-0.204314220336806,-1.25416845976487,-0.186769483486504,1.71282421191974,-0.973160419560982,1,1
-0.162078414275176,-1.14603130362626,-1.57097137457145,0.844922100011387,-1.58793127770825,0.70254835243654,-1.08803163286886,0.817438185965697,-0.438039576163436,-1.7200934750118,-0.462930106661913,-0.54963402935676,-0.471351693818078,-1.21600322212207,-1.05845037593303,-1.18618455458427,0,0
-0.83290835407758,1.56996659051728,-1.63180636925312,0.844922100011387,-0.737444536872891,-1.45941397621511,1.38591083486631,-0.891789442681492,-0.247338414617923,-0.705645826585303,0.255193555897057,1.52228482476296,0.588879345195472,0.185813586427373,1.29466416299351,-0.244671541853944,1,1
1.14146612784086,1.23662258803577,0.982315480706492,1.43124628164276,-1.04562192642616,-0.349481419532918,-0.942505605355026,0.0122811311904618,-1.01235218163352,0.591659021818104,-0.809676719948353,-0.894953838376714,0.212989598620477,1.64289788306403,-1.21480857699888,-0.395532090952799,1,1
0.783181955446394,0.60647361525668,-1.24076174457858,0.844922100011387,-1.67862670248819,0.493509037423854,-1.37908368789653,1.09894319309099,1.53031238835607,1.66192003444537,-1.14993260718334,1.17696501574301,0.179827336185467,0.988973161229392,1.19272409736215,1.65489584557902,0,0
-1.06160037901022,-0.113429570451908,-0.0831636822158823,0.844922100011387,-0.884498377982133,-0.525887491485881,-0.942505605355026,-0.416929912574818,1.52517629451218,-1.75831547656189,-0.719688515236604,0.486325397703102,0.0475407214694027,0.852568558178603,-0.760870821704595,-0.146223643512718,1,1
0.348667108074382,-0.289394786945012,0.396760257073033,0.258597918380011,0.614812928624296,-0.792329767214488,-0.651453550327359,-1.26952925410938,1.08281683596566,0.0041326872752018,-0.892205955277551,-0.54963402935676,1.54958277055677,0.494472223389056,1.60309170481098,1.24493501503553,1,1
-1.57615743510865,0.543620416602594,-0.219902404812565,-1.50037462651412,-0.923099509097841,0.25509985056821,-0.942505605355026,-0.236945123664387,1.48739231221587,1.44152109230542,-0.187667301020231,1.17696501574301,1.51727314060535,-0.520807807448216,0.688030278351813,1.33781478397322,0,0
0.287682568092345,0.176083449257936,-1.61353714989643,0.258597918380011,0.0316035389587627,1.48198665557931,0.51275466978331,0.347615864553077,0.559347738173435,1.23210389758732,0.855084837496658,1.17696501574301,-0.475107720585211,-1.13359633035937,-0.338786279495698,-1.1719191766434,1,1
-1.10352725024787,-1.50646362684974,1.0136301789958,0.844922100011387,1.33292279081542,-1.61370067252243,0.51275466978331,-1.70727118368847,-0.919729469231634,-1.68669387717292,0.182163968782908,0.486325397703102,-0.503722548793501,-0.944781798345052,-0.748067572351033,0.744284932682795,1,1
1.48450416523982,0.0614110722190729,-1.67117068793776,-0.327726263251365,0.666279475186122,0.916021914137919,1.24038480735248,-0.525497583278325,0.885203923481037,0.0721561931632756,0.374551283563413,-0.204314220336806,0.20039090741603,-1.69482908621449,-0.906517214154094,-0.760322665907937,1,1
0.950889440396995,1.08488876212793,0.938567120334892,0.258597918380011,-0.361299874893372,0.75580109283516,-1.37908368789653,0.371195137955549,-0.608497037896914,-1.75215851645591,-0.111580500586509,1.17696501574301,-1.3926549591708,0.598171031860526,0.637087459464607,-1.3889411471431,0,0
-0.787169949091053,-0.124070650702239,1.39500616403834,0.844922100011387,-0.437425240168857,1.58690193075802,0.658280697297143,1.56442436179679,-0.212845255104166,0.975218588884892,-0.619538440606356,0.486325397703102,-0.673290693310822,1.07383720895279,1.38194075427065,1.29223078047423,1,1
-1.38558074766479,-1.54238979829403,-0.204313928091526,0.844922100011387,-0.151383551886513,1.47237196326378,1.24038480735248,-0.317728900795032,-0.783393064004077,-0.694297206305452,-1.25289088708625,1.17696501574301,-0.923503864086846,-0.792318872847971,0.893975579644849,-0.709357887325107,1,1
1.32060821403809,1.01480421536341,0.152400279078457,-1.50037462651412,-1.10876557037504,0.891909367149408,-0.942505605355026,-1.16838005572756,-0.270747003169379,0.891918950854794,-0.515280888974796,-0.894953838376714,-0.949440804365719,-1.40087124151028,1.17061083776222,-0.527399327669199,1,1
0.489693856782842,-1.02209569582485,-0.0509915115930637,1.43124628164276,0.460999321557896,0.0587494347371624,-0.942505605355026,0.11758007996112,0.607391430678044,1.51430638248552,0.570333518622433,1.17696501574301,0.490380382950499,-0.562675564944667,0.985582006163771,-0.600882574768796,1,1
0.886093366666081,-0.822704328085455,-0.355857440362639,-0.914050444882741,-0.465993106405498,-1.03045763767428,1.38591083486631,-0.74308266701752,-1.34572625883931,1.62298538531669,0.810005745873493,-1.58559345641662,-0.391151900141923,-0.712787911463737,1.6707261879436,-1.02608555621116,1,1
0.409651648056419,-1.14975114603962,1.37458345142303,0.258597918380011,1.21113403695365,0.144286190196568,0.94933275232481,-0.988925571468966,-1.36428402845889,1.33828256441035,-0.114715559257013,-0.204314220336806,-1.13058320795827,-0.166911426306997,0.903894166847802,-0.220983986248406,1,1
0.474447721787333,-0.573385322783773,1.39719091265319,0.258597918380011,0.881994467981862,0.902656802591575,1.09485877983864,0.312196127989636,0.622683216258734,-1.05803897754765,0.499732982182724,-1.24027364739667,1.35426201200968,-0.808848259934424,-0.993159807214599,-0.242333100997936,1,1
0.748878151706498,0.9119807629192,-0.541303421691704,0.258597918380011,0.380313770422735,1.35164108918389,0.367228642269476,1.43962570414251,0.95172879763621,-1.09118368027433,-1.018623611386,-1.58559345641662,1.30770405579267,-0.548908327271421,1.02097036993451,-0.309506936204211,1,1
1.32060821403809,0.0853810940180492,0.428620396271211,0.844922100011387,-0.465823393378835,0.98658480684409,0.94933275232481,1.16023023495385,0.168312058568401,0.406345133186974,1.25136573542324,-0.894953838376714,1.2671722117912,1.40267650880713,-0.605692210881061,1.43520823409833,1,1
-1.60664970509967,-1.00984641804822,1.51171886152778,-1.50037462651412,-0.99577918955452,-1.06146763090797,-1.52460971541036,-1.10145665270922,-1.10178538680615,0.122500591992831,1.27188092353247,0.486325397703102,-0.36897232836457,-0.565740358336251,1.72841697671628,-0.546697876016172,1,1
0.649778274235689,1.3336235301771,1.63380773177635,0.844922100011387,0.949322434935539,0.331885819748684,-0.651453550327359,0.920027299445006,-0.24624341161872,-1.73393344289719,-0.634935719755546,-0.894953838376714,-1.52662095604123,0.983240478177011,-0.41652166203928,-1.61018207118279,1,1
0.405840114307542,1.33972389956804,0.0600687067623594,0.844922100011387,-0.0460134607015886,-0.58978108967149,-0.796979577841192,-0.936658041983637,0.878215095329716,-0.406542802296696,0.159736965857804,1.52228482476296,-1.35403088566183,0.434410900275093,-0.707116235404044,-1.10122495660427,1,1
-0.417451175449955,1.30837044847475,-0.134900929185196,1.43124628164276,-0.944875095930515,-1.70250790484483,-0.651453550327359,-0.725940197275288,0.629425081714896,1.38197345539872,0.365757279308228,1.52228482476296,-0.766796140005735,-0.556451640524111,-0.892734024247167,0.765571188732755,1,1
1.32823128153585,-0.89174139174635,-0.739704005841999,-0.327726263251365,-1.04647376834474,-1.04439952244177,0.076176587241809,1.45406312440621,-1.34828510941904,1.35303569763299,-0.103362576614144,1.17696501574301,-0.961301842480743,1.09415211906836,0.559907451094665,0.316494915158176,1,1
-0.451754979189851,-0.151931625442989,1.62273970419856,-1.50037462651412,-1.14875360554347,-1.34414319148437,1.38591083486631,1.42288336962196,1.60275799721726,-1.05886060377341,1.42986780043818,-0.894953838376714,1.30713845837393,0.328697987241627,-1.34309553074873,1.5570248879976,1,1
0.726008949213235,1.70679493517576,-1.2116526535979,0.258597918380011,0.952789732796537,1.16921118304649,0.367228642269476,-1.14877960775137,-0.958495964879479,-0.440455054050891,0.830763454892861,0.141005588683148,1.6969004733897,-1.68693562062071,1.58207845214775,0.672544315853483,1,1
0.215263426863677,0.965125409018944,0.306221566892119,-0.914050444882741,-0.930319479244435,-0.843588060674009,-0.0693494402720245,-1.51054504613212,-0.96871090680359,0.179154813935522,0.595887385553277,-1.24027364739667,1.1083530599148,-1.48034143684041,-0.701853995317914,-1.04689562299907,1,1
-0.386958905458936,-1.62871529965873,-0.726311225555402,0.258597918380011,0.0921971097678588,-0.753349262066379,0.367228642269476,-0.717568507893731,-0.146303505194322,1.19475037502789,0.0632128089293361,0.831645206723056,0.807203088998636,0.870238254167582,-0.698084902196686,-1.29989055372507,1,1
0.0894828131507258,-1.49625505251603,-0.738613486338671,0.844922100011387,-0.165775327942075,1.57306259194369,0.221702614755643,0.282308949682116,-0.601742018008825,0.0806177290179438,-1.45790365905049,1.52228482476296,0.317367776803123,-0.181857315145233,-1.56189317801419,0.0755266785810952,1,1
-0.83290835407758,-0.107733022404246,-0.301118734780745,-1.50037462651412,0.274157078422701,-0.428149968632442,-0.796979577841192,1.30456199796799,1.65371912087781,1.59559921380217,-1.37761294766424,-0.204314220336806,0.94614831761791,-0.322841629473162,-0.869170419597298,0.572262831725228,1,1
-0.98918123778155,1.44293618594054,1.76139653327243,-1.50037462651412,1.29629209101555,-1.70119877779742,0.658280697297143,-1.32125864459964,-1.46290775589992,1.00813374282109,-0.709442525041655,-1.24027364739667,1.56050294150249,-1.21535489923741,-0.269951868984856,-1.14522651881682,1,1
-0.855777556570844,0.152646718100188,-1.51677290820216,-1.50037462651412,1.26397503669332,-0.756284054888505,-1.08803163286886,-0.295526129952653,-0.673189271951367,1.54312794683203,-1.01519451774309,0.486325397703102,0.36148868484664,-1.17585932118549,-0.441002299377196,0.353738720874111,1,1
-0.245932156750476,0.0102542782023236,0.301748829756663,-0.327726263251365,-0.167390883969311,-1.32319934096159,1.09485877983864,-0.791586117748547,-0.411209608604342,0.773491912141521,1.5745152615589,-0.894953838376714,-1.18799047939192,1.02528969954522,-0.77562180025202,1.2589682657493,1,1
-0.276424426741495,-1.35602232528611,-1.42089019519475,0.258597918380011,-1.66415862842433,-1.38001614854495,-0.360401495299692,-1.68118653173477,-0.0309045615503158,1.28102154891542,-0.322201037578696,-0.204314220336806,-1.15592412466311,1.13274533702429,-1.58033190233674,0.786443481930171,1,1
-0.634708599135961,0.563841391173687,-1.17099267109725,-0.327726263251365,-0.252008626334788,-1.46725598666307,0.94933275232481,0.998196338995848,-1.66925282183453,1.11910478485916,1.30916737156085,1.17696501574301,0.300853173764174,0.208151480871076,-0.680136382014397,0.568578963183261,1,1
0.699328212971094,1.13956068941804,-0.180963028267256,1.43124628164276,0.365474816715878,0.309743296907765,0.803806724810977,1.08423240398246,-1.44274023322649,-0.885443560834852,1.10462899121352,-1.58559345641662,-0.567634403812183,-0.702213811039565,0.975005615357293,0.998753879658758,1,1
0.680270544226707,-0.39855215030404,0.0652824083534697,-0.914050444882741,0.199110347077629,-1.08186119828251,1.67696288989398,-0.966584616376315,-0.840198405802285,-0.969846850218518,1.08537445979812,-1.24027364739667,1.4329116427175,1.48910256965459,-0.201310860488185,-1.35682157097693,1,1
1.12621999284535,0.977659833916191,-0.808828803978027,1.43124628164276,0.52055036694813,-0.489627982162733,-0.360401495299692,-1.20901852815491,0.177019407663708,1.23503532856133,-1.00056769844266,-0.204314220336806,0.397205929646372,0.427979275154162,-0.714108920499122,-1.01393026645706,1,1
-0.726185409109016,1.63536066853967,-0.608543364491999,0.844922100011387,-1.18765828790733,1.2357009755062,-1.52460971541036,-1.23215525760975,0.911170935813237,-1.4729544242478,-0.191111907415172,-0.54963402935676,0.622137848899943,1.02147353151075,-0.665548390459746,-1.58364216155222,0,0
-0.345032034221286,-1.01372863834307,-1.40562563008402,-0.327726263251365,0.504057756270524,-0.272244438530841,-0.942505605355026,-0.125834448323941,0.632042878092017,-0.348068941210168,-0.643239243984976,-1.58559345641662,-1.70407445679232,-1.70527460586363,0.199337078092059,-1.2162421511403,1,1
0.992816311634646,0.0991148437254678,-0.654520311092427,-0.327726263251365,-1.08949326437821,1.42062372379797,-1.37908368789653,-0.879064018425383,0.221743897455922,1.08317209610014,1.63700318285402,0.486325397703102,0.0059829160283705,-0.168824990841644,-0.674207645389487,1.42449887540062,1,1
0.0246867394198117,-0.723396593494711,1.64943726243731,1.43124628164276,0.861284508342369,-0.0186693160284273,0.94933275232481,0.0383834653738645,-0.361375380823716,1.05740717531008,1.3096526748064,1.17696501574301,-0.228777119436957,1.27686400749607,0.463881993490612,-0.950976790399626,1,1
-0.146832279279667,1.03770517459035,1.5735425298208,0.844922100011387,-0.552098100592807,-0.36010530682005,-1.08803163286886,-0.399812810084854,1.26464059316644,-1.28504251599958,-0.880987643396152,-1.58559345641662,0.724039176599194,-0.554061789229364,1.70643379914423,0.561381199145548,0,0
0.76031275295313,0.288082311621938,-0.544561612423172,-1.50037462651412,0.721715703183355,0.851104275983747,-0.796979577841192,-1.0023969870944,-0.146594406993029,-0.0731869036871174,-0.658727102173368,0.831645206723056,-0.397088807782594,0.780573385237812,-1.57883331786067,0.662685910391799,1,0
-0.501304917925255,0.486540395164709,0.275046701609681,0.844922100011387,-1.55251557218787,-1.48211285810294,-0.796979577841192,0.869150753436919,-0.697869575006895,-0.100545833794355,0.0940234091958538,1.17696501574301,1.66296781522815,0.543847745673659,-1.13690616344551,0.503727446106186,1,1
0.867035697921695,1.05532516281138,1.45158893055323,0.258597918380011,-0.31584836854932,-1.42594285613299,-0.360401495299692,-1.21205414636347,0.435736691432008,-0.642733559517377,-0.780748095508089,-1.24027364739667,0.600323078171882,-1.19338862713184,-1.10097702678296,0.189520214065275,1,1
-0.855777556570844,-0.344399371437754,-1.68620789135543,1.43124628164276,0.705017307558343,0.512032550017234,-1.67013574292419,1.0344150147642,0.651342512608633,1.41840667736794,1.12717172340974,-1.58559345641662,0.564650283734142,0.946759772823126,-0.17263198673765,-0.0435137112214156,1,1
1.40827349026227,1.46337733450007,1.10804097555257,0.844922100011387,-0.937590744854855,-0.0565586523193674,-0.214875467785858,0.211892545359796,-0.357125743167993,0.501289677098474,1.10865363336306,0.141005588683148,1.46445320341433,-1.32980720166242,-1.57799383080835,-0.271112197492339,1,1
-0.821473752830949,0.132891362937696,1.58626225723131,-1.50037462651412,1.01505637036037,0.989007696241058,1.53143686238014,1.14919058723232,-1.62894478664308,1.63723352276118,0.777024955675248,0.486325397703102,1.72758491708726,0.785257693123012,-0.0671349591864617,1.43727402792104,1,1
0.893716434163836,-1.17326260629395,-1.39048661741503,0.844922100011387,0.449934296104696,1.4226202419166,-0.796979577841192,-1.71641409403031,-1.40232052750797,-1.5351628081211,0.654599757796092,-1.24027364739667,-1.03812630538642,1.68936602169538,1.49673116815128,-1.68190499634972,1,1
0.81748575918629,0.700069038605908,-1.14693379512727,-0.327726263251365,0.301470233998145,-0.396176882928811,-0.942505605355026,0.862211634213156,1.1784543893912,-0.397433500468663,0.158301522314415,-0.204314220336806,1.08705479013085,1.57599116983478,-1.68142383806621,-1.53073782358839,1,1
1.43876576025329,1.03912226830025,1.62925011361466,-0.914050444882741,-0.502420269296489,0.320597966273008,-0.942505605355026,-1.55445429205607,-1.53139433587281,1.13346174828527,-0.541328666860598,-0.204314220336806,-1.16126149831919,1.033845313386,-0.457172724171102,-0.021574861291936,1,1
-0.287859027988127,-0.620235261193597,0.159338738246345,-0.327726263251365,-0.059608864250476,-0.009165149418329,0.076176587241809,1.55814351954426,0.307583729919771,-0.299021708927718,1.17053744620031,0.486325397703102,-0.139017247646739,0.120560016913328,0.914595333174676,-0.578466155543067,1,1
0.847978029177308,1.2617093243844,-1.65837719228668,-0.914050444882741,0.335092743151376,1.64773670767261,0.51275466978331,0.701317058088276,-1.0946819501959,-0.857521478653803,1.24705257561558,-1.58559345641662,-1.37677237084402,0.602790845855021,-1.18624782010701,-0.311299318115143,1,1
0.604039869249161,1.43222104329926,-0.812859225643182,0.844922100011387,-0.093924699751046,1.12912588352543,0.076176587241809,-0.623855637007564,-0.939392901608347,1.69842959673416,-1.58140396878688,1.52228482476296,0.437886502867067,0.785925474100251,-1.45278741099248,1.71554309185489,1,1
0.0856712794018485,-0.759033525940026,-0.144907889533453,0.258597918380011,0.681928379178347,1.40700216980128,-1.52460971541036,-0.624970310790537,-0.786883027947115,1.26539523995845,-0.361319191839923,0.831645206723056,-0.0992174404829031,-1.68768214092409,0.463816922000724,0.949953198435367,1,1
-0.825285286579826,1.70168214841391,0.698977194889454,0.844922100011387,-0.227092394011658,-0.857941823329313,0.94933275232481,1.25122044259756,-1.59409300795142,0.130905402390901,-1.66137259791562,-0.204314220336806,0.456366461529295,-1.36472872725363,-1.68701262678373,1.3015226324271,1,1
0.924208704154854,-1.23331047754432,0.838781609609524,-1.50037462651412,-1.02208848906673,0.927374994301245,0.94933275232481,1.39444471259648,-1.11691608072669,0.183819959092746,1.17941065201348,-0.894953838376714,0.627230060811764,0.335513704430538,1.05621089796835,-0.447617593886968,1,1
-1.2826693364451,-1.01982557383911,1.74968665440948,0.844922100011387,-0.982031527526534,-0.819584622253065,0.94933275232481,1.3554175334766,0.508423497738254,-1.74321232002961,-1.13551857620935,1.17696501574301,0.424225100755179,-1.69409890084681,-1.48987873163335,-0.891110096800438,1,1
1.45020036149992,-1.08178017313854,-0.709080544896261,-0.914050444882741,-1.69700804737188,-1.01503990692411,0.803806724810977,1.06849273904332,-0.0128464496639225,1.6400366243626,0.600627345263817,-0.894953838376714,-0.704429246585504,1.40731940718633,0.0951147716952684,0.925394547587795,1,1
0.180959623123781,1.38989766485622,0.161700420165992,-0.327726263251365,-0.683083445012944,1.51907303564419,-0.942505605355026,1.10414220760293,1.01268072262833,1.03328943279117,-0.505459124312428,0.486325397703102,1.17871290003525,-0.0336040739717001,0.842652240630765,1.06147211606068,0,0
-0.0286747330644704,0.555178764451107,0.144693341505977,0.258597918380011,0.855766344397268,-1.66771449989992,-1.52460971541036,0.251109101775128,-1.51527302976848,-1.6394835623969,1.09758957018114,1.52228482476296,0.18924925650465,-0.830621362750992,-0.883050860549045,0.175692315937693,1,1
0.43633238429856,-1.19363646487371,-0.298768466588356,0.844922100011387,1.01119400665677,1.59184692113431,0.94933275232481,-1.6351095003595,1.32715813611975,-1.15463699778572,0.0268443400278291,0.486325397703102,-0.0252243155351357,-0.363008145727388,-1.36277684638238,1.3652326670149,1,1
-0.69188160536912,-0.18994513248375,-1.12014022994282,0.844922100011387,-1.02142081463259,-1.21996962673055,-0.942505605355026,-1.43232535164289,1.69634769085076,1.08446915715903,-0.620697735390454,1.52228482476296,1.69934791581979,1.20753121864814,-1.11304988730812,1.61061784991008,1,1
0.230509561859186,0.419384626435906,1.68728944346779,-0.327726263251365,1.5776007793472,1.08900058599451,1.09485877983864,0.517085498069878,-1.67154164258864,-1.46535595576388,-0.622554396400923,0.831645206723056,-0.740921877003245,1.47017196032996,1.2395258995168,-0.0954539539613698,1,1
1.36253508527574,-1.43266838058938,1.25611924961114,0.258597918380011,0.0089287161030765,-0.783583361980424,1.53143686238014,-0.343304821210321,1.59758208977053,1.50386066105013,-0.611872143178682,1.52228482476296,0.107199251772363,-1.3170622802765,0.723657145309832,-0.949183283531586,1,1
-0.242120623001599,1.34959477988172,0.0231616444134982,1.43124628164276,1.43309656323565,-0.525943243706185,1.38591083486631,0.232202219254475,-0.915571051978653,1.70566584629634,1.00152946368622,0.831645206723056,0.642365905437948,0.957265911766899,-1.03518527536225,0.0629910740892664,1,1
-0.238309089252722,1.07513778628626,0.387551241784515,0.844922100011387,0.710962881917116,-0.987425068579172,0.367228642269476,-0.932470233344292,0.652812885329182,1.31161487285116,0.730806207189389,-0.54963402935676,-1.2899197898971,0.270788723896802,0.759481364018575,1.68695884648259,1,1
-1.2826693364451,0.0360039919764742,-0.918345870562336,0.844922100011387,0.764786704952253,0.28305783383634,-0.942505605355026,0.516614145882199,-0.721117690823617,0.799233676217021,-0.638828346577536,-1.58559345641662,-0.495589959387587,0.295794845126426,0.733488848633185,-0.707660360784591,1,1
0.623097537993548,1.64458886653979,0.181036032803286,1.43124628164276,-1.42480014775318,-0.53492443004117,-1.37908368789653,-0.891762808160197,0.0664715802265246,-0.0746714758712574,-0.0412310656970665,-0.54963402935676,1.05637806828222,0.962392104249799,1.73508686879456,0.408417468347232,1,1
0.668835942980075,-0.268516336800193,0.70613638608207,-0.914050444882741,-0.961223097647447,0.53070385108976,-0.214875467785858,-0.136691653119981,0.0273397405661498,-1.48076249531,-1.48828763801085,0.141005588683148,-0.903072195218192,-0.950648405691583,-0.364958776594325,0.67099245755264,0,0
-1.40463841640918,1.70373274074698,0.0816307562040915,-0.914050444882741,-1.68666431874935,-1.68031436890419,-0.651453550327359,-0.0746633290818089,-0.485448076799485,0.769859104455422,1.1375524645684,1.52228482476296,-0.0132955468125397,0.108625304824882,1.27475914011251,-0.979220160368724,1,1
0.950889440396995,0.602634842987711,1.73184672493017,-1.50037462651412,0.743124829407882,-1.51243239995683,1.38591083486631,-1.11747477474343,0.738683199948601,-0.388698739136797,-0.824961281263547,0.141005588683148,0.463066378121049,-0.618953991602502,-0.174806389586786,0.308246570676568,1,1
-1.2826693364451,0.486849825347162,0.415671687473094,-0.327726263251365,-0.5337172479895,-1.39085997409959,0.803806724810977,1.30219286187019,0.333742263018365,0.213408603175328,1.35327126478222,0.141005588683148,0.603649946525628,-1.39172222743931,1.38876303248223,-0.633477528896583,1,1
-1.70574958257048,-1.14540323677997,-0.4191922837382,0.258597918380011,0.985394693132988,-0.290657784888624,0.658280697297143,0.0884901433180774,0.0199851370871693,-0.748075837093874,0.331279471631481,0.486325397703102,0.80186696831488,-1.3554034680998,-1.40414127418312,1.22177715501178,1,1
0.733632016710989,1.34789324911852,0.974210331231387,0.844922100011387,-0.55261817297951,1.07300773193319,0.94933275232481,1.26954929170052,1.64978107304571,-0.926017864146993,0.230011018485739,-1.58559345641662,1.27936181656092,-1.24751016330884,-1.11412434062413,0.742390050131158,1,1
-0.874835225315231,-0.234637182531333,-1.11562282685536,0.844922100011387,1.0976625784526,1.3258311691003,0.94933275232481,-0.823502764476663,1.50268945723813,-0.640734773390954,-1.18575522517423,1.52228482476296,-0.361638224012205,0.396831631324107,1.22314176692652,1.12572107104699,1,1
0.443955451796315,-1.15836291333369,-0.372156842394734,-1.50037462651412,-1.26796553463033,-0.890773457848218,1.67696288989398,-1.13594524919123,1.55566896812189,1.05945175542623,-1.51141660587971,-1.58559345641662,0.726675461657366,-1.35282315661208,1.11694222007757,-1.02819287185557,1,1
1.54548870522185,-1.67941854903692,-0.502602157140004,0.844922100011387,-1.12136700682552,0.244662111270391,1.24038480735248,-1.67049113035151,1.30114548708792,-0.285803568178547,0.176876874696852,0.486325397703102,0.815269889860724,0.242869306428775,-0.663325396027686,-1.59575880802746,1,1
1.09191618910546,0.225964551647654,-0.207901216648264,-0.327726263251365,-0.545952709588849,0.913037542127613,0.658280697297143,-1.40776156229975,-0.849314118869376,-0.68445769339138,-0.118882883353668,-0.54963402935676,-0.682768560832444,0.305398758689352,0.346093972737697,1.20911348111,1,1
-0.855777556570844,0.113288137997563,1.00765032248512,-1.50037462651412,-0.31369322516464,-0.739115064142995,-1.23355766038269,-1.22207618405716,-0.523670096505843,-0.263301899985326,-1.33615831118794,0.141005588683148,1.63377333298637,1.39010316395626,-0.395641036741542,-0.38512418554907,1,1
-0.245932156750476,0.781746761216068,-0.0260199162486076,-0.327726263251365,-0.519067590610854,-0.325062555344322,-0.796979577841192,-1.45975150315275,-0.932083554115717,-1.65491101577062,1.16581685474975,0.141005588683148,1.27673221067014,0.436276815403952,-1.6857431109143,-1.0968063103373,0,0
-0.177324549270685,1.37690258118668,1.05014453741713,-1.50037462651412,0.906365339051049,0.0710335032122507,-1.08803163286886,1.3737970104696,1.66124335434358,1.32610278405858,-0.296242732876148,1.17696501574301,-0.718885157781285,1.67087344332435,-1.63105052721539,-1.39871617462264,1,1
0.71838588171548,-1.44679817778949,0.294618491174294,0.844922100011387,-1.38389409707823,-1.26953759406982,0.51275466978331,1.42422790559614,-1.20130886522082,0.149270759294735,-0.844172470056756,-1.24027364739667,0.617198952336261,-1.61003746369056,-1.53351835472507,0.0608862588059396,1,1
-1.21787326271419,0.824032958927666,-0.519584789887299,-1.50037462651412,-0.510430680342161,-1.64470708864729,-0.942505605355026,1.51402718779415,-0.466881227548282,-1.40297686192334,1.00045611402869,-0.54963402935676,0.765413907404191,0.703568036624446,0.336649300164599,-1.1985387439355,1,1
-1.51136136137774,-1.07068143217072,1.10559291875046,-0.914050444882741,1.1591748326198,-1.20775972105081,0.221702614755643,1.59195847200989,-1.04201661150392,-0.76538414561944,1.43658490174713,-0.54963402935676,-0.22767096942576,-1.62554677666053,-0.75411510677272,0.233421081614634,1,1
0.893716434163836,1.26518403939657,-0.880040450795977,0.258597918380011,-1.48748140314548,0.425485837332236,1.09485877983864,-0.0292339778231647,-0.958187112572001,1.64892137770312,-0.685139936134099,0.486325397703102,1.27161312362333,0.790287627761191,-1.22278466527777,0.785541518378338,1,1
1.06904698661219,1.12897545508416,-0.928342212221126,0.844922100011387,1.520230593179,-1.4805860213568,-1.52460971541036,0.103050905979915,-0.877020288200964,0.292695114203898,0.957391920927124,-1.58559345641662,0.669783461708685,-0.390404061006558,1.53901952301754,0.12467813045938,1,1
0.847978029177308,0.159931727613938,0.0445913891553103,1.43124628164276,1.67128954494124,-1.08066001833791,0.803806724810977,-1.27971601157042,0.47123225135007,-0.754971971626722,0.526022534839588,-0.204314220336806,0.558533105369246,0.384485764487694,-1.3011840104802,1.39190210132791,1,1
0.992816311634646,0.750019322925044,-0.801684841356703,0.258597918380011,-1.41269246445402,-0.570210213974135,0.803806724810977,-1.25816500915571,-1.46442023826431,-0.286310218680445,1.70451231413956,-0.54963402935676,-0.958282987580736,-0.652686237804491,0.6134924037621,-1.17983272529606,1,1
-0.12777461053528,-0.628633266296298,-1.67612423659764,0.844922100011387,-0.716354407091273,-1.46593720784312,0.076176587241809,0.943848438789005,0.240649661258837,-0.869341271418302,-1.0415091582498,-1.24027364739667,-0.309670439946022,-1.16971937082851,1.3762908521775,-0.0166213251068138,1,1
-0.771923814095544,-0.0825326326893338,0.544029590761087,0.258597918380011,-0.437659773876379,-1.07375936875202,0.803806724810977,1.23125699048565,1.08808847019353,-1.65658889727521,1.60299132898487,-0.204314220336806,-0.219211856259466,0.770129620061341,-1.15390655192101,-1.15363572375859,1,1
1.47306956399319,1.13793698035784,0.0674833884302099,-0.914050444882741,0.950145190502209,1.40539003893788,0.658280697297143,0.985269670263844,0.906885620932221,1.15739993235204,-0.652605198368158,1.17696501574301,0.820425608318006,1.39259108062802,-0.9775657267072,1.29634558057454,1,1
-0.0401093343111023,-0.123982478072012,-0.160280117677397,0.258597918380011,0.330206152716387,-1.66773270665258,0.076176587241809,1.15798445538551,-1.2064265818685,-0.751242722164405,-0.314715852748041,0.831645206723056,0.420625842157548,-1.08559137769789,0.266464214730635,1.49000803779767,1,1
-0.939631299046145,-0.477329871083222,1.65086156651171,-1.50037462651412,0.496605352800532,0.517056548348895,-0.0693494402720245,-0.774888311306391,1.41587827342495,1.14482979298736,-0.500391612997648,1.17696501574301,-1.42645770543913,1.44786649272482,0.0400106253372734,-0.339605244235424,1,1
-1.01205044027481,-0.0022825362015382,0.276245841762313,0.258597918380011,0.885282551649128,-0.409813268958642,-1.37908368789653,-0.11849585873261,0.919134461413406,-0.104975193363191,-0.816238543446209,0.486325397703102,-0.657019181071032,-1.23475682680565,0.0835890745431046,-0.663586163507115,1,1
-1.24455399895633,1.16096377600261,1.29124931151018,0.844922100011387,-1.3116592240198,0.583264591875733,1.38591083486631,-0.142280352202676,-1.70738716118244,-1.13183807571154,0.668272903718977,1.52228482476296,-0.0835075101130111,0.811886565650669,0.200170340296437,-0.754448043459505,1,1
-0.18494761676844,-0.555997812218738,-1.22333698783437,1.43124628164276,1.14532895200821,0.294005945306555,-0.796979577841192,1.71465853170471,0.806774879094315,1.01791589881051,0.304539119538043,0.486325397703102,0.831080257120575,1.5810219467511,1.56940905780428,1.24074465151184,1,1
1.21007373532065,-1.11821727304241,0.269324574295201,1.43124628164276,0.707027891327844,-0.964200030271298,-1.67013574292419,1.55495431493126,0.806939880989204,-0.457305066904321,-0.686086191332324,-1.24027364739667,0.854791427640766,-1.21004926409509,-1.53496761783019,0.631317151117312,1,1
-0.592781727898311,0.75618740706223,1.30704593622991,-0.327726263251365,0.266361921340803,1.18468191601746,-1.08803163286886,0.340194264612014,-0.0193752715903643,0.690960715724562,-1.29236993331277,-0.894953838376714,-0.0228236576700265,-0.221168441794949,0.913052779559206,1.31247156834838,1,0
-0.646143200382593,1.15305513076123,0.317600645284616,0.258597918380011,1.33950890075327,-0.0393332003997012,1.24038480735248,-1.254974431224,-1.56767959728654,1.14072782857129,-0.645253510970128,1.52228482476296,-1.31868580728475,-0.556728190011331,-0.915979005500876,-1.31064111027863,1,1
1.47688109774206,-1.37286393273684,0.786174691662674,1.43124628164276,0.688774915079974,1.09967396516499,-1.67013574292419,-0.837149323136986,0.265981382724859,1.57748996878992,-0.422087895635116,0.831645206723056,-0.708333781609493,-0.381373293504505,-0.426897532102128,-0.0782412836685775,1,1
1.6560231839393,-0.887987719159297,-0.415476382341207,0.258597918380011,-1.02405763420491,-0.33538197433205,-1.23355766038269,-0.472866991701547,0.904217102116304,-1.46900623015716,-0.424107456081618,-1.24027364739667,-0.840867956838086,0.87195735443232,-1.41214200450228,0.609788359288964,1,1
0.611662936746916,-1.2289210587268,-1.3865834110375,1.43124628164276,-0.24066692305527,1.65833071068264,-1.67013574292419,1.29181480071125,-0.795331111900125,-1.73792099023099,-0.50586551850708,0.486325397703102,0.98471126739222,0.555925611400777,-0.177633096911796,1.36918325796602,0,1
-0.958688967790531,-0.511655276513873,-0.117272357165507,0.258597918380011,-0.0197896367822324,0.920356658330826,0.076176587241809,-1.14184595456682,0.565324013346358,0.13768251746148,-1.58415428040629,0.141005588683148,-1.09998448519146,1.61278571541595,1.06469452128676,-0.4014009384089,1,1
0.234321095608063,-0.155025259481684,-0.33755059895861,0.844922100011387,-1.52725959309117,1.59378147230141,0.221702614755643,-0.971718611895812,-0.510103993102195,-0.849314788091279,-0.132708539651135,1.52228482476296,-0.111693359629937,-1.07907124924915,-1.37940561982373,-0.638348307821974,1,1
1.15290072908749,0.884382237396914,1.30385245314183,0.258597918380011,1.56246345155008,0.0377940248121809,0.367228642269476,-0.522666940084895,0.245199987340438,-0.137814242175876,1.16798496760724,-0.54963402935676,0.602111502791752,0.150610935406961,-0.766670767599528,1.42375418696857,1,1
-1.16451179022991,0.544226762385467,-0.860223222467369,0.844922100011387,-1.27525165415819,-0.102207674822625,0.658280697297143,1.47782087953738,-0.40487814524044,-1.51469769446933,-1.12407979353988,-0.54963402935676,1.62207832050204,-0.172926855981707,-0.429031503151291,-1.55121309583873,1,1
0.607851402998038,0.438992369028468,1.65004782304111,0.844922100011387,0.679001359992686,0.868554406972754,-0.0693494402720245,0.012253392510252,-0.682385419844397,-0.0249830031277585,-1.24538215173341,-0.894953838376714,1.74158282384301,1.44151878782158,-1.36153296432621,-0.0659776109409518,1,1
-0.947254366543899,-0.496215980033154,1.62019117690187,-0.327726263251365,0.0220796477102357,1.2986591593261,-0.796979577841192,0.507673357557557,1.21388134143809,-1.3334128182624,-0.105386033731434,0.141005588683148,1.58092823726187,-1.68005995452166,0.919525384209895,-0.138059353702652,0,0
-1.24074246520745,1.20692540153973,-0.847593211130816,1.43124628164276,-1.62889245895074,1.58756470826623,1.53143686238014,-0.391597947262653,0.863319571990569,1.1454445974926,-0.459232143885744,-0.894953838376714,0.766945972606312,1.68318657778522,1.00485567361266,-1.21253486187057,1,1
-1.00061583902818,-0.0821172934203485,-0.498805849844444,-1.50037462651412,1.4597840033518,-0.616039766721745,0.94933275232481,-1.07987806708587,-0.539216881864303,0.870719684727323,0.20715641137239,1.17696501574301,0.864751872815004,-0.0677276375565676,1.17443372475567,-0.356950332490498,1,1
-0.470812647934237,1.6863020536974,1.40282536427617,0.844922100011387,1.20931837375627,1.01756705351637,1.53143686238014,-0.961141189411797,-0.232936155243146,-1.50978364734338,1.55544507856274,-0.54963402935676,0.909041815884923,0.433400250312292,0.301395178217806,0.769361649338981,1,1
0.0551790094108301,0.48500717124668,1.64965879318124,1.43124628164276,0.0840063450036391,-1.00848324515839,-1.37908368789653,1.04747010856754,0.649929022116063,1.13767388892085,0.904746867146646,-0.54963402935676,1.26766457302848,-0.479069703790635,0.0358191003443026,-0.453482465633777,1,1
-0.383147371710059,-1.28361981723402,-0.167500054923068,-0.914050444882741,-0.930473546869496,0.145452872857625,0.803806724810977,1.36202926873571,1.05990149093035,-0.638437205577527,0.646729188990682,-1.24027364739667,1.5769856825993,1.21354679850721,-0.811885902530241,-0.65013770558816,1,1
1.22531987031616,0.631390895837476,-0.592774991999131,0.258597918380011,-1.29914158357901,-1.11459025776773,-1.23355766038269,-0.024936493169731,0.624645070610059,-0.541533589911385,-0.300797125369867,-1.24027364739667,-0.178340479310832,0.214975247422894,0.548278366858569,0.973193782048393,1,1
0.802239624190781,-0.591183988439828,0.119583179638695,-0.914050444882741,-0.468605055554931,-0.537329902144849,-1.37908368789653,-0.496307266121421,0.132131204244313,-1.1425736215243,-0.750154052519101,0.486325397703102,-0.279603686868972,0.561500382017481,-0.181316795030734,1.6841475746128,1,1
1.19863913407402,0.666735878329651,0.681125587153264,0.258597918380011,-0.839487973217535,1.47460158328172,-0.0693494402720245,1.06535737334871,1.55206289090745,1.13404022441834,0.133706892874616,-0.204314220336806,-0.127151544090451,0.513705156535156,1.6417243306566,0.96445166622182,1,1
-0.177324549270685,-1.48080523269109,-0.757833808646773,-0.327726263251365,0.0236604245694879,-1.23089541024211,1.53143686238014,0.598630876782324,0.933054554218412,-0.361467578227883,1.34005511337938,-0.894953838376714,0.564299406415946,-0.465563859130536,1.63272745522731,1.19473628349872,1,1
-0.394581972956691,-1.11431753975016,0.850287862835071,0.844922100011387,1.6029023489127,0.444597961046875,-0.0693494402720245,-1.59131573424544,-1.32861891409207,-1.59743653285108,1.30964641629475,0.141005588683148,0.965353629996616,-1.45537946416629,1.41455558393796,1.51496971590237,1,1
0.234321095608063,1.256687725154,-1.52826580058244,-1.50037462651412,0.258157771695673,0.308691795271993,0.658280697297143,-0.517969180376227,0.19122722306272,1.58882604272693,-0.197426616000763,0.141005588683148,1.29520262241212,1.05950048350211,-0.473974393958714,1.04152185400077,1,1
-1.15307718898327,-0.932195108619138,-1.53647267827528,0.844922100011387,1.34018124970146,-1.31824231322218,-0.942505605355026,0.630076821473454,-0.319051577317797,-0.878328124917009,-0.893930126008462,-1.58559345641662,-0.141905446958273,-0.720814291990756,-0.446662993650175,1.65540580238628,1,1
-1.1492656552344,1.19158050284174,-0.36600257614336,0.258597918380011,0.518979540642408,-0.611122823092119,0.367228642269476,0.254267888162174,1.00446086761024,1.48438199840946,-0.966888149113347,-0.894953838376714,-0.463912668312798,1.2011859543875,1.23256093130147,0.85421590312457,1,1
1.57979250896175,-0.750774686903315,-0.479976404311643,-1.50037462651412,-0.0843595743546566,0.205426070488406,-1.52460971541036,1.65502378463378,-1.57221076975469,-0.720819403588364,-1.63564762372489,-0.204314220336806,1.68647572791862,0.375327088180576,0.804568251263953,0.559405758860181,1,1
0.996627845383523,0.51544246195392,-0.611405049631358,0.844922100011387,1.21883657804319,-1.08933448845376,-0.651453550327359,1.26723402511646,-0.315043978307666,1.1205732163051,1.19054820101221,0.486325397703102,-0.919965822667409,-0.50088961461303,0.718739968301222,0.668809218601379,1,1
1.41208502401115,0.693979924787643,-0.0022393383033712,-1.50037462651412,-0.0976828650113135,1.02417890363992,0.221702614755643,-1.52597133105177,-0.632536870887724,0.539847531645421,-0.82886423774149,-0.54963402935676,-0.95424407068008,0.325849015721282,-0.752787264981444,1.37946519697371,1,1
0.150467353132763,0.0619407589189126,-0.593690072596174,0.258597918380011,1.26700072872896,1.61516416593755,-1.08803163286886,0.781088928004979,-1.24072065734954,1.22426876539173,-0.499785862668604,0.831645206723056,0.757113210917624,0.501978176546267,1.16561188357542,0.633263582112552,1,1
0.726008949213235,-0.660112106336223,-1.03992138484668,-0.327726263251365,-0.715309244570456,-0.994309887093293,-1.37908368789653,-0.56789875894392,-0.424665405422083,1.62309976309181,1.07365229258215,-0.894953838376714,-1.10112567905107,0.712288549716359,0.285889549463011,0.902069748590088,1,1
0.386782445563155,-0.982812271244933,-0.632813157668868,-0.327726263251365,-1.27444158005769,-1.09025316256415,-0.360401495299692,0.629764117810804,0.585009706512412,1.25969517932741,-1.33496650581241,0.141005588683148,-0.338921215373652,1.10978984682393,-0.173341312105545,-0.972066139787837,1,1
-0.425074242947709,-1.60774458134962,1.67842463710223,0.844922100011387,1.22126495469762,-0.166828271568587,-0.796979577841192,0.40510239511819,-0.483482256341442,-0.365081686140428,-0.142490709502984,0.141005588683148,-0.710125532850926,-1.16748567646315,1.27672913319291,1.42266759030049,1,1
1.61028477895277,-0.664863045060305,-0.279776051643253,-0.914050444882741,0.300966599126034,0.842064967034741,-0.214875467785858,0.0096144875554575,0.266327002014386,1.06179768362877,-1.32686780556887,1.17696501574301,-1.13909457428156,1.52843371755914,-0.35576501217655,-0.177293206474537,1,1
0.729820482962112,0.55124449367687,-0.163076234774225,0.258597918380011,1.3373002595444,-0.764020648230874,0.367228642269476,1.22162899043614,0.310304149210723,0.704580872291296,-0.210240039273192,-0.54963402935676,0.286439681656631,-0.304512902289064,0.544009619509739,-1.160934084046,1,1
1.25581214030718,1.54422013970932,0.294813296094122,0.844922100011387,1.50471601707044,-1.66573174690413,-1.52460971541036,0.721928522474766,0.290726262769231,-1.55309278557479,-1.58968638279608,0.486325397703102,-0.428746215950459,1.24078003632636,-0.107379442629294,1.03469737313051,1,1
0.0894828131507258,1.31055062364601,1.70772690643124,0.844922100011387,-1.53271900124586,0.130452926500536,-1.08803163286886,1.34842681601771,0.0929810671532881,1.46209453993886,0.0545791621014854,1.52228482476296,-0.121013338133108,-0.958777143123532,0.332026510667661,-0.489492269457918,0,0
-1.13783105398776,0.94441320089825,-0.868538332850268,-0.327726263251365,0.0040043285478961,1.5615689965085,-0.214875467785858,-0.757453024362688,-1.32382332300474,-0.148722176346937,1.02644945594326,-1.58559345641662,-1.04491649535042,-1.61678631558847,-1.58101566867644,-1.08169232751362,0,0
-0.131586144284158,1.02235801951727,0.658594119326677,-1.50037462651412,-0.428852220665877,-0.386151083649346,-0.651453550327359,-0.527021635131872,-0.975351417691274,-1.30008880231618,0.609119501420738,-1.58559345641662,0.939067427132292,0.254005765349131,-0.123974248604057,-0.833734915119431,0,0
-0.577535592902801,0.592413697404891,0.779125733575298,0.258597918380011,0.433028326397368,-0.28672712858688,0.076176587241809,0.421475409462362,1.02208384153231,-0.289670658256886,0.0250343929343828,-1.24027364739667,-0.632690803699114,-0.600691113453249,0.206452137289647,-1.59447222001523,1,1
0.615474470495793,-0.816902587959525,0.401718710077613,-1.50037462651412,1.00923072710724,1.60395037034405,-0.214875467785858,1.61483265333552,-0.0003168611832421,0.327717146464034,1.1419505292246,-0.54963402935676,-0.535552212025745,1.66700398414616,-0.0144830098198143,-1.40309005265343,1,1
-0.710939274113507,1.43588373694423,-1.40002907475051,1.43124628164276,-0.753050691417242,0.658919894095403,0.658280697297143,-0.445777445339355,0.699290065526119,0.222846710206239,-0.95834841158682,0.141005588683148,-0.849672417191375,-1.35755497697764,1.21432822542266,0.32256607215014,1,1
1.19863913407402,0.612428413019836,0.64327755066077,1.43124628164276,0.195790618103761,0.743551762816623,0.367228642269476,-1.62103708954147,0.231649033989265,0.229263323443233,1.14907152830593,-0.54963402935676,-0.217543229382242,-1.55397957441624,-0.643612011767639,1.26305600827424,1,1
-1.16451179022991,0.228349805180588,-1.48506745005209,0.258597918380011,0.717707281610847,0.204463106997509,-1.67013574292419,-0.188389744189199,-1.59272316898898,-0.878494593036933,-0.788584603454204,0.141005588683148,-0.116357061484416,-1.56183320349841,1.34135649148791,-0.172765364547178,1,1
-0.394581972956691,-1.33681426752909,0.362881357376498,-0.914050444882741,-1.25514237136163,1.62361450248577,0.94933275232481,0.151216111930195,1.008850374898,0.430385934909305,-0.48759864219036,-1.24027364739667,0.112875806343,-0.971170497245537,-0.323711157901589,0.437495080120752,1,1
0.665024409231198,-0.166501248553786,0.861082810596984,1.43124628164276,1.07956969794704,0.63913988400919,0.51275466978331,1.0416375615257,-1.50468817215195,1.3844873776934,-1.30558832379353,1.17696501574301,1.63172808032942,0.274101952204315,0.684669692161815,1.06888693538011,1,1
0.466824654289578,-0.120175968390678,-0.974929559637732,-0.327726263251365,0.365186471025718,1.34944827839855,0.94933275232481,0.790896823798322,1.51355811623166,-0.417171869679095,-1.39881484222204,-0.894953838376714,1.41364226715545,0.0210459461300596,-1.42104009395106,-0.488200119076621,1,1
1.64458858269266,1.28742451716579,1.21549867625663,-0.914050444882741,1.54494346634346,0.675358382748126,0.076176587241809,1.60859155707592,-0.985925689903003,0.423015453918861,1.50315245949388,0.486325397703102,0.389402879562747,-0.513359451938825,-1.02806223630867,0.534626245623959,1,1
-1.70574958257048,0.180319256624783,-1.60225889385379,0.844922100011387,-0.550582109084907,0.798483578693303,1.53143686238014,0.978232177964356,0.0341658983711507,-0.919658641014678,-1.09048750968645,-1.58559345641662,-1.58932756252287,-1.41137904919079,0.915538493118125,-0.509982101950655,1,1
1.7055731226747,-0.398619912512372,1.2231081220469,1.43124628164276,-1.34543813370695,-0.733666320190996,1.38591083486631,-0.698481288769361,-1.50721634942349,-1.5993635797726,-0.589613787413748,0.831645206723056,0.399349474912103,-0.913211575968509,-1.67877492649331,0.494755080872393,1,1
-0.554666390409538,1.67827650541784,-0.108836621334447,-0.327726263251365,0.0230077291014496,-0.688643674029925,1.53143686238014,0.4887752955642,1.34788106929548,0.267251023640674,0.0948707738535894,-0.54963402935676,-1.41324967636224,-1.08365079455144,1.63393392465782,-0.966573669001833,1,1
-0.745243077853403,-1.33775059813497,-0.951943254367549,0.844922100011387,-1.42216480210953,0.963406912196987,-1.23355766038269,0.595674159249394,1.6398248000477,-1.60190316732611,-0.53869049480981,-0.204314220336806,0.739551544739098,0.846273248715033,-1.06106180504499,1.64676161696153,0,0
0.771747354199762,-0.251844573837249,-1.2430377204763,-0.914050444882741,1.61361077204232,-0.711976777538472,-0.214875467785858,1.72413959981854,-1.22318327105904,0.746028006697605,1.28654819888224,0.486325397703102,-0.371286830295189,0.964090862580435,1.4010402395976,-1.45274619921207,1,1
0.0132521381731798,-1.57697655233023,1.60341195128819,0.258597918380011,-1.58405327487805,0.204697614064488,0.803806724810977,-1.25232532005243,-0.709773810643652,0.561148719358341,1.393425699267,-0.894953838376714,1.18127032963887,0.954012408484183,0.0659813663620779,0.0221520948089335,1,1
-1.57234590135978,0.853311604083574,-1.45529843875931,0.844922100011387,0.871521249713975,-0.87512630111585,0.803806724810977,-1.0701674123309,-1.67107990064568,-0.48434816797592,-0.615146060659915,1.17696501574301,1.54488067395266,1.61400095748375,0.234458999488191,-0.730452852607892,1,1
-1.10352725024787,1.47377743473957,-1.01617980843733,-1.50037462651412,0.0869073028265304,1.08054335999607,-0.360401495299692,-1.19421593913205,0.977088888370035,-0.338599538107075,-1.43280939962987,1.17696501574301,-0.277524459775056,1.32253735990619,-1.43001628981589,0.35079901210414,0,0
-1.67906884632834,-0.748123748791221,-0.499603341726054,0.258597918380011,-0.45064502704724,-1.35351204083095,0.658280697297143,0.307543614896015,-0.655931357706197,1.42042034640917,-1.0199616049703,0.831645206723056,-0.126836491286577,-0.0056201847820964,-0.456203068275098,-0.242284428354596,1,1
-0.825285286579826,1.26575732306303,0.446560191458011,0.258597918380011,-1.49076175749843,1.12348325300856,0.076176587241809,-1.26423017027796,0.296655064089784,-1.72143372247528,-0.0965026105188058,-1.58559345641662,0.322651802244796,-0.29043713180904,-1.18027385046883,-0.660432796585368,1,1
-1.33603080892938,-0.705705105562398,0.184557985357948,-0.914050444882741,0.420347231564112,0.342371598446343,0.221702614755643,0.539443069598938,-1.59090900372471,0.189356570206578,-0.746235613038014,-1.24027364739667,-1.04051250679626,1.43090684356372,0.100579031598364,-0.855094203853268,1,1
0.798428090441903,1.4483337359108,-1.27129160597975,-0.914050444882741,0.293426816504925,-1.09026153456164,-0.796979577841192,1.05129019805377,0.731517498431547,1.43987032010672,-0.169617133496839,-1.24027364739667,1.49217224405129,0.384202168975718,0.186499778750584,-1.08726297616801,1,1
1.39683888901564,0.902266281474419,-0.701381043201761,-0.327726263251365,-0.752043970009554,0.13326002525893,-0.360401495299692,-0.233749560474712,0.0925417477001954,1.40731397754607,0.897118494391369,-0.894953838376714,-0.222411746599765,-0.704719849564854,0.737122297868908,0.976575706586137,1,1
-0.920573630301758,1.07967618064523,-0.878435448564168,-0.327726263251365,1.40988448396146,-0.760925971728462,-1.37908368789653,0.209255475676176,0.764212095857565,0.263515365327969,-0.284366153679893,-1.24027364739667,-1.14565042124289,0.223485457698247,1.32126828730448,-0.950787693605465,1,1
-1.21406172896531,-1.66061700327201,-0.965992948532485,-1.50037462651412,-0.672254566628144,-0.619776459977463,-1.52460971541036,1.4286747689178,0.986014056112993,-0.443001074619257,-1.06595646954764,-1.58559345641662,0.921256887274861,1.69342537315654,-0.0994990739584073,0.944423889563755,1,1
-0.173513015521808,1.62955797372072,-0.279668659768289,0.258597918380011,-0.172030729272347,-0.523098395654133,0.94933275232481,0.240017760137689,-1.41910963145917,-1.42354694790809,-0.503390795667993,-0.204314220336806,-0.964141250308549,1.20304133718879,-0.913020541981189,-0.0472666161898216,1,1
-1.13401952023889,0.807228693708959,0.737608840529365,-1.50037462651412,0.151009077075089,-1.51606940375951,-0.796979577841192,-1.01031113167053,0.259752164089778,-1.16347945008611,0.842171573867544,0.141005588683148,-1.22643500768507,-0.749809230451477,-0.565843005437689,-1.46632365270472,1,1
-1.50754982762886,-0.662060786499078,-0.95241217328777,-1.50037462651412,-1.3726248423608,1.6627273862837,-1.08803163286886,-0.544111545659561,0.506514188747802,0.593520221996193,-0.272400903868875,0.486325397703102,0.228047247815737,1.55871352438241,1.21321766113813,-1.14589361085216,0,0
-1.25598860020296,1.1649525483616,-0.434109419471965,-0.914050444882741,1.48525370763105,-1.62557752981792,-1.37908368789653,0.102431445520913,0.0489767565523748,-1.70927630805956,-0.882335982155307,1.52228482476296,0.604804610509481,1.65669345401418,-1.21614958639923,1.35479327273816,1,1
0.851789562926186,-0.742956339219725,-0.34992227948806,-1.50037462651412,-0.430323865822431,0.548288182236148,-1.52460971541036,-1.19634955491403,-1.09914651426707,1.301378860272,-0.260694857702163,0.486325397703102,0.251253688366971,-0.922045042404159,0.451613520615656,0.357598441967899,0,0
0.680270544226707,1.31594608947823,1.68381605124309,-1.50037462651412,-1.43944941013853,-0.455226983839646,1.53143686238014,0.388805631446389,1.00673317202334,0.274902614719152,-0.164953438468932,-1.24027364739667,0.552830798126382,1.36156125707822,-1.67615164683743,-1.08095656888639,1,1
0.523997660522738,-1.3312740600179,1.60813278950235,0.844922100011387,-0.386507308507775,0.491486660249329,1.38591083486631,1.7283848703743,1.69998736622516,-1.61024949386939,-0.718639757200248,0.486325397703102,-1.32357071076624,1.31897931487972,-0.870376706266317,0.70461599738768,1,1
0.668835942980075,0.727185916789422,1.07141186044642,-0.327726263251365,0.344894327932804,-0.506835765055022,-0.942505605355026,0.527413848315936,1.60318066327969,-0.934313655123929,1.72533216696968,-1.24027364739667,-0.0732042733622221,-1.57992623265047,0.327421180240835,1.11539232282362,1,1
-0.112528475539771,0.159599931306901,-0.868338118054028,-0.327726263251365,0.0475747465919602,0.587061011529619,0.221702614755643,-0.44290572142856,0.94468295304346,0.296666540148062,0.928301306461547,-1.24027364739667,-0.485951330225393,0.585140712866439,-0.140268008472171,-0.577974359859286,1,1
-0.104905408042016,-1.38715220646142,-1.47137370539645,0.258597918380011,0.668972887667578,0.778224021067542,-0.796979577841192,-0.583763817057219,-0.289684479542599,-1.64340153717783,0.665590280813118,0.141005588683148,1.65184642562117,-0.667318633687097,-0.0116069732443893,0.198712786783554,1,1
-1.316973140185,-0.880954282801502,-0.606990786785053,-0.327726263251365,-1.52634473609736,0.644949227889881,1.38591083486631,1.49407740389804,-0.567201856292724,0.941920156581609,1.23319486695827,0.141005588683148,-1.55214383561113,0.602062383339798,0.567000571277134,-0.705862141940821,1,1
1.53405410397522,-1.68012715856178,-0.781035167398567,1.43124628164276,-0.739480139466259,-1.34158906882796,-1.52460971541036,1.28593529191512,-1.49018985684395,1.42792615140942,0.574599253675272,0.831645206723056,-0.689635898922751,1.42331175653213,-0.908774317349934,-1.43939492975917,1,1
-0.745243077853403,-0.0908901361536106,0.0495334291223446,0.258597918380011,1.09730814600418,0.52898186437365,-0.214875467785858,-0.0966981344855643,-0.295939804271503,1.57135904746604,1.00992102481843,-0.204314220336806,1.54256702007746,-0.0022708591877086,-0.748650950524766,-0.341278657002698,1,0
-0.84815448907309,-0.674199820913366,0.993576904394393,0.844922100011387,-1.44249140463516,-0.76957815591236,1.24038480735248,-0.508707882772164,-1.18967777824618,0.78101820203311,-0.312719086075742,-0.204314220336806,1.68697369237504,-0.292235318164103,0.649787738236202,0.868474050497124,1,1
-1.28648087019398,0.360391062631474,1.27350560366185,-0.327726263251365,1.22185406512507,-1.63499447186571,-1.37908368789653,0.728074939427244,-0.852132403575582,1.2087858552379,-0.0057105868350318,1.52228482476296,1.13689152668874,1.45071322802202,0.143399397970851,-0.137874694423359,1,1
0.230509561859186,-0.688224981724539,1.22675930428576,0.844922100011387,-1.4012602670265,-0.305000690833137,-0.505927522813525,-0.643495282426574,1.33742150399873,0.353995316528076,-1.59018681063919,-1.58559345641662,-1.46066506067975,1.63144140315476,-1.67095170590209,-0.321478608651619,0,1
0.0894828131507258,-0.678887637135804,-0.45843387051514,-0.327726263251365,1.14960499424109,-0.240530411868116,-0.651453550327359,-1.31929862250624,1.60062340130491,-0.174483584593485,-0.773616495019278,-0.54963402935676,0.222785399612093,-1.5026537825629,0.600833557411708,-0.456443075217196,1,1
-1.33603080892938,0.864765455136953,0.679267861192916,-0.327726263251365,-0.477550689311018,-0.124660809932431,-0.214875467785858,-0.65856413859785,1.53205172254785,0.709734743394527,-0.468285896797973,-1.58559345641662,-0.336444744958595,1.45523901708537,0.426794032839653,-0.137061563347799,0,0
-1.13020798649001,-1.55567073247552,-0.621126808349692,0.844922100011387,0.386139590831723,0.694119172811394,0.803806724810977,-0.228543125334567,-1.06155352656222,-0.988447895758763,0.431488992687506,1.52228482476296,1.07290139420009,-1.43208530137018,-1.44915468272338,-0.6206831528582,1,1
1.56835790771512,1.42090933778775,-1.49614430686878,-1.50037462651412,-1.19174147180218,-0.670159158965271,-1.67013574292419,-0.848180660922318,1.36835586352157,-1.38575692663758,-0.132085839217989,-0.204314220336806,-1.53341299644823,-0.55731683555618,0.868260747794351,0.389802692263224,1,1
1.70176158892582,1.24459204687921,0.729043094898579,-1.50037462651412,-1.48963995513191,-0.64798266560109,0.367228642269476,-0.981878877510812,-1.23962402486785,0.878930677272908,0.369868033606961,0.831645206723056,-1.04052627740317,0.904383003638529,0.0873100452216513,-1.49609985461161,1,1
1.63315398144603,0.602233269215424,-1.67355221526073,-1.50037462651412,-0.975145859860091,-1.52560256730928,-1.23355766038269,-1.71163003004921,0.017866865773876,1.56082307383248,0.738535878259429,-1.58559345641662,-0.0275000097399125,0.9540913517233,-1.01214929901442,1.06082612888076,1,1
-0.425074242947709,0.342505808225429,-0.286482353614898,1.43124628164276,-1.27773685400353,0.632093283433847,-1.23355766038269,0.452274397030635,0.484944408013257,0.238590956983392,-1.60513675921683,-0.894953838376714,-1.17746565702206,0.778066853806923,0.216378011654396,-1.11934104822577,0,0
0.977570176639136,1.38402213571351,-0.563661224052687,-1.50037462651412,-0.64375619347561,0.222117213895886,-0.360401495299692,0.39548785585879,-0.137341232535036,-0.091133864090231,-0.851791416432764,-1.58559345641662,0.678405372606486,-1.58212962022465,0.341452281838224,0.462886838794997,1,1
1.4197080915089,-1.07793094755349,0.700604867052303,-0.327726263251365,0.0500844458861102,-0.530343654896126,-0.214875467785858,-1.08159918427504,1.54331089730685,0.0889871589539701,-1.15714947236515,0.141005588683148,1.12255148812696,-1.25955817958976,1.46622307496143,-0.168117420006676,1,1
-1.09209264900124,-1.44832145320853,0.953695241873744,-0.914050444882741,0.305584591286703,0.695376071497601,0.803806724810977,1.53580608111547,-0.581240557976622,-0.105297782257035,-1.09930544834371,1.52228482476296,0.719349919039315,1.50118584559492,0.849639060662652,0.944311655284937,1,1
1.03093164912342,-0.889255109959837,-0.651481709064678,0.844922100011387,0.99644102054932,0.117144079811122,1.53143686238014,-0.314188213322145,0.0855827965338194,-0.231245662081962,0.0039129053432126,-1.58559345641662,-0.197148074169268,-1.43657791397409,-0.675483684806926,1.12528642496318,1,1
0.882281832917204,1.04370832564587,1.11131781639094,-0.914050444882741,0.537396053051085,-0.117526201856481,0.367228642269476,-1.64464082160539,-1.46647888523406,1.52209427929172,0.831678508857581,1.52228482476296,1.3224068687042,-1.44659828845264,-1.31222072396294,-1.01266209797361,1,1
-1.09971571649899,-1.60258746816093,-0.686832269547517,1.43124628164276,0.374285477671905,0.027451402637574,-1.37908368789653,-0.971632012309232,1.20120908249377,-0.1007862120525,-0.801118671355872,-0.894953838376714,-1.24670183547643,1.15552830648371,1.23433094934335,0.613226091386171,1,1
0.497316924280597,0.306237642798719,-0.157471816823051,-0.914050444882741,-0.302375351312224,0.458197424895169,-0.796979577841192,0.664350353824643,-0.305977987216482,-1.48537175870134,1.12688959007103,-0.204314220336806,-0.821284217459567,0.48745033287219,1.20967655457456,-1.06179453750668,0,0
1.33966588278248,1.74317845485196,0.817449271607725,0.258597918380011,-0.0892997640331252,0.539694633177158,-0.796979577841192,-1.03450870261805,0.680249541501182,0.891662001611785,1.36456441742132,-0.204314220336806,-0.0263047054135618,-0.507928183848588,-1.11413340156491,-1.28836086593091,1,1
-0.196382218015072,1.25654437234651,0.699016506110708,-1.50037462651412,-0.292966909843746,-0.738672722421675,0.658280697297143,-1.5461518006284,0.617448013251641,-0.407118459493589,-0.529370656709862,-1.24027364739667,-1.51151175150756,-1.14701667471232,-1.50623639405277,1.48332827698729,1,1
-0.657577801629225,0.0925542230821611,1.72171622971614,1.43124628164276,1.1760969290988,-1.24931868564827,1.38591083486631,0.406770729352328,0.596901412172859,0.70125620420888,0.626802937043661,-0.894953838376714,-1.39237922390765,1.32230527386244,0.744736132020228,-1.14951543832622,1,1
1.39683888901564,-1.50170040243345,-0.925639849996132,-0.327726263251365,-0.926838663205778,-1.19456976172869,1.09485877983864,0.0626277811768564,0.0153875345586722,0.245849814336705,-1.34536281969963,1.17696501574301,-0.345738957513451,1.68101220519136,0.781865326293992,-0.930396162505783,1,1
0.207640359365922,1.17184367346753,0.592726247881336,-1.50037462651412,-1.69729261337003,0.468680703519729,1.67696288989398,0.90404619529207,-0.772511005275068,0.709892115397432,0.84583091080922,-1.58559345641662,1.54958758028345,-1.54480678648744,-1.10778049488556,-1.26661579448576,1,1
1.70176158892582,0.36255370976001,0.409906926324012,-1.50037462651412,0.52049468660878,1.27310186724568,0.51275466978331,0.943415278301621,0.42117328997219,-1.55173728559894,-1.17769914450373,-1.58559345641662,1.42655155287702,0.187910646555636,0.593502992726339,-0.0979592027948292,1,1
-0.219251420508335,-1.32308136698399,1.4707025830504,-0.914050444882741,-1.02143922221738,-0.323379374042034,0.51275466978331,1.59221624543647,1.57749629286573,-1.64940284183233,0.647979121987899,-1.24027364739667,-0.108038844292228,-0.818466502558232,-0.755168268638937,1.44658506490739,1,1
-1.1988155939698,-1.3964752090851,-1.16459728934786,0.258597918380011,1.34081361009655,-1.15017346316087,-0.651453550327359,-1.53539611098549,1.13844588259807,-0.452338045625955,-0.279957164509312,0.831645206723056,-1.23118935967638,1.14432687800277,-0.818591069897646,-0.806906282707916,1,1
-0.970123569037163,1.44435217284469,0.903515764001509,-1.50037462651412,1.23408480727554,0.872512005992704,-1.37908368789653,-1.5978436445779,-1.35205339753286,0.640381900232611,1.49037811581404,0.141005588683148,-1.10650057367821,-0.527116638329193,-0.597209238879774,0.148032705027976,1,1
-0.18494761676844,0.607093221555349,0.266067174233566,0.844922100011387,-1.45336845909509,1.13396678666191,1.09485877983864,1.68664824472115,-1.64596483241207,-0.990177972733074,-0.131214584972991,-0.54963402935676,-0.414752410574176,0.73959826945684,0.0814028287646878,-0.300201105471639,1,1
0.726008949213235,1.16457691851452,-0.753695907139738,0.844922100011387,-1.35147569459927,1.29966236745268,0.367228642269476,0.500786583406704,-0.0119733761064535,-0.261807356556166,-1.64643131172041,0.486325397703102,-0.995625261439288,0.137765456540835,1.06550752865496,-0.559561937008669,1,1
-1.58759203635529,1.33762417647,-0.0598430781707592,-1.50037462651412,-0.0159121946040243,0.356503013480417,-1.67013574292419,0.745069696475175,0.93884388698425,1.63939647473738,-0.0745685662399656,0.141005588683148,-1.43646425814032,0.144639250148929,0.0060418649025404,0.252192396855373,0,0
0.908962569159345,0.267811273313611,-0.548388095418948,-0.914050444882741,0.37588058884028,1.23125942030901,-0.360401495299692,-1.398695301426,-0.647557743173523,-1.02076887304395,1.02571213050358,1.17696501574301,0.612720474232139,1.23235649051184,-0.688931518328354,0.206611205401325,1,1
0.0399328744153209,0.0786269723124121,0.30442875521137,-0.914050444882741,-0.772569306888549,-1.68111492129871,-1.52460971541036,-1.49107506279457,0.682674724553562,1.177937818712,0.507026918264854,0.141005588683148,0.292479688779183,-0.099794141574192,1.34100231228266,-0.479270428350259,1,1
1.65221165019042,-0.22440688845759,1.38005759487307,-0.327726263251365,0.745426701956575,-1.36476289784146,-0.796979577841192,-1.17779724914472,1.47491251357456,1.09985375575485,1.62268897578451,-1.24027364739667,-0.7139063995612,1.18973847312195,-1.53063041266287,1.20924277340245,1,1
0.0780482119040939,-0.619591330004081,0.26966676580433,1.43124628164276,0.326733842504159,-1.41527034880208,0.221702614755643,-0.253138095457984,-0.149300771101585,1.32870031831536,1.1926739180635,-0.894953838376714,0.977503668992043,-0.46747244679416,1.0400006865643,-1.53182930854316,1,1
-0.284047494239249,-0.209890371220731,0.486459679027618,1.43124628164276,-0.601096656396411,0.720925536128829,0.51275466978331,-1.35126015541059,-0.887076744322665,1.41132364812398,0.0857840536042851,1.17696501574301,0.967099980112052,-1.11583495920504,0.995968409416301,-1.42159984219681,1,1
-1.62951890759294,0.971627655301404,0.0940679243974965,1.43124628164276,-1.6297882384245,-1.49449297247621,0.367228642269476,-0.186845591584543,1.42627094451303,-0.0050782055423817,-1.03267468835104,0.486325397703102,-0.021232798788883,-0.151097890373021,-0.84308552327024,1.69124903363636,1,1
1.14527766158974,0.372809078562918,-1.52997413321888,0.258597918380011,0.860000761274206,-0.02409114758925,-0.796979577841192,0.212202631221546,-0.103694946957617,0.601370896851813,-1.74124009399879,0.141005588683148,-1.38944220513283,-0.00372629929363,-1.03450231584408,0.855586307506378,1,1
0.840354961679554,1.38479101884495,-0.898904202191111,-0.914050444882741,-0.979215032682483,-0.10559867295405,0.076176587241809,-1.73174554440039,-0.324949443838553,0.382417191903712,1.67227102712462,-0.204314220336806,1.46142957421856,-0.0723713790594132,1.30887386450435,1.04893471522949,1,1
-1.5685343676109,-0.17930087417959,0.0011713023129789,-0.327726263251365,1.14967207956635,-0.663751851025094,-0.360401495299692,-1.33716401365211,-0.51204308745465,-0.694041245396266,1.52484907807648,-0.894953838376714,0.594972399186834,1.06164578846492,0.214697492551803,0.357203993877418,1,1
-0.836719887826458,0.390799617842499,-0.630153550625738,0.844922100011387,-0.273147531661611,1.26459842285187,-0.505927522813525,-0.43326207166922,-0.272824643854647,-0.79531992837486,-0.796341358955914,-0.54963402935676,-0.867372568136886,0.224224108808994,-1.56208281562886,-0.271319879668877,0,0
-0.322162831728022,0.475136041078723,-1.07637104667463,1.43124628164276,0.26545404734078,-1.14702774448127,-0.505927522813525,-1.54817009523288,0.587954891691746,-0.580744013905222,0.476032738665376,-1.58559345641662,0.393086114486274,1.33699366756563,1.36476230093287,0.44838777004788,1,1
0.432520850549683,0.33719722628074,0.0433059921203789,0.844922100011387,1.28184288830684,-0.51987790925646,-0.942505605355026,-1.27036853529717,-0.236068298967199,-1.00832416720624,0.794146633206502,-0.204314220336806,-0.319454383103244,0.0506798788321499,-0.512371484067882,-1.39634653273131,1,1
-0.0439208680599796,0.723521731166093,-0.586478820347034,0.844922100011387,1.24980677064992,0.933042807563314,1.67696288989398,-0.929980496866483,-0.612111037455692,0.863414896086264,0.265635007114345,0.486325397703102,0.479434253877874,-0.944219918977842,-0.536101029823323,0.890258317692439,1,1
1.24437753906055,-0.896486993884944,-0.811207181802052,-1.50037462651412,-0.440686532083888,-1.62940980459333,-0.0693494402720245,-0.244804616905979,0.828287531400583,1.58300250271379,1.19158766735124,-1.24027364739667,-0.0806515936895487,-1.27148516368412,0.507155178408502,0.14422017467894,1,1
-0.634708599135961,0.060927468504422,-0.0961370539194316,0.258597918380011,-0.99936193503596,0.58430390937113,1.53143686238014,0.743222256592679,-1.02853005285883,1.24680326379885,-1.48244683497816,0.831645206723056,-0.0404128706031284,1.26797510282037,0.569595075288095,1.57420262372151,1,1
-1.61046123884855,-1.36037147178585,-1.24475312554338,-0.327726263251365,0.945867317483329,1.07852559406394,1.09485877983864,-1.27327945944891,-1.03209384859009,-1.01012089477411,1.37867490904972,1.52228482476296,0.828129086931128,-1.52349392171865,-0.497439209047283,0.476741985203148,1,1
-0.851966022821967,-0.38430457941424,1.51463005966906,0.258597918380011,-0.229211007788992,1.47773500245499,1.09485877983864,0.823312273824387,0.666180603105781,-1.58674079796281,-0.384386569438888,0.141005588683148,0.404432203982008,-1.31233771953628,-1.22510366915052,-1.19316040625728,1,1
-0.657577801629225,-0.0250760949770297,1.3060820023446,-1.50037462651412,-1.05723507452007,1.28489641361328,1.38591083486631,1.22894188077633,1.25094464522079,0.862408937777708,-0.074495225790384,1.52228482476296,-1.44694913824735,-1.49776576084209,0.191826786487845,-0.0730086893533438,1,1
1.32823128153585,0.547976163088202,0.750074886992587,-0.327726263251365,1.38997260016638,-0.633844444948541,0.221702614755643,0.523755288898846,-0.897203906651757,-0.41179948449242,-0.20015713172849,-0.894953838376714,-1.49751653198831,-0.260198104154168,0.44441814612747,-1.51584421472883,1,1
0.607851402998038,1.58679665089613,-1.33877617520914,-0.327726263251365,-1.03640996110249,0.285986694855669,1.09485877983864,-1.58143768204152,-1.06921448792425,1.0969076405316,0.102330602194136,-1.24027364739667,-0.666344934052069,0.114023569135045,1.25871480054867,0.847840294726276,1,1
-0.630897065387084,0.368378209716211,0.987149068558729,-0.914050444882741,-1.62829157261108,-1.46792367894531,-0.796979577841192,-0.206520701908991,0.576443164560502,0.939309761819644,0.336073624716371,0.831645206723056,-0.231963698509992,-1.64824912602632,-0.0431664385044775,0.0104598598962975,1,1
1.63696551519491,0.866160909418767,1.09857198655672,0.258597918380011,-1.64727881120532,-0.845780139560344,-0.651453550327359,0.55350057046281,0.406433088323443,0.405059460830356,0.728107608054295,-0.54963402935676,-0.769659441942539,0.0554939399846972,0.5154980800678,-0.443909145878596,1,1
0.119975083141744,0.0396928382928268,0.958971650074524,0.258597918380011,0.420857132051015,-1.40959828114025,-0.651453550327359,1.65656807836521,-0.189592692822172,-0.880230961224786,0.0801527283034412,0.486325397703102,0.535312229308475,-0.363220200675255,-1.53299015578742,1.6148258403813,1,1
0.0132521381731798,0.484874468105051,-1.31185114058717,-0.914050444882741,0.556067156982627,-0.648303848328077,-0.651453550327359,1.56406563396312,-1.39638211928557,-1.40572219992953,0.638743829947227,0.486325397703102,-1.04753545154639,0.942433854167915,1.37754747032857,1.51874335226182,1,1
1.44638882775104,-1.47630923095363,0.528783406185634,0.844922100011387,-0.64844252234856,1.2810740844558,-1.52460971541036,-0.362224637400145,-1.41037766578624,-0.889577081276057,-0.572135064491651,1.52228482476296,0.718036068292249,1.13597432405803,-0.58786255735528,1.56079654408786,1,1
1.39683888901564,-0.837432238591767,1.19015345291305,-1.50037462651412,-0.617630879790281,-0.538124124051021,0.221702614755643,0.400621798594628,0.944038071545013,0.0033944131463633,1.51912162981083,1.17696501574301,0.957394666380913,0.637651506932234,0.468814700412401,-0.955014831230267,1,1
0.798428090441903,-0.463209380453332,0.297621130748572,0.258597918380011,-0.550702356463984,0.201693407525149,-0.360401495299692,1.35279143784147,-0.174080683769261,1.63471721812841,-1.52890599248456,1.52228482476296,-1.29306440204872,-0.089170105467842,1.45213279628485,0.789883326928788,0,1
0.25337876435245,-0.0779168781803177,0.537464572814226,-0.914050444882741,0.619562364968887,-0.241089430902137,0.803806724810977,1.14575822971907,1.22093066846683,-1.54585635702615,0.15214745534115,0.831645206723056,0.533045179552984,-0.97366264150029,1.08654321962455,1.53518727913078,1,1
0.371536310567646,-1.5643561273285,-0.115663590715286,-0.327726263251365,-1.51724186933282,-0.153110900767741,0.803806724810977,-0.0722319014341933,0.248218126409547,-1.07217950702936,-1.44899583975567,0.831645206723056,1.6104582972967,1.19494662079409,0.487809384121935,0.247783963942826,1,1
-0.981558170283795,-1.23570437838489,0.128659912251327,1.43124628164276,1.47479214316774,1.60625988676965,0.803806724810977,-0.827986307867523,0.399343357463833,0.411551384567716,-0.207030142099295,0.486325397703102,-1.05545785763412,-0.542252868161261,0.716130742402892,-0.978424197082618,1,1
-1.52660749637325,-0.759347566398464,-1.58828572504621,-0.914050444882741,-0.952532224964933,-0.713877976154148,0.51275466978331,-1.25799905723666,1.48271931926815,-0.709962406122768,-0.854221693693407,1.52228482476296,1.42963550998429,-0.491994991781876,1.46894747676801,1.09666014847626,1,1
0.23813262935694,1.65993253874035,0.51160828671015,1.43124628164276,1.71717185539004,0.427108059449282,1.09485877983864,-0.0425867741673544,-1.16025499335641,1.21461658177595,1.51989950981547,-0.204314220336806,0.377801916825309,1.4317421274755,1.09197339220321,1.31015188442033,1,1
-1.64857657633732,-0.569443458875256,-1.4247974390482,0.844922100011387,-1.12772379097915,-0.286974793920791,-1.08803163286886,0.770963476135066,0.139318016491628,-1.28283996293436,-1.70873540125605,1.17696501574301,0.325417174160495,1.63653614712607,0.391342330597991,0.702795715611577,0,1
-1.05778884526134,-0.0446680557298737,-0.196760689728858,-1.50037462651412,0.933501757951539,-1.52355630735895,1.09485877983864,1.62628178263287,-1.52593144560808,1.57808687956305,-0.387236195380657,0.486325397703102,-1.54417067289517,1.37028715510311,0.560558956290171,-0.705508393115022,1,1
-0.874835225315231,-1.04043420137702,-0.691214371548505,1.43124628164276,-0.94946970604654,-0.0483239339259737,-1.08803163286886,1.25233763577149,-0.492936363262055,1.40171411559977,0.978685530840277,-0.894953838376714,0.871201322488956,1.71434034183198,-1.2112822377761,-1.05909127607488,0,0
-1.11115031774562,0.40365135022005,0.186735259671659,0.844922100011387,-1.43921722994077,1.0680022233721,1.09485877983864,-1.02542963770182,-1.21698091016375,1.31542223779165,-1.09578860966849,0.141005588683148,-0.0653827990057839,1.26985176484452,-0.0926122097757589,0.431347568160257,1,1
0.104728948146235,-0.745874522191672,-1.24429438426843,1.43124628164276,1.28866044451952,-1.39398895714264,1.53143686238014,0.760337116638183,-1.08050998996565,-1.16596327382894,1.09592166092123,-0.894953838376714,0.777115718506192,0.704294545726961,-0.678694219090714,-0.0549601430560119,1,1
-1.53804209761988,-1.00249403385436,0.69458173392977,-0.327726263251365,1.23307116927851,-1.49445829930115,-0.360401495299692,-0.731482453333289,1.484780862876,-0.622677591812459,1.25017317969255,0.141005588683148,1.08236526678746,-0.706710771776679,-0.2249441645905,0.584362967409624,1,1
-0.291670561737004,0.075584327306319,1.05360769360194,-0.327726263251365,-0.330584287297713,-1.20491488364882,0.658280697297143,0.634578555833186,0.371677853631769,1.02565446585096,0.719928158794901,0.831645206723056,0.0925139435594731,1.55872253948312,0.572837565446246,-1.33063790246651,1,1
0.261001831850204,-1.70414950808236,-1.14031108038803,-0.327726263251365,0.695953840370505,0.899377264376967,0.076176587241809,0.573381454571221,1.33835343946444,1.03854388668477,-1.02376767029184,1.17696501574301,-0.809818360125551,1.29637822176455,-1.20475981372361,-1.24740146004621,1,1
-1.33603080892938,-1.69663369812446,-1.34537796876786,-0.327726263251365,0.196709710725096,0.760170121872779,0.658280697297143,-0.7892278417371,-0.202410109139774,0.6820912279968,-0.803699184943581,-1.24027364739667,-1.2332220733892,-0.889119487602127,-1.66128885719851,-0.467160094067096,1,1
1.68651545393031,-0.960439893213475,-1.20227071846841,-0.914050444882741,1.21316345440814,0.212441649272461,0.803806724810977,-0.921001284536824,0.326897211074556,-0.210925987545343,-1.17102101070617,0.141005588683148,-1.16756153288519,-0.0353233814984889,-0.346360265223704,-0.825109660585061,1,1
1.12621999284535,-1.59544475347073,1.33881923081427,-0.327726263251365,-0.634652561751496,-0.121035402390502,0.076176587241809,-1.37286938924882,-1.61537501854896,-0.684869745528671,-1.1111577990786,-0.894953838376714,1.28268232077928,-1.47577900597122,-0.605293959610815,0.414396424363962,1,1
-1.57234590135978,-1.34713507825098,0.126860553904166,-0.327726263251365,0.0819949162062212,1.32634074656178,0.658280697297143,-1.55783490294491,-0.113179600654533,1.57739369411071,-1.62689695486533,0.486325397703102,-1.29563528117185,1.5599317132998,-0.264919040866992,-0.451172140501564,1,1
-0.646143200382593,-0.543278028940044,-0.0847600687483939,-0.914050444882741,-0.0495748693170405,0.907293614899866,0.367228642269476,1.24068562574171,0.211550031665782,-1.2833773099578,1.24175058263104,-0.54963402935676,-0.389959649213341,0.252027049701237,1.5046861197074,0.636572689041236,1,1
-0.383147371710059,1.07159321557094,-1.33704651373016,-0.327726263251365,-0.501193984673045,1.06317506471091,-0.0693494402720245,-1.56022582951015,-1.66797771074435,-1.61508612660928,0.0926011819290507,-0.204314220336806,-0.564838439257037,-0.873812090766783,0.728174135221785,0.928171860365224,1,1
0.180959623123781,0.268773427349429,0.548400636010086,0.844922100011387,1.34541658501762,1.06772305718096,-0.360401495299692,-1.42550880600905,0.985756014378838,-1.73533687712843,-0.60896449779335,1.52228482476296,1.27755248274157,-0.711591558079534,-0.587020828478593,-1.07121320639122,1,1
-0.562289457907292,0.0619859353029025,1.30711528073569,0.844922100011387,-1.14711492687215,0.480140758130918,0.076176587241809,-0.905540482044196,-0.711022383685492,0.924691909320732,-0.742405425434507,0.141005588683148,-0.0673929635586168,1.65392415744746,-1.10038364545882,1.44732933879494,1,1
-1.02348504152145,-0.701280406536997,1.16883127318727,0.258597918380011,-1.20334734765806,-0.156218233201115,-0.214875467785858,1.34185654788457,-0.171614992115917,-1.57010581413583,0.149196716265226,0.831645206723056,1.73189132486302,0.399287146867563,0.421203280288227,0.991290222203008,0,1
0.600228335500284,1.52140666031865,0.466774165809302,0.844922100011387,0.264877245460203,1.24486564754332,-1.37908368789653,-0.579628380808378,0.113924891781482,0.103710892999801,-0.612719365454796,-1.24027364739667,0.832196415638782,-0.27068453682446,0.556656404367078,0.439979259504522,1,1
-1.33603080892938,-0.340761776647183,-1.4462223228683,-1.50037462651412,0.541705000605459,1.45616585917851,1.38591083486631,-1.06852533628328,1.68191883729161,-0.491407498222518,1.26412769728811,-0.54963402935676,1.22714820976887,0.0013936807651965,-0.0459979498786094,1.40987729799202,1,1
0.954700974145872,-1.42003189663342,-1.31730022261766,-1.50037462651412,-1.04838156561066,-1.65220496401003,-0.360401495299692,0.745710365124799,-1.38496815287307,-1.25682336603755,-1.01716852209227,-0.54963402935676,-1.3820206612968,-1.37784469796585,-0.984386919042331,-0.800673967062827,1,1
-1.27123473519847,0.425543201352823,-1.53642233542763,-1.50037462651412,-0.374737254115849,-1.55660141470616,-0.214875467785858,-0.627674705352493,0.181406676849607,0.80510840311483,1.32907523548093,0.141005588683148,-0.846383281000646,-1.4587072569067,-1.62255868217646,-0.264950869715296,1,1
-0.985369704032672,-1.32689320316922,-0.813389880486786,-0.914050444882741,1.53472845724613,1.56895138023532,-0.942505605355026,-0.578151799672016,0.0966292078227901,-1.57600421846858,0.56646765082643,-0.54963402935676,-1.25447100995041,0.320558131646842,-0.801117502519803,-1.41971405302753,1,1
-0.74905461160228,-0.521121347573609,-1.23649642466536,0.844922100011387,-0.869755385033853,-0.779317848644745,-1.67013574292419,0.826838602412721,-1.48894012202373,-0.661236853704066,1.58883800067036,-0.204314220336806,-0.116199782682271,0.0431822814746823,-0.137640360195904,-0.146463267799738,1,1
-1.09971571649899,0.0436832362346994,-0.804467649123609,-1.50037462651412,0.579033938803776,1.2748112752508,-0.942505605355026,-0.861199920310135,0.451545680949872,0.185493951937679,-1.70163438424333,-0.204314220336806,0.767102549896125,-0.482160788489701,1.00827598557408,0.0261667409625255,1,1
-0.737620010355648,1.32106062333196,-0.370273486764232,0.258597918380011,0.825645313560094,-0.39470145541504,-1.08803163286886,1.37338394984179,-0.740449475463014,-0.369421100027542,-1.54790205628381,0.831645206723056,-1.13786981417604,0.229156192177133,1.23630484616878,0.403149766475594,1,0
-0.482247249180869,-0.0046013442360413,1.56755252807471,-0.914050444882741,-0.177515814979266,-1.32388676116061,-0.796979577841192,0.211806967431076,-1.36922587851799,-0.867002424356149,-0.0038833984501393,-0.54963402935676,-1.27277643864869,-1.46677316392135,-0.290893794379736,-1.49447309058807,1,1
-1.22549633021194,0.722215810484089,0.412317905400656,0.258597918380011,1.50368125332033,-1.45707193586247,1.38591083486631,0.130093793645586,-1.11208517978532,1.44903886320485,1.43418979172375,0.141005588683148,0.407494881536896,1.52790712861693,1.03664907132288,-1.60300752314226,1,1
-1.64476504258845,1.73405223572875,1.19240757342917,0.844922100011387,0.813647193939135,-1.19500484378195,-0.0693494402720245,-0.815824903611253,1.1029143928088,1.46629799135589,0.799582473788024,0.486325397703102,-0.925428218727563,-0.707080973465358,1.71993931916803,-0.271217649494068,1,1
1.30917361279146,-1.26542649621187,0.759560105710691,-0.327726263251365,-0.143864616187841,-0.873262783757239,-0.0693494402720245,1.15978039893728,-1.36800052811498,-0.321913309823203,0.419836159341641,0.831645206723056,-0.0617338914291591,-1.46985666757827,0.761177484135344,-1.06445586978202,1,1
1.08810465535658,-0.766600625819337,-1.31693169650178,0.258597918380011,0.238857592953828,-0.0511231781174612,-0.796979577841192,0.25104553234871,-0.122022423339423,-0.399537347434203,-1.64398723387391,1.17696501574301,-1.54696264206941,-1.13397756510927,0.802711649199134,0.893761778762597,1,1
0.443955451796315,-0.349255205340485,0.848367946704554,-0.327726263251365,0.662347922438947,0.682659132042196,-1.52460971541036,-1.19420588033866,-1.05496845171476,-0.699471400338114,-0.516684665392651,1.52228482476296,0.636428676859683,-1.38841734629315,1.42956142063644,0.584203326631792,1,1
0.459201586791824,-0.254352764190618,-0.752191938176976,-0.914050444882741,0.317369926604273,1.66423261853565,-1.67013574292419,-1.01830342838773,-1.1681402878378,1.2050721543961,-0.545729948226128,0.831645206723056,0.153281747654266,-1.10270038309997,-0.55000189812496,-0.594564571463481,1,1
-0.482247249180869,-0.291987308746941,0.512111303837462,0.258597918380011,1.30159157870989,-0.213093136294178,1.53143686238014,-0.1109094968968,-1.01911889120165,0.205374142143906,0.140073027083805,-0.54963402935676,0.521310116031138,-0.284188612092741,-1.68266652305028,-1.55722882438301,1,1
1.61028477895277,1.43733231301077,-0.52343130655055,0.258597918380011,-0.490947227471506,0.0510876591374073,0.803806724810977,0.96769868681769,-0.0332263610735654,-1.4561291145245,-0.853363983172879,-0.54963402935676,-0.769021862834109,0.820097515184979,1.69785150486923,-1.0874520082598,1,1
0.90133950166159,0.763217042855515,1.75750412930989,1.43124628164276,-0.686765937988484,0.0635967793708046,-0.0693494402720245,1.52072151638204,-0.908957565722856,1.19661347375898,-0.820764303132869,1.52228482476296,-0.757934534901489,-0.780506035545822,-0.0222823892715003,0.663071237326296,1,1
1.30536207904258,0.393639978017759,-0.792299241157273,-0.914050444882741,-0.982357508792931,0.124298649175209,-0.796979577841192,0.565390836825797,-1.3933863311861,0.0906613237563252,0.415379770448139,-0.204314220336806,1.05523977232559,-0.218293161803999,1.00045777264516,1.68913024252759,1,1
0.672647476728952,-0.645966496232611,-0.738189120117043,-0.914050444882741,-1.58715182754027,0.0495569551147171,0.94933275232481,0.0203282823171537,1.02666450537361,-0.323659356584721,1.54668432137191,-0.894953838376714,0.768055774389072,1.47554879758542,1.0933520980317,-0.592387121703214,1,1
-0.615650930391574,1.14543625948875,1.52479467708089,-1.50037462651412,-1.56918210049405,-1.70399253493745,1.38591083486631,-0.864389607008084,0.128318506174668,-0.593611910358111,0.552791105495112,-1.24027364739667,0.286513949106842,-0.699828799270736,-0.344308358971706,1.04229124949923,1,1
1.54167717147298,1.60256999167319,-1.62208921329386,0.844922100011387,1.27190289364076,-1.72828179730926,-1.37908368789653,0.597845214681948,-1.18691296790792,-1.42173029847053,0.580578680786497,-1.24027364739667,0.454439815936903,1.01486642539098,0.153729153538076,1.26607645800436,1,1
0.813674225437413,1.13640955146464,0.712106441332088,0.258597918380011,0.613497791308909,-1.39773281408852,-0.360401495299692,1.66947670395888,-0.106559560981569,1.55566679407073,1.69223503093396,1.17696501574301,-1.3980730883841,-1.17414675513631,0.149026083933645,-1.54898693045436,1,1
0.722197415464357,-1.71787253996305,0.81157201696382,0.258597918380011,0.552141896368253,-1.38432954329581,-0.214875467785858,-0.0833141443660627,-1.4908193639323,0.807359073093392,-1.21804959359742,0.831645206723056,1.24534985475432,-1.10367221292176,-0.958558591814775,1.43494646729766,1,1
-1.12258491899226,0.49287469698318,1.19728680142629,-0.914050444882741,0.394500125343217,0.694369797537304,-1.08803163286886,-1.17125642788154,0.267780706796062,-1.30937238682075,-1.63618458049166,0.141005588683148,0.946143925938377,-0.148776234595943,-1.31393228151455,-0.112015980700995,1,0
0.15427888688164,-1.54524952313346,1.67680969561181,-0.914050444882741,1.20032606961666,-1.02822342019421,-1.52460971541036,-1.37493796213852,-0.556884072285969,0.008635739226903,0.851023079046177,1.17696501574301,0.323844795803383,-0.911956548548759,0.161694830798213,1.60001971049194,1,1
-0.242120623001599,-0.826234128915773,1.68084775472105,0.844922100011387,-0.0671132993313385,1.34835043860554,-0.651453550327359,-0.800223701194064,-1.3700481787391,0.162515877885067,-0.220938233005034,-0.204314220336806,1.46186566971759,1.38711837832411,-1.30525627057961,0.136701497628785,0,0
1.27868134280044,-1.51603464582835,-1.48096187738118,-0.914050444882741,1.27312458671057,1.46511993792525,0.221702614755643,0.239588588518502,-1.09490701995338,-1.18395488039244,-0.255761132181564,1.52228482476296,-1.13934620926075,-1.54212401954176,-0.52247820256993,-0.906293514896168,1,1
-1.316973140185,0.379328188366314,1.14678797160227,-0.327726263251365,-0.482165504301284,1.62803872873401,-0.651453550327359,1.54673546479812,-0.538346039871991,-0.283268250099838,-0.967031695941494,-1.58559345641662,0.657394162776645,0.336247269932447,-1.07680972698851,1.63585995355003,0,1
-0.215439886759458,0.667650760616814,0.537126131442032,-0.327726263251365,1.46651717129336,1.50120956109931,1.53143686238014,-0.696622403257669,1.04385869004097,0.47568778983026,0.0169753909379351,0.831645206723056,1.61581988027037,0.360157654131708,0.727592131222843,-0.878238279820434,1,1
1.37778122027125,-1.32463228053286,0.540711248390237,1.43124628164276,0.683108920450671,-0.797482572019262,-0.942505605355026,-0.675055885609503,-1.12886604354934,-0.780653109765457,-0.209108498924061,-0.894953838376714,-0.649003479034863,-1.48962905933011,1.29954856255166,1.31895194460285,1,1
-0.775735347844421,-0.38664629352709,-1.26189141570621,-0.327726263251365,-0.833480236887987,0.0221190872369022,-1.67013574292419,-0.0661429797869597,-1.34897628682108,-0.61533953617972,-0.547137968625679,1.17696501574301,-1.67122238472457,0.801239988940093,0.280672210051506,-1.11947323039302,0,0
-1.04254271026583,-0.134529550566169,0.550592827182317,-0.327726263251365,0.220821621525376,-1.12972615465767,1.67696288989398,1.44883551144717,0.0462988589370393,-1.34323186160427,-0.207106597746582,-1.58559345641662,0.824609880288846,-0.104973240888539,-0.300520658108394,0.604936182838552,1,1
-1.56472283386202,-0.438136423789304,1.70474618414901,0.844922100011387,0.114142445563021,1.04342444688172,-1.67013574292419,-0.281336115498522,0.193143107239226,-0.331825151307495,-0.412989212581578,-0.894953838376714,-1.70005235720888,0.768620295273424,1.7313367439494,-0.30077561703831,0,0
0.104728948146235,-1.3018666373232,1.45931064062532,0.258597918380011,-1.24322985648959,1.32670557282795,-0.651453550327359,-0.959655682515558,-1.41568063562238,0.260742173726968,1.53035925798284,-1.58559345641662,1.30210232563386,1.12555469659298,-1.64800900569623,1.62674998453494,0,0
0.886093366666081,-0.264383398765618,-0.182464458949631,-0.327726263251365,0.314115810870719,1.19873658079339,-0.214875467785858,-1.16783051047131,-0.748588643811547,-1.3623440670418,1.67139473161253,-1.58559345641662,-1.52898368972293,-0.606763980742246,-0.667111032815725,-1.07944592922791,1,1
1.17958146532963,0.892571810897403,-1.56893571078289,1.43124628164276,-0.635581263738204,-0.241137318820432,0.803806724810977,-0.149845548325748,-0.823183457499309,0.368154754031773,1.18089085057082,0.141005588683148,0.53983815148895,-0.0513966606897023,-0.756036433587117,-0.309358958968715,1,1
0.33723250682775,-1.47604649022836,-0.449341083923094,-0.914050444882741,-1.53711481511029,0.879648591250065,1.67696288989398,1.04056384763268,-1.08605418432466,-0.385475498660335,1.70691085090336,-0.54963402935676,-0.416007688936076,-0.820332105049542,-0.487435673340381,0.484652015789172,1,1
1.59122711020838,-1.44410479511862,1.1625948074245,-0.327726263251365,1.54191606019714,-1.39803306857421,-0.360401495299692,-0.723684702565566,-0.641597237126729,0.58834149137503,-0.825783899079703,1.52228482476296,-1.01898041724394,-1.02396308252816,-0.922598475222014,1.6460079994545,1,1
1.40446195651339,-0.487870972225596,0.728813288652476,1.43124628164276,0.486727899669687,-1.5955683173012,-0.0693494402720245,0.0424258198333425,-1.59815537084695,-0.673590167128618,1.19145987866499,-0.54963402935676,1.39132811737619,-1.71451372655923,-0.805960333017556,-0.670066568202723,1,1
-0.158266880526299,1.55613302267063,-0.112259169329614,0.844922100011387,1.29548148261764,0.860914775545936,1.09485877983864,0.355858573879128,0.512028835123001,0.207402262318042,-0.333326896858449,-0.204314220336806,0.864075584721148,1.59541030036636,-0.828776284486631,-0.350347005661071,1,1
0.287682568092345,0.604907617345176,-1.51630322306149,-0.914050444882741,0.605469150040271,-0.268740086405362,1.53143686238014,-0.172516595848854,1.66917750488209,0.361272785083954,0.853198434283922,-0.894953838376714,-0.543452067515854,-0.201101985268766,0.0306405361860726,-0.127178041092542,1,1
1.44257729400217,0.640070384979541,-0.224963219163215,1.43124628164276,-0.490620777109609,1.6957596514027,0.51275466978331,-1.06890399581309,0.451917985559461,0.631147855642647,-1.05059598589001,-1.24027364739667,-0.738684061529096,-1.67163753126831,-0.366693590416042,-0.845940513474833,1,1
0.215263426863677,-0.462976416829696,-0.0786334071451663,-0.327726263251365,0.0442611159670952,-1.39915263754534,-1.08803163286886,1.45993155544574,-0.485547771172732,0.861870874055198,1.08322798607538,1.52228482476296,0.828580690887506,-1.68583630733546,0.493270212712335,1.09508656362986,1,1
1.43114269275553,0.34403534724097,1.51744271714021,0.258597918380011,0.60440682043712,1.21368527296085,0.51275466978331,0.22575800376767,0.568215990343135,-1.29348595318764,-1.46273669195619,0.831645206723056,1.1773657608747,-0.725500080979369,0.060632703489795,-1.39837159294333,1,1
-1.57615743510865,-1.68804211570556,0.518982333000332,-0.914050444882741,1.58175167698952,-0.0805299626671147,1.67696288989398,0.792746211035559,0.237167429738756,1.58532903610079,-0.808874873609774,0.486325397703102,0.758649780548693,-1.66865456955256,-1.08603030287761,0.708139542877233,1,1
0.897527967912713,0.491811440633994,-0.62522972167036,-0.914050444882741,-0.845529948397453,1.11557127179132,-0.0693494402720245,0.470287428305326,1.18243489210041,1.16301030821201,1.11816428828266,1.52228482476296,0.495526564237379,-0.429364097223799,1.08487749071777,0.120796443640039,1,1
-1.63714197509069,1.45709816518602,0.116888790717004,0.258597918380011,1.28881068223896,1.08103914597568,-0.942505605355026,1.72423488086292,0.410114807491624,0.185936969781066,0.856773044699232,-0.54963402935676,-0.933711048870689,-1.50024043602198,-0.0855879623795451,-0.882975079792523,1,1
-0.489870316678624,0.409896658303311,-1.47825775823629,-0.914050444882741,1.45748352431689,1.42165956323238,-1.08803163286886,-0.152288407909282,0.452019597127163,1.32525044542393,-0.0026526505210911,-1.24027364739667,1.2336703674891,-1.58165152771637,-1.19062336623597,-0.0204816927832656,1,1
1.24437753906055,1.3192360906796,1.67031093761697,-0.327726263251365,0.586092712749741,-0.708036290905515,-1.67013574292419,-0.26083912953346,-0.964333242866063,-0.438823052106372,0.596873915978017,1.17696501574301,0.875924369748672,0.584082818389705,-1.14333935467437,1.13838041514261,1,1
0.23813262935694,0.797833427209287,-0.457098949541013,-0.914050444882741,1.48217885255981,1.53813664901932,0.94933275232481,-0.485412142612127,-0.298203241104593,-1.64796765962471,-1.10587958067506,0.831645206723056,0.0698922248508836,1.40022426866767,1.03957430420873,-0.18338330156702,1,1
-0.188759150517317,-1.30349146489823,-0.0479212674449323,-0.327726263251365,-0.350137002609137,-1.21168341811225,-0.360401495299692,-0.48025581153919,-0.5427647813034,0.757999012129896,0.579297814768159,-0.54963402935676,0.0501686160627794,-0.309510356993804,0.714001336287577,-1.29558142568258,1,1
0.779370421697517,1.41937120839604,-0.473687059835704,0.258597918380011,1.55689376896453,-1.45181583632164,0.221702614755643,-0.777659790206048,-1.6863599682053,1.50927320382654,-1.72655637604777,-0.204314220336806,0.249901976985482,1.1593931483893,0.0333563288649326,-1.5743523026252,1,1
1.65221165019042,-1.49193949036662,0.662864926295236,-1.50037462651412,0.697282366571121,-0.247171557054443,1.24038480735248,1.66390111181588,-0.649693281225057,-1.20491184338204,1.15752759119156,1.52228482476296,1.14859690711953,-1.61597351130904,-0.661081406351205,0.959102564046227,1,1
0.0818597456529712,0.136159952322982,0.592428396453749,0.258597918380011,-1.57264549888124,1.11961184843854,-1.37908368789653,1.2833988328841,-0.0563077330257954,0.469185576208901,0.0499127835108355,0.141005588683148,0.850249170859732,0.95633594458625,-0.126029108415067,-0.578730626787344,0,0
-1.16832332397878,-1.22834599768172,0.776825095212535,-0.327726263251365,1.39838031365829,-0.103137916448818,-0.942505605355026,-0.635976795960818,0.334470857339823,1.0580539651438,1.54427605340198,-0.54963402935676,1.2456054453171,-1.50071648706495,0.483581638888645,1.4865891200842,1,1
-1.36271154517152,-1.68255586606437,-0.776350830243411,0.844922100011387,-0.0526650811439203,1.12293213222083,-1.08803163286886,-0.675617475589214,1.48400548631909,1.3763333138278,-0.0833223427396217,-1.24027364739667,0.0352368408106106,1.1651294193553,1.32474715299885,0.406863205097417,0,0
-0.364089702965673,-0.253635107799252,-0.611282561820331,0.258597918380011,-0.135611779059241,0.77977888051696,0.658280697297143,-1.37426802494807,-0.904405938140005,-0.806641608279897,-0.240859370724848,-0.204314220336806,0.442319500120848,1.31610473039146,0.20429225792603,-0.214863397053932,1,1
1.46544649649543,-0.695876140208302,-1.27265403740524,0.844922100011387,0.229003278333888,-1.0126769260918,0.803806724810977,1.30504411223625,-1.20210864362505,-1.31994362414245,-0.181567490714131,-1.58559345641662,1.23980202894327,0.984807032075374,-0.762750055510045,0.225765299258357,1,1
1.3358543490336,-0.0308797578894199,0.569080394147487,0.844922100011387,-1.20377363601727,1.53497478209191,-0.0693494402720245,-0.445140256650859,1.26035177642489,-0.906241714633006,-0.497236446463314,0.486325397703102,-0.918465915913383,1.10432813036772,-1.57341658335812,-0.143194763597945,1,1
1.05761238536556,0.286712063915361,-1.56945964025248,-0.327726263251365,-0.105247474811287,-1.52481389129016,-1.08803163286886,0.250580820575103,1.50900230283187,0.239432517411513,-1.171928428947,1.17696501574301,-0.184186478960645,0.21324515193936,-1.11363091284009,1.39915979959599,1,1
1.54167717147298,-1.57100635348707,0.368229110187286,-0.327726263251365,1.13817595750244,1.36063507481762,-0.505927522813525,1.38591521844252,-0.0498095843645716,1.42377993803148,1.18844598475371,-0.894953838376714,0.428456601489754,-0.806157500047286,0.531024178732784,-0.14013801007291,1,1
-1.51898442887549,-1.29497744455457,1.3130069726664,-1.50037462651412,-1.66375942468708,-0.685319799923278,-0.0693494402720245,-0.319281016834529,-1.32990780915364,0.256152574371106,-0.394639055541301,0.141005588683148,1.44990331897418,0.494204827242975,-1.16566041075335,-1.35688413598536,1,1
0.821297292935167,0.222087651869826,1.38641902820948,1.43124628164276,-0.779409478027996,-0.0110550602236379,1.09485877983864,1.06200746414827,-0.0586218597548431,1.42688156337576,0.0947195492963363,1.17696501574301,-1.66933658244784,-0.205868438530428,-0.0532148631309886,0.337908902037367,1,1
0.947077906648118,-0.528280408094809,-0.148054377637097,-0.914050444882741,-1.708513292245,-0.279087760722987,-0.505927522813525,-0.242434577935495,-1.34973490749592,0.90736157531271,-1.6849301666219,-0.54963402935676,-0.986957657124326,-1.69821631401946,0.70001128128888,0.426917408249169,0,0
0.47825925553621,0.815943358057909,-0.112397987034732,0.258597918380011,-0.288877326321762,-1.14219963045534,-1.37908368789653,0.695087071478105,1.30753887076432,0.311213773038373,-1.54385395407074,0.141005588683148,-0.911076500368584,-0.0777244224741942,-0.653655721849405,0.916249304932899,1,1
-0.98918123778155,0.548210838005962,-1.44035086832244,-0.327726263251365,0.784993086289055,-0.500294438032128,-1.67013574292419,-0.239321294904322,0.706412107181715,-1.69133978223479,0.332630356254663,-0.894953838376714,-0.591413817724598,0.521552492669326,0.596600320537566,1.49359981416657,1,1
-1.23693093145857,1.22140103331925,0.622065390537935,0.258597918380011,1.02702744034825,-1.06950383183455,1.38591083486631,-0.372422413865222,-0.897457433842224,-0.610245159420188,1.31833310255175,1.17696501574301,-0.746892124630747,-1.66884023105247,0.291611060567015,-0.191495650748514,1,1
-1.14164258773664,0.688207004352053,1.14477381115905,1.43124628164276,1.53000815649924,-1.03177057186461,0.367228642269476,1.69881410825642,1.31957653465045,-1.56748567427007,-0.0300904150727044,0.486325397703102,0.322621295397341,0.419036102472554,-0.200802203556645,-0.504330148183694,1,1
-0.516551052920765,-0.226135313117575,-0.857931721458772,1.43124628164276,0.373413915551346,-1.08975403505747,-0.360401495299692,0.388216792279187,0.46515713374062,-0.647870617728781,-1.17787142238701,0.486325397703102,1.34749299262152,0.526171711188683,1.38697972237992,-0.027561181899561,1,1
0.459201586791824,0.620209152734212,-0.244392185328392,0.844922100011387,-0.842241023884777,-0.0494038733204586,0.221702614755643,-0.460294345258215,1.54820788999122,-1.55055802796966,-1.34858499493667,-0.54963402935676,0.485081638189321,-1.17314760950217,0.676119964515387,1.37986764860866,1,1
-0.4098281079522,-0.764338295787053,1.20583369539209,-0.914050444882741,1.45772448524028,1.01490311166377,-0.796979577841192,-0.839839250971846,1.64167793675906,-1.18420805346607,1.39018681051647,0.141005588683148,-0.886533355979381,-0.234970819262993,-0.472214813970044,1.6541273501086,1,1
-0.55085485666066,-0.656619889101575,1.33879459058093,-1.50037462651412,0.946450195763084,0.226058459344516,-1.23355766038269,-1.59515236974666,-1.71432695381733,-0.340697957518808,0.697682968141553,0.831645206723056,1.27164629661706,1.59781991836398,1.06485139615345,1.62405781040244,1,1
0.924208704154854,1.02423090671231,-0.863055060299226,0.258597918380011,0.256354235639122,1.34315656557492,-1.08803163286886,0.714572872021682,-1.31274431786866,0.0211941846939459,1.62227084530476,0.141005588683148,0.467974913093005,1.32236991598841,0.83563500013657,-0.92502127731032,1,1
0.886093366666081,-0.168716143803819,0.204597216623336,-0.914050444882741,0.672745611267461,0.458873958981541,1.09485877983864,-0.443784566446771,0.152705320733718,-1.01289490838355,-1.46663625564859,0.141005588683148,-0.964797651387798,-0.304578863049061,1.02126658097673,-0.0065084369389788,1,1
1.48069263149094,1.05694858635988,-1.03910435883761,-1.50037462651412,1.45830299979993,0.640771694231169,0.51275466978331,1.11183947796231,1.55710117549706,0.777260775948869,1.40005923311696,-0.54963402935676,-0.469830204500675,-0.514148362016589,0.499076227670227,-0.822656149745063,1,1
1.27105827530269,1.14067231370152,-1.35383304274048,0.258597918380011,0.730298976633575,0.565894986687128,-1.37908368789653,-0.47249668176207,1.68891275706327,0.283342755737008,1.20092112930171,0.831645206723056,1.01571391961189,-1.29009687892228,-0.407174576479645,-0.449651873684251,1,1
-1.50754982762886,1.26304336051768,1.45688605797538,-0.914050444882741,-0.451490593865423,-0.185694415866491,0.658280697297143,-0.4397256979096,0.223059317233801,0.635500097303341,1.36711099038391,1.52228482476296,0.838704794168075,-1.59561422247554,-0.513852430436763,-1.60569539055555,1,1
-0.0210516655667158,1.46875820957617,1.14216219961998,-0.327726263251365,0.732477515804562,0.640767237944551,0.076176587241809,0.966102468435694,-1.12870877698979,0.777914765587078,-1.73429120217739,0.831645206723056,0.275601132936807,-0.694188608004077,0.544791023555702,-1.16253650362077,1,1
0.623097537993548,-0.222464376018738,0.932124220988153,0.258597918380011,-1.57858023535069,-1.49405899011574,-0.942505605355026,-0.0374376881114071,-1.16563269632317,0.757613352027937,0.838405049069425,1.17696501574301,-1.22214023937,1.51516346452525,-1.26798988354802,-0.349642639145442,1,1
-0.70712774036463,-0.612904339085889,-1.53830717165966,-0.914050444882741,-0.389515245218046,1.22823757486941,-1.08803163286886,1.3322838729665,0.897729676543783,1.48457865631833,0.164021207210656,0.141005588683148,1.06192965310012,1.57816339907968,1.1190694870518,-0.460920678715109,0,0
-1.51136136137774,0.304120041738667,1.22281612052422,1.43124628164276,-0.321128310726638,0.945585982634012,0.51275466978331,0.311269527964706,0.307302156237467,-0.943159920637006,0.248740836174713,-1.24027364739667,-0.657558263849804,1.07604299156557,-0.438476733055037,-0.756110251161291,1,1
0.466824654289578,-0.43075584133183,-0.186238467124059,-1.50037462651412,-1.14381603251326,-0.889329117850905,-0.214875467785858,-0.899330486358389,0.159064186905924,-0.828772568225811,-0.11464411260868,-0.54963402935676,0.952008800098759,-0.510785134980765,0.462408454995843,-0.922910400640271,1,1
0.649778274235689,0.369851609653123,-0.518453583679775,-0.914050444882741,-1.63764122247446,0.911891841390204,0.658280697297143,0.235535260511412,-0.126014692853362,-1.43987901931436,0.841108091456645,-0.54963402935676,0.521807727817766,-1.22291880541229,0.0074975044386309,0.859961629384797,1,1
-1.69431498132385,0.733802057281884,0.190376678747948,-0.327726263251365,-1.258748844867,-1.6906665735193,-1.08803163286886,-1.71903752405272,0.764742287240838,0.291059048222849,1.73985045216302,0.831645206723056,-0.807994049195749,0.330270075881312,0.0776962964411529,-0.702081766699826,1,1
-1.32078467393387,0.673971663475962,-1.39039107321156,0.258597918380011,0.531836469618335,-0.985740786326771,-0.942505605355026,-0.650787131189299,1.22122975518893,-0.394532305933723,0.728788845035615,-0.204314220336806,-0.987664984459088,0.505457467667176,0.835302176957359,0.71416797347681,1,1
-0.966312035288286,-0.418983749949038,0.920355541105568,0.258597918380011,1.03910913513053,-1.50980584385665,-0.360401495299692,-1.01257378800405,-0.685144495515042,-0.0437035467058468,0.615248553399571,-0.54963402935676,-1.2702049812511,-0.257313211391975,0.449583264368369,-0.447443843485752,1,1
1.23675447156279,-1.14225060713463,0.315271187842699,0.258597918380011,1.6777706417845,0.953905644620849,1.24038480735248,0.533139288411151,-0.966896687223375,-1.1772424326999,0.5327258505703,0.831645206723056,-0.885077712361045,0.6606082334711,-0.854302812100867,1.04223264652551,1,1
1.62934244769715,-0.224051934953846,-1.05960728793714,-0.327726263251365,-0.527103673783295,0.870002618413332,-1.67013574292419,-1.26167550851542,0.576076671834557,0.487198086697567,0.675224457325521,-0.894953838376714,-1.17683661515879,0.849761935299719,-1.46433468674235,-1.13973808947373,1,1
1.6560231839393,-1.22675447496061,-1.05390381298977,-1.50037462651412,0.342066009654636,1.0690106499471,1.24038480735248,-0.728031745478935,1.41588064061562,0.382863305818588,-0.558802151531419,-1.24027364739667,0.415966641303931,0.974797974201568,1.18946623725065,-1.17283986846447,1,1
-0.379335837961182,1.37634185434855,-1.06773977137987,0.258597918380011,1.50237235841996,-1.71878349871007,-0.360401495299692,-0.585280786185589,-0.529915708305958,-0.847427283833984,-0.635313804576085,-0.54963402935676,0.352603995827907,0.0098233525444477,1.34418883523236,0.621796314680911,1,1
-1.534230563871,-0.518842757566656,-1.5097010399523,-1.50037462651412,-1.14311680002967,-0.0073181181745818,0.658280697297143,-1.72149151048868,-0.789924939069702,-0.150612931917759,0.986706996483494,-1.58559345641662,0.308862786264102,1.00428409234762,-1.15159622560497,1.43045580283882,1,1
1.59122711020838,-1.18543382142183,0.333899655443122,-0.914050444882741,0.748339337550895,0.694160627316331,-1.37908368789653,-1.57090441713932,-0.94904902812331,1.33894160876514,-1.56889750027594,-1.58559345641662,0.502118703115986,-1.62899629313976,-0.649317650426198,-1.22308714024588,1,1
1.42351962525778,-1.63470383043572,1.21107431451316,1.43124628164276,0.876587651529785,-1.19881801979247,-1.52460971541036,-0.655190596724208,-0.851595983693965,0.919385457487238,0.899020522955546,-0.204314220336806,1.101800655329,0.621968394321075,-0.743324552852071,-1.46124777844717,1,1
1.41208502401115,0.525682345927697,-1.64690989867091,1.43124628164276,-1.41129307812246,0.504511467187769,0.658280697297143,-0.962679450615451,-1.26219419144413,-0.978851003941338,1.08981749835246,-1.58559345641662,1.44437613668044,-0.906692125977514,1.52626150121559,1.49825104368967,1,1
0.786993489195272,0.49461919057473,-1.53747939937108,-1.50037462651412,1.24165283126013,-1.44443830162157,-1.23355766038269,-1.32794621493192,0.323926120669117,1.2852959291276,0.0684716335911968,-0.54963402935676,-0.925210453178595,-0.786789000013862,-1.01204502593069,-1.31129385158486,1,1
-0.688070071620243,-0.537206422544712,0.281702678854559,-1.50037462651412,1.07626548211949,-1.10949908453822,-1.52460971541036,-1.19889908273297,-0.761152774042318,-1.53326385121107,1.42639372235189,0.831645206723056,0.314420783327326,-1.40275708050941,-1.14451938565558,-0.853962282291908,1,1
-0.303105162983636,-1.47359410676653,1.13864787451024,1.43124628164276,-1.60219804582273,-0.0949529278605627,-1.08803163286886,1.16131359257856,0.386314327546244,-0.329435935705422,-0.101065071928643,0.831645206723056,-1.45255583263856,-1.05531233132198,-1.09151558398996,1.48057158858885,0,0
0.710762814217726,-0.296835423255713,-0.572831985516877,0.258597918380011,-1.40404857288662,0.51751556294912,-0.360401495299692,0.634048514321566,-1.4404384952412,-1.48879002286229,-1.13204672283927,-1.24027364739667,-1.3075517908559,1.69294010905942,0.807112007980293,1.04545931618771,0,0
-1.30935007268724,-0.639542263207604,-0.49337905447492,0.844922100011387,-1.54818272137863,-1.23165879911068,-1.67013574292419,-0.0559664993351582,-1.32908278094239,1.44283310550417,-0.491399957715217,-0.894953838376714,0.545299561965541,-0.288876372627878,1.35501792383311,-0.536363964898701,1,1
0.840354961679554,0.634675059715792,0.363589377355647,0.844922100011387,-0.56702106238722,-1.09607104389357,-1.67013574292419,1.41534810032777,0.115682032709675,-1.62568468128656,1.41143373012834,-0.894953838376714,-0.036568367286893,1.47213970870083,-0.358683306982894,1.56662567610552,1,1
0.798428090441903,0.386236540771789,-0.755269233557878,-0.327726263251365,0.0325844552021591,-1.02984156712238,-1.23355766038269,-1.63053113841939,0.0311601903249607,-1.24177652037358,1.71852840174558,-1.58559345641662,0.905996452782267,-1.15667784319081,-1.25004436416504,0.238084079544323,1,1
0.790805022944149,-0.453665421528732,-1.61526783510463,1.43124628164276,0.111796748591106,-0.91182412940628,-0.796979577841192,-0.538080427760619,-0.793147329847441,1.41097008805834,-0.2801180547901,-0.894953838376714,-0.247809504833865,-1.01521470436749,0.307720555021159,-1.46625407232187,1,1
-1.25598860020296,-0.964536070914808,0.845964828460471,1.43124628164276,-0.797445863291069,-0.953674258691604,0.221702614755643,1.11921602897336,1.11502934177062,0.254839167946922,-1.17132919688504,0.831645206723056,-1.28169091083852,0.200627321448626,-0.994176833193397,0.702216457090417,1,1
1.4540118952488,1.71740337363351,0.465368197842849,-0.327726263251365,1.41460857480239,-0.372809939566246,0.221702614755643,0.44342834702686,-1.08321896790796,0.994713148774391,-0.753755685429142,0.141005588683148,1.30043747119843,-0.515226631367185,-1.49923728613882,0.132306694351488,1,1
1.2863044102982,-0.142312300562502,0.309439288771596,0.844922100011387,-0.451874371005484,0.518289030532561,0.803806724810977,1.6675635206241,-0.486974132270584,-1.71006582370374,0.179252535170155,-0.204314220336806,-1.43676644340223,0.496556419312598,1.34882186384404,0.253688966064847,1,1
0.588793734253652,0.673516227113996,0.868386940421179,-0.914050444882741,-1.56046967406966,-0.225065479790616,-1.52460971541036,1.53880183602951,0.182203931695839,-0.311492189160987,0.244954118657795,1.52228482476296,-1.06884332927463,-0.265998400767972,1.29550354368384,1.70267195852216,0,0
-1.49230369263335,-1.2338626468849,0.63757638415735,0.258597918380011,-0.685593245054418,0.939252679170312,-1.67013574292419,-1.14423592446936,1.25267750497875,1.65209189897226,0.447527465067323,1.17696501574301,-0.763574663371459,1.07287375505513,1.65950999239072,-1.19033561287787,0,0
-0.394581972956691,-0.0323103031434817,-0.992601244026901,0.258597918380011,0.107542872487181,0.743884522352091,1.24038480735248,1.63396222205348,-0.288162211726621,0.246717067883576,1.16499783826168,0.486325397703102,1.72784773482695,-0.233304282795687,-0.0793188345982327,0.543157660124956,1,1
1.11097385784984,-1.62742925788443,-0.483422397151237,-0.914050444882741,-0.314605509083191,-1.29829887743343,1.38591083486631,1.5423345335319,-0.356676841997735,1.18397866117523,0.731150634059961,0.141005588683148,-0.278393387940791,0.250586461854726,-0.702933105344767,-0.137665628333766,1,1
0.0932943468996031,0.0368688237135079,-1.26967080474598,-0.914050444882741,-0.776230648680438,-1.56594942414891,0.51275466978331,-0.438749736251251,0.264715802844999,1.579482900484,-0.842835950476902,-0.204314220336806,0.0159026949115674,-0.613040401914061,0.94539424858297,-0.779964875851311,1,1
-1.26742320144959,1.63376139229661,-1.25665688877914,0.844922100011387,-1.26581852340431,1.29056369852817,1.38591083486631,1.67169545298993,-0.637966177339676,0.612160842127333,-0.373814493413297,-0.204314220336806,0.94541456682618,0.703206642437327,-1.09617048728885,0.669483811709554,1,1
1.45020036149992,-0.385365366349204,0.640927777757443,-0.327726263251365,1.09708115653986,-1.45918093106095,0.803806724810977,-1.6087385216758,0.709925920457219,-0.629157209918875,1.18059606500047,1.52228482476296,0.483131465236032,0.533740949592566,-0.878612588233332,0.582403848664425,1,1
1.30155054529371,-1.58752353560146,1.274468284709,-0.914050444882741,1.70505245586563,-1.22314867789417,0.51275466978331,0.555871791309806,-0.871497719578127,-0.69522767486255,0.45914175382175,1.17696501574301,1.19418764538326,-0.352079065932694,-0.835686084087962,1.22963367222807,1,1
-1.22930786396082,-1.61552272025691,1.63614901408092,-0.327726263251365,-0.584889113066739,-1.65796818102699,1.53143686238014,-0.810990798109384,1.10151581560384,-1.51949500477873,-1.17282672824957,1.52228482476296,-0.0370785915048433,-0.767845095822223,1.57535577432048,1.30654585273667,1,1
-0.215439886759458,-0.372201769945622,0.47473633119687,-1.50037462651412,-0.405985563368641,0.430594362390131,1.38591083486631,-1.28445230630048,-0.79025053278531,-0.281356058801712,-0.616724518505914,0.141005588683148,1.6477157126861,0.394097614398819,0.806951751762746,0.216671373820932,1,1
0.729820482962112,-1.16605366402758,-1.06825148277547,0.258597918380011,0.406161753818645,0.272227547286212,1.67696288989398,0.267621566816562,1.68364976296826,1.41218383579445,1.01030744753169,-0.54963402935676,1.03946452891724,1.52502171977116,-1.25830747725712,-0.595439112768124,1,1
-1.49230369263335,-1.64200174758248,-1.34073330364131,0.844922100011387,0.751073405081314,1.6659728141374,-0.942505605355026,-0.671733536166994,-0.638766170320943,-0.106693124111752,-1.1529897316407,-0.54963402935676,-0.33213552010737,-1.26066840190068,-1.39982671425603,0.105848190361636,1,1
0.703139746719971,0.910107614297819,1.11556895596803,0.258597918380011,-0.370229901492674,1.32153997682568,-0.360401495299692,0.57691422365332,1.29256718517161,1.39692131298166,0.660682351823823,-0.54963402935676,-0.401829656379902,1.02997829865361,1.19840725567049,-0.479653626421745,0,0
0.241944163105818,-0.126567066894072,0.302494396566598,0.844922100011387,1.39170456107043,-0.318738877925339,-1.52460971541036,0.137538885502407,-0.360952567401328,1.07096126979596,0.215040414159677,0.141005588683148,1.49965844279237,0.149686059979248,1.05795640096342,-0.761185680648367,1,1
1.14908919533861,-0.716059846622051,0.439787902780126,-1.50037462651412,0.206802639677076,-0.453992894440037,-0.796979577841192,-0.373010353433678,-0.880568081364562,1.65112458380292,-1.23903005278371,-1.58559345641662,0.649618696231918,0.0897726118591277,0.603143596330546,0.181456852858768,1,1
1.34347741653136,1.41111751217758,1.00654673389978,0.258597918380011,-0.169747442775646,-0.711474639256827,1.24038480735248,-1.10308599127991,-0.94888205100914,1.52438508835529,0.653092498966198,1.17696501574301,0.43116686351016,1.58871727589613,-1.0421051672978,0.547070533485755,1,1
-1.34746541017602,-1.31888173342688,0.73498921017614,-1.50037462651412,0.504530632080651,-1.20913402155194,0.658280697297143,0.349768786428059,1.19422609810299,0.686633525003926,-1.25694439827793,-1.24027364739667,0.904257185398868,0.365812841919689,-0.0575662683340068,0.315507240340255,1,1
0.71838588171548,1.60555898754598,1.19061698614627,0.844922100011387,1.55616437207275,-1.25848222187943,-1.37908368789653,1.13946911951649,-0.665242972257447,1.25876995943777,-0.361961665827543,-1.24027364739667,0.220977626859122,1.13790316968439,0.36662997246269,1.56625373906236,1,1
-1.26361166770072,-0.629968399883313,-1.5124396550962,-0.914050444882741,1.01253232658383,-1.27846489037593,1.09485877983864,0.345453711803927,-0.562865996791345,0.831094824878494,-0.676063052881065,-0.204314220336806,-1.17219665338708,0.0516826271045226,1.50786166182833,-0.688034497947042,1,1
0.421086249303051,1.37044490500306,0.888658736934368,0.258597918380011,-1.579490684529,-1.3410627074837,-0.0693494402720245,0.381887264206488,-1.04906165618671,0.675905996113568,0.657045267614101,-0.54963402935676,-0.617070923502826,-0.857820504736015,-1.13452613637343,-0.434667927745864,1,1
0.57735913300702,0.376359184893901,1.24755960876211,-1.50037462651412,-0.575381134452676,-0.905583839155101,-1.52460971541036,0.0400520987361069,1.57589320425988,0.718156382571036,0.979802507077842,-0.894953838376714,0.210957310649255,0.67038116182527,0.0642553017148813,0.580444500073721,1,1
0.146655819383885,1.15559430484173,-0.713860316351282,1.43124628164276,-0.100511528154227,-0.677653342193773,-0.796979577841192,-0.388075816122431,-0.885070128388894,0.737203158752475,-1.16619164920836,-0.204314220336806,-1.6612487457382,1.45636921262764,-1.174963609309,0.349151713006634,1,1
-0.810039151584317,1.70339440630422,0.516763502155374,0.258597918380011,-0.636502084962299,1.57872117995177,0.658280697297143,-0.148312177641651,-0.875798585363433,-0.449290799632767,1.08337006146865,0.486325397703102,-0.207321157077272,1.17472086395119,-0.183790918722034,-1.70820560732445,1,1
1.65983471768817,-0.718982735190258,-0.616514763472815,0.258597918380011,0.688366832448108,0.258800066747509,0.94933275232481,1.69477007138412,1.51604400690886,-0.29597668630391,-1.72921983627253,1.52228482476296,0.897223946110853,-1.0347890331019,-1.02812843836929,-0.641114174933927,1,1
1.7055731226747,1.62372541796896,1.61961095477357,0.258597918380011,1.12148733260291,1.6683573467012,-0.0693494402720245,0.863874245283645,1.3683718219536,-0.745711762158286,0.0980400674657215,-1.24027364739667,-1.1546210608341,-0.627420943515691,1.17544261062939,-0.842292031375335,1,1
-0.676635470373611,-0.366995127455078,-1.59159674919366,-0.327726263251365,0.795400436378253,-0.450957200748152,-0.505927522813525,-0.241486032721899,-0.87075953951597,-1.25212536421728,0.0516646854379855,0.141005588683148,-1.50034202643988,0.059943116068599,-0.838964666378798,1.17263833187079,1,1
-0.992992771530427,-0.380820180107339,0.306093985808602,-1.50037462651412,1.68165175551398,-0.157554988161372,0.221702614755643,-0.148872087484113,1.24414140442939,-0.174831811431335,0.425726712630445,-0.54963402935676,1.17548715604146,0.24802287332959,-0.276446473446527,1.26316223816166,1,1
0.969947109141382,-0.537962318144334,-1.12937339941887,-1.50037462651412,-0.780678841860614,-0.615947593666233,-1.52460971541036,-0.0022259771859588,-0.86762631222758,1.35855885320974,-0.916715889586712,-1.24027364739667,0.416738796738715,-1.05042547905783,-0.308725024069586,-0.738714220345901,1,1
-0.0096170643200839,0.162069400724487,0.766050630224064,0.258597918380011,1.28885340425698,-1.10411820450184,1.24038480735248,0.550896388892368,-1.43552119189987,0.494854365825261,-1.71998375379073,-1.58559345641662,-1.11180278222372,-0.926013429362209,1.27975303417456,-1.36373639333434,1,1
0.501128458029474,-1.18652974352954,-1.0967706825895,-0.914050444882741,0.916587350941025,-1.24097638374353,-1.23355766038269,-0.118868401023151,1.0917807426748,-1.57192844516916,-0.165106413174782,0.831645206723056,1.07238949120418,0.891518258535214,0.90386831475669,-1.00921913426778,1,1
1.29773901154483,0.204916298129787,-0.890135207336938,0.258597918380011,-0.472774481314415,1.52187421079483,0.94933275232481,0.643953671451615,0.9241752663584,1.05032419524173,-1.50487827125864,-0.204314220336806,0.558445652266348,0.793517821360453,-1.52201939970517,-1.10764838770498,1,1
1.56835790771512,0.163104384556984,0.0093997742715799,-0.327726263251365,0.804948508554828,1.66565245247612,1.24038480735248,-0.592626833962846,-0.713618253076492,1.48168774473276,1.36364656515266,1.52228482476296,-0.565377360078937,1.16777379110403,-1.48906561150211,-0.898415168035421,1,1
-0.771923814095544,0.929916138404778,1.46978735948007,0.844922100011387,-1.35941951156212,-1.57949685225431,0.51275466978331,-0.310486243813492,-1.41603207770457,1.1136126021845,-1.14749512972538,-1.24027364739667,-0.419434105138701,1.48988960247213,0.188111095021886,-0.908007503456304,1,1
-1.42369608515356,1.17977115085483,-0.972343770553198,-0.327726263251365,0.994604455304965,-1.21623497847461,1.38591083486631,1.26009059496114,-1.01662171549273,0.759770404769881,-0.268308975327081,0.831645206723056,-1.18356844733594,-0.657075081753292,-0.239673667363147,-0.065141739564207,1,1
-1.12639645274113,-0.189534447502616,-1.20670074760677,-0.914050444882741,0.111737918845977,-0.275049091189204,0.658280697297143,-0.593604178746435,0.922452659459815,-1.24566603736549,-0.237668201062117,-0.894953838376714,1.1728041251548,1.23784025611301,-0.766737900717115,-0.61582785890596,1,1
0.786993489195272,-0.670480668498901,0.92844925307801,0.258597918380011,-0.712858533690618,-1.09224623934141,-1.52460971541036,1.60780889845622,1.58764919330915,-0.554939207057566,0.177743829647337,0.486325397703102,0.0412160846328491,0.572501610074711,1.02451268098316,0.209804172642576,1,1
-0.0553554693066115,-0.820217684474977,0.0311033017482415,-1.50037462651412,0.535806940414812,-0.480540612281553,0.658280697297143,-1.1353598456419,-0.836103230077465,0.19624547474521,0.980396603161668,-1.24027364739667,0.207746236421895,1.5752659429094,-1.27583630680083,-0.531631109332039,1,1
-1.38558074766479,-1.04556681201757,1.45919443471575,1.43124628164276,0.487173208610718,-1.28944635344854,0.94933275232481,-0.895745347190014,1.08455993502633,-1.50010344069594,-0.104347732147648,0.486325397703102,1.34011085577835,-0.781448422016229,1.65308949970549,1.08588159385665,1,1
0.943266372899241,-1.52257150263633,-1.1984533309195,0.258597918380011,-0.997309963194522,-0.16139609028893,-0.651453550327359,-0.126760829035355,-0.942805352357768,-1.39796176186619,-1.66442818621094,-0.54963402935676,-1.66935529348767,-0.789706262062622,-1.63798504953337,1.5537855954016,0,0
-0.627085531638206,-0.53078554984181,0.53579919925507,-0.914050444882741,-1.61252297445747,-0.798149949964388,1.67696288989398,1.02924137975129,0.608363431385343,1.47770200602756,0.940478713738952,1.52228482476296,-1.49214214919516,0.704074343038805,-1.31188204904742,-0.326121207842151,1,1
-0.874835225315231,-0.782215080792545,-0.898832689974336,-1.50037462651412,-0.227347791059437,-0.521799461897511,1.09485877983864,0.801201903931918,-1.43844274839323,0.67346329615362,-1.46724892528767,-1.58559345641662,-1.16382995469822,1.47435784146372,-0.642944482313608,-1.54456052578587,1,1
-1.4503768213957,1.64211905344487,-1.1632139290416,-0.327726263251365,0.239464488426375,-1.40928726291066,-0.942505605355026,-1.1285669024243,0.284491311623221,-0.811645337602605,0.487696801417127,-0.204314220336806,-1.62007791139051,1.11741197163814,0.0424371605618489,-0.891048883104336,1,1
-1.534230563871,0.218836596668979,0.66605229881279,0.844922100011387,1.29440400761161,-0.259186989448923,-0.0693494402720245,-0.913046775589806,-0.801115060187578,-0.630095472489514,1.05342891580022,-0.54963402935676,0.558538209139831,0.782251933577927,-0.972693052647606,-1.36446855513073,1,1
-1.35508847767377,-0.513968880609728,0.354343944457091,0.844922100011387,1.47170194895549,1.653410992823,1.53143686238014,0.25975181889259,1.45404797302095,-0.431889592051337,-0.766473799118104,0.831645206723056,0.474334992780681,-0.385389566761676,0.829097346757551,-0.529467909056887,1,1
1.14527766158974,0.298091518221782,0.91403733783409,0.258597918380011,0.0996273777318722,-0.601289874200585,0.803806724810977,-0.710479154199304,-0.730502140158118,-1.50631849336425,-0.184874768877306,-1.58559345641662,-0.993101221101385,0.750383623397114,-0.48279917425411,0.503001348784204,1,1
0.0132521381731798,-1.23858569437254,-0.632837375573514,-0.327726263251365,0.872550388012982,1.28535338115774,-1.52460971541036,-0.270008229337699,-0.357227227132213,0.80018186288845,-1.7043303049384,-1.24027364739667,-1.20605015977628,1.03677990917076,-1.58797277382637,0.0691607953390922,1,1
-0.935819765297267,-0.176989490903361,-0.151757249972814,1.43124628164276,-0.207833274055339,1.17086499809267,0.94933275232481,-0.0473876622926153,1.16155831795945,-1.15288718470322,1.05498653607532,-0.204314220336806,-1.21895895390594,0.872458947430857,1.31934139025571,-0.879713800336314,1,1
-0.882458292812985,0.457469071629477,-0.299371368489661,1.43124628164276,0.84602577706453,1.54591984623131,1.67696288989398,0.325506998681746,-0.220425152524518,1.02920807332646,0.703355924314228,1.52228482476296,1.58203561815604,0.609617423795511,1.54849329990531,0.922880269616974,1,1
0.0932943468996031,-0.0207900980513955,1.71032733198094,-0.914050444882741,-1.01340302373818,0.987954331362928,-0.360401495299692,-0.863283422707104,-0.906815135328871,1.17074493362032,-0.945769002398148,1.52228482476296,0.681143342180343,-1.55456940687588,0.421498895951544,-1.2626395061768,0,0
-0.0667900705532434,-0.324172510170675,-0.692625010683164,0.844922100011387,-0.442249018093097,0.538296600513234,-1.37908368789653,-1.16779854366058,0.154841429943648,0.450292754812032,-0.390652172143848,-1.24027364739667,0.306284901842732,0.550859526285995,1.07272213633798,-0.930176013065575,0,0
-0.413639641701078,1.73764449442339,-0.683704662365012,-0.327726263251365,0.461779915912286,1.21698162488603,-0.0693494402720245,-0.352317088701334,1.15919580017235,0.906729193667453,0.675590828644135,-1.58559345641662,-0.605724103208989,-0.0726756953844224,-1.30190159751543,0.609334795630185,1,1
0.386782445563155,1.3422761680047,-0.47624257543951,0.258597918380011,-1.65456841821928,-1.47360436265102,0.51275466978331,-1.4487686604908,-0.237929749361819,-1.17024863575135,-0.502707619148579,0.141005588683148,-0.222261660574215,1.58832245096556,-0.790171263971135,-1.03660802142538,1,1
0.61928600424467,0.447619608688361,0.253304503730147,-1.50037462651412,0.7648825045736,-0.139625467414791,-0.0693494402720245,0.0917604581408566,-1.26921686114261,0.233241180583803,-1.18681754155214,1.52228482476296,-1.41416093481675,0.370332746374864,-0.594736471500367,0.618669687081605,1,1
-0.611839396642697,0.259470981916307,-0.831299726603715,0.258597918380011,1.15331947230075,1.6740781739064,-0.651453550327359,1.17540540376097,-0.409956933376511,0.583538413422825,0.057664070860822,-0.54963402935676,1.73780671646605,0.373898161021746,1.60699926702661,1.64367365213384,1,1
-0.745243077853403,0.438058783358139,1.47136766620373,0.258597918380011,-0.345798041776344,0.917293056550503,-1.08803163286886,-1.32077968996131,1.55236957913354,0.530612886456688,0.774323904224434,-0.204314220336806,0.894735603850835,1.69997542044855,0.0530853185308576,1.14320740567301,0,0
1.0842931216077,-1.02227564591936,-0.78488697578038,-0.327726263251365,-0.178155739320051,1.58043146002209,-0.214875467785858,-1.34241215669616,-1.4782527955213,-1.35968945435435,-0.633252673751597,-0.894953838376714,0.43123457623272,-1.39489989168041,-1.69580316318098,-1.16456685440184,1,1
-0.352655101719041,-0.347299259672836,1.40372838342901,0.844922100011387,1.20741320140192,0.951864085193976,-0.360401495299692,-1.45503285866226,-0.322868710586394,-0.570975966442347,-1.32885675018324,1.52228482476296,0.314395480967796,-0.766868371049107,-0.404350328185749,0.0746282617870532,1,1
-1.62570737384406,-1.58590937725175,-1.34828865555884,-0.327726263251365,0.94761433481275,1.28002241479665,-1.37908368789653,1.2040037749889,0.49993665357378,-0.638162730372619,1.14469555322127,0.141005588683148,0.02494100509279,0.538364458603033,-1.6946354960688,-0.262859596776236,1,1
1.19101606657627,-0.0672862483143444,0.572736816868326,-1.50037462651412,-0.727082775298346,0.69999504901974,1.53143686238014,-1.4533456089361,-1.45594312884628,0.221390607658567,-0.870928764428418,-0.54963402935676,-0.831381505566079,-0.633101776594924,-0.897619755096787,1.69430210489909,1,1
0.276247966845713,0.167700343331369,1.44252412502738,-0.327726263251365,-0.604009750745179,0.885947045445593,-0.505927522813525,1.67371055220714,-0.540922317403719,0.890691097980541,0.0377764000889309,0.141005588683148,-0.939032813609918,-0.526851798991002,-0.146199061875537,1.6005645456786,0,1
1.17576993158076,-0.930209522894895,-1.12157280112867,-0.914050444882741,0.615164178018655,0.0682903655013398,-0.0693494402720245,-0.491676846705029,1.50464367716584,0.214664942268568,0.661704582383443,-0.204314220336806,0.181779044093321,1.35143190576957,-0.601106330715287,-1.27765705045801,1,1
1.47688109774206,1.63380123100067,1.65557982124918,0.258597918380011,0.217775150370227,1.45006862170024,-0.942505605355026,-0.594101232330355,-1.62038506432335,0.854537283956533,-0.646303492584547,-1.24027364739667,-1.48077333073078,0.274661451250059,-1.60808089180405,1.40919672245211,1,1
-1.33221927518051,1.44375247574937,-0.134697551111513,0.844922100011387,-1.15964789646267,1.10829722354815,0.94933275232481,-1.4154961204074,0.856119946094561,-1.42332442561668,0.512451637699286,-0.54963402935676,-1.46596297413289,-1.36301243783634,-1.31844719941443,-1.04972587946756,1,1
1.34347741653136,0.791461280949363,1.57704264201998,1.43124628164276,-0.652261807691575,1.17322788015254,0.51275466978331,0.295700898170834,1.16394810240223,1.28280863373948,-0.147818852025686,-1.24027364739667,0.220907477013116,-0.64813393020374,0.18703474451938,-0.616480577547911,1,1
-1.02729657527032,0.134137227948443,0.643096133874526,-1.50037462651412,1.37471303991487,0.584506152019201,1.24038480735248,0.296535695934149,-0.774084144723524,0.0966725496990655,0.239155252876578,-0.204314220336806,1.4660865227766,-1.45514787905479,0.68840497125898,-0.499753486501149,1,1
-0.863400624068599,1.30624874895917,-0.660191870375631,1.43124628164276,0.647098869678091,-0.684849520544625,1.53143686238014,-0.0224072559437383,-0.988201102089678,-1.63681170935375,0.309539482458802,-0.894953838376714,1.44687045816959,0.194841463847807,-0.319945148385717,-0.728645966085994,1,1
1.19101606657627,-1.26834047655089,-1.05365955441063,0.258597918380011,1.67011289082896,-1.611468375492,1.67696288989398,-0.655557702979915,1.41618447275751,0.466890056770761,1.12584620008234,0.141005588683148,-1.68670572742618,-1.1210410891387,0.812698685763451,1.21845711449562,1,1
0.798428090441903,1.02954027760293,-0.652730663142918,-0.327726263251365,0.91792663006327,1.48940529633963,0.221702614755643,-0.456173319848189,0.898224002644175,0.0297464725850772,0.539326065202334,-0.204314220336806,-1.35176875058313,1.22931724675477,-1.15562761958736,-0.580451945429338,1,1
-0.0286747330644704,-1.28864813575156,-1.38461096516356,1.43124628164276,1.51896273021495,0.285146752056067,-1.23355766038269,-0.62270873072068,-1.33621269999006,-1.00168418156265,-0.830721193884753,-1.24027364739667,0.29813003735648,0.267650459087444,-1.29862280547082,1.09296806578297,1,1
0.604039869249161,1.04242814296819,-1.20799299615727,-0.914050444882741,-0.974285779370659,-0.707026950958339,0.803806724810977,-0.256772395350493,-0.99684566172739,0.887872092333928,-1.54612396556338,1.52228482476296,1.21865787770892,-1.51248586096569,1.18676274465362,1.70360893901806,1,1
1.21769680281841,-0.762992721335814,-1.34417151629307,-0.327726263251365,0.933290207308534,-1.22040645566766,-0.360401495299692,-0.548980718819134,0.408331004276565,1.47532060810074,-1.74749266948523,0.831645206723056,1.58622440937665,-0.682458636195211,-0.54629763299954,1.17554873763902,1,1
-0.474624181683114,1.33104831301396,-0.238686768082866,0.258597918380011,-1.6474933543688,1.1237469085309,0.803806724810977,0.607022318127924,-0.285188254784923,-0.646338624356727,1.40636578296135,0.141005588683148,1.26064904954957,0.401773363216619,-0.223983514641865,-0.524727470468609,1,1
0.25337876435245,1.56419956808567,1.05557648247681,1.43124628164276,0.587276177108531,1.14785389977009,-0.0693494402720245,-0.708325556835579,0.0058954057678904,-0.0516333033831026,1.5380957720463,1.17696501574301,0.626024356978006,-0.563461769507462,1.56136697051615,0.73035457812334,1,1
-1.6523881100862,-1.20515730266064,-1.21662204270533,-1.50037462651412,-0.104848198418545,1.07201477561999,0.94933275232481,-0.517632030406118,1.54229777362284,-1.32188442518531,-1.42552687353469,-0.894953838376714,-1.02874618766454,0.0472125776433436,-0.252168916181114,0.120777458166672,1,1
1.30536207904258,-0.112106108935173,-1.25504730452819,1.43124628164276,-0.525741364794859,0.488290786593213,-0.651453550327359,-0.22451148841011,-0.282377151068619,1.46223216457693,-0.0522554483813948,-0.54963402935676,-1.47237732113928,1.40888887651405,-1.70939579047488,0.989083121213652,1,1
-0.432697310445464,1.69285744377884,0.527119681232491,1.43124628164276,1.24562042031255,-0.473184878697922,-1.67013574292419,-1.71917553140229,1.3023750951411,-0.659839902963944,-1.22463025756219,0.831645206723056,-1.55945591760368,-0.513496361144438,1.52807472369138,-1.18833113846742,1,1
1.17958146532963,-0.0399097956121882,-1.02281528488375,0.844922100011387,1.21766904281172,-0.68660546937133,0.221702614755643,-0.0283764240465641,0.54360713073347,-1.09054284693133,1.56129816296075,0.486325397703102,0.39871281366463,-0.562174473780742,-1.67257373189332,0.479008482020829,1,1
-0.729996942857893,1.28388610628793,-1.36865950217468,1.43124628164276,-1.64033367983875,-1.70475045306985,1.53143686238014,-0.846765911853182,-1.30791824932343,-0.105421103479486,-0.891790709807827,0.831645206723056,-1.59874401403513,1.10091803136229,0.572974100315959,0.944907129912753,1,1
0.180959623123781,0.326869711637647,-1.12817501132784,0.258597918380011,0.376850905591896,1.13781894275234,-0.942505605355026,-1.53839961988789,0.831273224622003,-1.61672393777734,-0.0012535225800727,1.17696501574301,0.839775774107699,-0.621002741032279,-0.602845992684803,0.902159690226035,1,1
1.70176158892582,-0.416277860412942,1.5006871626069,-1.50037462651412,-0.45335346694813,-1.4329908935973,0.221702614755643,1.42278342949325,0.0609636111214116,-0.888922385437181,-1.17561511224727,0.831645206723056,0.746927264114025,-1.44861775596356,-0.091839370216231,1.5977880498227,1,1
-1.10352725024787,-0.728113150943439,1.14550956335128,0.258597918380011,-0.289050145164201,0.438927321817349,-1.52460971541036,-0.616074192874404,-0.952543029873156,-1.53206645727796,-0.591483775515567,0.831645206723056,-1.44813489536611,-1.09465633779026,0.174557877734317,-1.51381904551695,0,0
0.0971058806484804,-1.01562085758582,-0.477922412648242,-0.914050444882741,1.14131412641026,0.0024742347023575,-0.505927522813525,-0.256984193866357,-0.731194380034141,-1.32467625023108,-0.821985241719479,0.141005588683148,1.42033836610826,1.54443576812115,-0.30639550770431,-0.525977217009985,1,1
1.53405410397522,0.929555288916029,0.570159872324941,-0.327726263251365,-0.652571452316544,0.0803880804483168,-0.0693494402720245,1.13293111722949,0.188456851181077,-1.3775144985166,-0.0928920095259843,-1.24027364739667,0.0860379968369841,1.4911371703895,0.961278920161418,-0.0764343220100041,1,1
0.81748575918629,-0.377238186851481,0.158420161301395,1.43124628164276,1.52265347804152,1.45859628209401,-1.08803163286886,-1.15515938849747,0.340837584003312,1.2629469367959,-0.287359388800135,0.486325397703102,1.41276390674067,-0.943886506192815,1.50290362038522,-0.649783470246451,1,1
0.9165856366571,0.0571375304138454,0.644152773084943,0.844922100011387,-1.09986010502004,-1.62530058432192,-1.52460971541036,1.21248172723974,1.59942404450623,1.46443800994077,-0.598345167340399,-0.54963402935676,1.40295327145097,0.185808911294532,-1.42211641667022,-0.64969414454582,1,1
0.85941263042394,-0.0088536914146843,0.663418643947115,-1.50037462651412,0.559665098907171,0.930357955858022,0.94933275232481,-0.895890372273545,1.20977960632216,-0.118988776374476,-1.384406085428,-0.894953838376714,-1.040854700028,-1.24442847769432,1.05095320623101,-1.10916019548269,1,1
-0.264989825494863,0.28698766893308,0.476080132650576,0.844922100011387,0.591896730343188,-1.55488728241607,-0.796979577841192,0.307466638308623,-1.01868092146578,0.422448663445293,-0.0612253018283493,-0.54963402935676,-0.404237458114849,0.602285793033945,-1.27571169380349,1.07995000872204,1,1
0.363913243069891,1.29095404479416,-0.783442775281871,0.844922100011387,-0.850594514599451,-1.6027730450645,-0.796979577841192,0.64221916653137,0.932534086780493,0.649883445042605,1.21691250617975,-0.54963402935676,-1.25731468540801,-1.07966827539357,-1.44337039545963,1.40692165687575,1,1
0.920397170405977,1.69199369072787,-1.57220598162987,0.844922100011387,-0.601349149210196,-0.253365616387332,-0.360401495299692,1.40197458839199,-1.69712097615953,-0.407980753742993,0.797584768761213,-0.894953838376714,0.963732510357713,-1.54542992729531,1.589948208234,-1.43160667261134,0,0
-0.0858477392976299,-0.303955817733409,-0.125377290022902,1.43124628164276,1.15078767067838,-1.51691031163373,0.658280697297143,0.37189544678068,-1.27979464428598,-0.481272924930859,0.763864933251364,1.17696501574301,0.0242838789650961,1.11858391643444,-0.0263368280397625,-1.18213833331699,1,1
0.623097537993548,1.15842048121912,1.38691131770892,-1.50037462651412,0.900038391336751,0.984627666556707,0.221702614755643,-0.162951431586694,-1.03976373129561,0.579265484666624,-0.474998347409245,-0.894953838376714,1.49728733189008,-0.598168024585529,-1.19279983021944,-0.929292477645735,1,1
-0.69188160536912,0.939060831109195,0.270334586652514,-1.50037462651412,-0.586422099878014,0.0902890110137252,-0.214875467785858,0.249382174947642,0.325372396289335,-0.458683765769589,0.721382297084367,-1.24027364739667,-1.00207309773643,-1.34357014048101,0.253103818892165,0.0350588380594702,0,0
1.46925803024431,0.273928436903897,1.18343699330999,0.844922100011387,0.117323427678492,-1.63417651166748,1.09485877983864,-1.03290642962437,-1.05698822282514,0.2508516227333,-0.127471958105838,-1.58559345641662,0.663326219658347,1.14954115775204,-0.809513813224067,1.00508233630382,1,1
0.485882323033965,1.60600582917777,1.73649803887494,-0.327726263251365,-1.50505877321867,-1.59468660571958,-0.942505605355026,0.653982395368568,-0.471135702065624,0.0222641241608733,-1.22924035032064,-1.58559345641662,1.70688500522107,0.90377588127905,-0.112909285556051,-1.46897914836277,1,1
-0.123963076786403,-1.02519246865276,-1.13940193538945,1.43124628164276,-0.999853209774495,0.376613683242955,-0.651453550327359,-1.0855637014685,-0.891815665100501,0.0544520137478271,-0.289918355627469,-0.204314220336806,0.583598344408613,0.63349626400784,0.442618116347067,0.474465391919659,0,0
-1.07303498025685,-1.34282229127482,0.695047976532717,1.43124628164276,-0.0480352372172666,1.04308736551311,0.94933275232481,0.197348440361621,-0.566803041301157,1.11339179301775,-1.29053103550191,-0.204314220336806,-1.48572244193736,1.41537242020291,1.29005933423559,-1.20126298973514,1,1
1.49593876648645,1.2505054668451,0.634321009010341,0.258597918380011,-1.42160498315904,-0.225865661351895,0.94933275232481,0.510332329319586,1.51107645893573,0.678207247065788,-1.35433224993242,1.17696501574301,0.316674808312538,-0.0351047436556973,-1.7108117396136,1.62482115709566,1,1
-1.54947669886651,-0.194032071014391,1.69596875541654,1.43124628164276,1.1801035346455,0.176482527653129,1.67696288989398,1.37969909052945,1.69970583406944,1.56949142941643,-1.67384315167612,-0.54963402935676,-1.10048243522704,-1.27643213469655,-0.979606364698792,1.37496752056641,1,1
0.405840114307542,1.22615272340772,1.71557638825332,0.844922100011387,0.749578166682273,1.02144262377737,1.67696288989398,-0.173488515251025,0.629387320443019,0.980086749370906,-0.765900195664636,-0.204314220336806,-1.61846519175291,-1.50571239961204,-1.38796211625692,1.54962743578832,1,1
-0.627085531638206,1.38676523860961,0.677337652041679,-0.914050444882741,1.52466261246293,0.369163679783537,1.67696288989398,0.95277416224352,0.239887236124627,-1.26069716790444,-0.598076100557882,0.141005588683148,-0.562458884800868,-0.622087120661383,-1.38509646214585,-1.34966745009798,1,1
-0.200193751763949,-1.5058211686637,-0.861544839626405,0.844922100011387,0.665279770971003,-0.959853818873111,0.658280697297143,-1.15259084938418,0.707434643926894,0.797772593704281,0.690014787489246,1.52228482476296,-0.801286697037867,-1.41812332835527,1.55511643781113,-0.0369616192047936,1,1
-1.66763424508171,1.35324569830896,1.065918026385,-1.50037462651412,1.51355889220944,0.377934949442712,1.67696288989398,-1.19185067117836,0.924498238180255,0.544807320947627,0.125810927610198,0.486325397703102,1.01157287345954,0.123969542010121,1.52153035024217,-1.1465677510357,1,1
0.600228335500284,-0.162101208967547,-1.33594439109379,1.43124628164276,0.187938248303335,0.430398302307856,1.67696288989398,0.0849464310883992,0.812404097609281,0.476722299168189,1.24571594040238,1.17696501574301,-0.428159868228431,-1.66672526642917,0.8744572200406,0.34914113662628,1,1
-0.562289457907292,0.0542019692813264,1.00389737327155,1.43124628164276,0.344949511520745,0.795007790230423,0.803806724810977,0.332763027041011,-1.44435299943109,-0.0973775975755041,-1.13769453530346,0.141005588683148,0.817989638413098,-0.191358765080494,0.506376040575469,-0.914558750619975,1,1
1.70938465642358,0.458716427635535,1.45367544158531,0.258597918380011,1.6391845227049,0.404884785537554,-0.0693494402720245,0.457464210387236,-0.659952641866087,-1.55010506152649,-0.824954863275974,-1.58559345641662,-1.66793885111102,-1.10319604337125,1.21626857622736,0.934471450088722,1,1
-0.74905461160228,1.50270235304811,-0.378000346043008,-0.914050444882741,0.488922254629327,1.60512320263671,-0.505927522813525,0.8500378540234,-0.546146476256887,1.53754632134454,1.53448231079747,0.831645206723056,-1.67288788180967,-0.450833355371435,-1.51913264555377,0.499180052940271,1,1
0.188582690621536,-1.65675315673954,0.482683800688971,1.43124628164276,-1.61118613695622,-1.05450335589166,1.53143686238014,-0.711287133872976,-0.457461870936192,1.19176500787735,-0.202562991531757,-1.24027364739667,-1.6225903243362,0.603510886502635,-1.30753392040077,0.250308286093902,1,1
1.16052379658525,-0.0627680886203997,-0.213682007096971,0.258597918380011,0.769490763048176,1.54258567836285,1.67696288989398,0.423749013453862,-0.54311604843933,-0.0763188112866776,1.00317807289216,1.17696501574301,-0.963423034380335,-0.510307542751674,-0.622863567554968,1.12214853012922,1,1
-1.57996896885753,0.671593274709768,-0.187207583502427,0.258597918380011,1.39355675705604,0.120526490379167,0.51275466978331,-1.0812047053702,0.977524378203862,-1.21628169127293,-0.0343827103279296,0.486325397703102,-0.427094198629225,-0.543384498802965,1.16264550729502,0.0051024700741855,1,1
1.05761238536556,0.793424381449987,-0.629682555906158,-0.914050444882741,1.01606359985334,0.58087836814499,0.803806724810977,-0.974313788443115,0.841911462669491,1.09642155241174,-0.108060981061339,0.486325397703102,0.384037737518448,1.68861812447859,-0.0854585842862196,-0.786982237286856,1,1
1.52261950272859,0.688344923933951,0.939399754912243,0.844922100011387,0.28866194381699,-1.39154750553623,0.51275466978331,-1.49974797226619,-1.70979876402336,-0.271285816112354,-1.23678852408418,1.52228482476296,1.69535944643893,0.753983459823556,0.0231251373145203,0.419095093577916,1,1
-1.37033461266928,-1.25516734319287,1.543912654587,0.844922100011387,0.589143200367051,-0.423019137605529,0.51275466978331,0.854632863868011,-0.707730459114398,-0.412146385285864,1.22037796847011,1.52228482476296,-0.495000862741153,0.0495670476293835,-0.927207279926182,1.5753395647142,1,1
1.24437753906055,-0.680710748682313,1.55980043932172,0.844922100011387,1.68460091725806,0.916531624580061,-1.23355766038269,0.0232716262455918,0.416259093188434,0.543885833056031,-1.4805923585429,-0.204314220336806,-1.53121165192308,0.274736191355099,0.524822320544976,0.351904282496317,1,1
0.592605268002529,-0.47413561403644,-1.10062253951436,-0.327726263251365,-1.40549936526889,0.701309034110696,1.53143686238014,-0.907848578557639,-1.31256774962061,0.867901603453213,-0.670117728761326,0.831645206723056,-1.04825609791223,0.414988372517745,1.35440232413786,0.44973725010754,1,1
0.581170666755897,1.07804095785702,1.33053924800519,0.844922100011387,0.57520064573318,-1.59593139338832,1.38591083486631,0.193850299744667,-1.48108035504517,-1.54879634201734,0.5992339751109,1.52228482476296,1.3899179510665,-1.63209309291547,-0.579899830316266,1.49864111774358,1,1
-0.120151543037526,-0.752572352296291,0.853616186989619,-0.914050444882741,-0.743406329039631,0.148966810614233,-0.796979577841192,-0.505847972627652,1.11938153747291,0.89874619773737,0.0183541428318832,-1.58559345641662,0.701519490128102,-1.44069126687658,0.423654886515375,0.0566728340059994,0,0
-1.27504626894735,-0.989566061270358,-0.829512183300145,-0.327726263251365,0.48191865841107,-1.43007789264248,-1.67013574292419,1.1671085123408,-0.170937754989925,0.781995024676965,1.32584787137158,-0.894953838376714,1.01653254097063,0.514683465701968,-0.571464767754826,1.71041750596119,1,1
0.638343672989057,1.61088422325901,-1.47398804355858,0.844922100011387,0.37038734183317,1.69681793063613,1.67696288989398,0.0965500197035523,1.2131013829531,0.27933129482943,-1.61709162389521,1.17696501574301,-1.29358849609623,-0.463891022925547,1.0248527991224,-1.16576482967965,1,1
-0.966312035288286,-1.69245743375847,-0.776857798936957,-0.327726263251365,-1.18978435910978,1.35724791698916,1.53143686238014,-1.62963768929661,1.10274093921706,-0.591687918983364,0.515146099917112,-1.58559345641662,-1.25606375992748,-1.52599864007182,-0.0760103418762887,0.131490225312751,1,1
1.43495422650441,1.75147817162029,1.46066406211832,-0.914050444882741,-1.00672106723138,-1.66159477509998,1.09485877983864,1.67936796241604,1.34251716370373,-1.19467496076475,-0.0857645281388543,0.831645206723056,-1.33494040581338,-0.694015149138,-0.545411862806696,-0.982753801342414,1,1
0.19620575811929,0.633632638142573,0.491517658573329,0.844922100011387,0.418501318718793,1.22409667098638,-1.67013574292419,-1.47553655738409,-1.55980764305462,-1.41052478713939,-1.21513609458478,0.141005588683148,1.24881091204652,-1.26877827790923,-0.266246639148039,-0.156279029631777,1,1
0.672647476728952,1.16173006543877,0.796735124480311,-1.50037462651412,-1.27644475931334,1.43350318633864,-0.651453550327359,0.67782734706644,-1.08636857293441,-1.7629369375653,0.843117589554038,1.52228482476296,-0.995994954247649,1.43278110507374,-1.40543343875118,-1.12825474480762,0,0
0.165713488128272,-0.697343310345448,-0.814525173853549,1.43124628164276,-0.805985473288753,-0.516138229384577,1.53143686238014,-0.218290490467173,-0.708549059064348,-1.04999278661491,-0.3169785638241,-0.204314220336806,0.50649570384905,-1.01911033126638,1.27913703081793,-0.949657308802851,1,1
-1.42750761890244,-1.67347147133262,0.790946893192525,-0.914050444882741,1.15232341237662,0.744687795188801,-0.651453550327359,-0.869288147174695,-1.25773973217786,-0.338436787609842,0.103363962080331,0.141005588683148,0.0660494136936915,-1.22269621202396,1.59770028241074,-0.989975376760198,1,1
-0.139209211781912,0.846226326427089,-1.61001228306488,0.258597918380011,-0.59330760641121,-0.211036271267889,-0.360401495299692,0.610281547723398,-0.0583418893033139,-0.920848784997324,1.62601211716545,-0.204314220336806,0.163942226812124,0.435562685350639,-0.0675070347782268,-0.614487357797991,0,0
-0.280235960490372,1.18149366287774,-0.404091758071053,0.258597918380011,-0.0403416829283959,0.523260051888195,-1.67013574292419,-1.29680366612315,1.018339799859,-0.693935270101947,-0.055133582576093,1.17696501574301,-1.04639977859652,0.0772353700283993,-0.954674248951606,-1.25189955104261,0,0
-0.112528475539771,0.855303569917897,0.469200733137348,-0.914050444882741,1.51609740696184,-0.561722608473467,1.24038480735248,1.23997774272511,1.54105927673559,-0.410970771861552,1.12312783588961,-1.24027364739667,0.479075105635446,0.262902042444914,0.581184566075222,1.06754310683435,1,1
1.06523545286331,-1.22586248446678,-1.20025245826201,0.258597918380011,-0.936633781480448,-0.622905146887375,1.24038480735248,-0.864805245336254,1.32947917673695,-0.696424592064558,0.935121509977479,1.52228482476296,-1.57477011923965,-0.218219177347123,-0.154231704907151,-0.956027687891465,1,1
-0.657577801629225,0.900406750384789,1.15083173791315,-0.914050444882741,-0.378486560424023,-0.271914552546441,0.221702614755643,-0.480861303739541,-0.154959926012099,0.749627671373633,0.561792033702769,0.141005588683148,1.72157557498691,-0.110913119950082,-0.847404761219978,-0.282634337904448,1,1
1.18720453282739,0.954365889915322,-0.891357671928495,-1.50037462651412,0.36638253803598,-1.23269710880708,0.221702614755643,0.458512369746079,0.460312595481433,-0.0592355328777573,1.37978665106099,-0.54963402935676,-1.63145073442617,0.960142383371849,-1.58833719955337,-1.65941387205353,1,1
0.863224164172817,0.56997182802622,0.557865678785184,-0.914050444882741,0.877825012404965,1.12931385002241,-0.360401495299692,-1.72933346898578,-0.933314742248218,-1.69992304865391,-0.875123344313057,-0.894953838376714,-1.55029650031511,-0.960692943884493,1.36085417131125,-1.35407553837547,1,1
-0.211628353010581,0.944591346929457,-0.300324899719823,0.844922100011387,1.38045026778605,-0.532849150012468,0.94933275232481,-0.0953472354670913,-0.34153823348153,-0.979808345837058,1.11403553074475,-0.204314220336806,-0.598230284664988,-0.353700385436261,1.03876341923371,1.36636838460497,1,1
1.59885017770614,1.22250521789434,0.362537315343,0.844922100011387,1.42792391150138,-0.355581813948383,0.51275466978331,1.36468567173842,1.26631685830895,0.697660507971034,-0.434123520588858,-1.24027364739667,1.16021271452908,1.57545484209038,1.15056729977579,1.16316897198964,1,1
0.028498273168689,0.413485768889883,-1.33448068903546,-0.327726263251365,0.95099955430441,1.34607827862505,-0.505927522813525,0.62398959033539,-1.62532419220192,-0.721888558072192,1.08509702980406,-0.894953838376714,-0.832207752722825,-1.06358360310914,-0.197682031982518,1.17610188971918,1,1
-0.981558170283795,-1.41476670744772,-1.6489432027144,0.258597918380011,-0.932574194484262,-0.0231972887314097,1.09485877983864,-0.389252682807532,0.104064933059687,1.42868920667706,-0.028717442845269,0.486325397703102,-0.0873661621218504,-0.706868200361256,0.888132506777974,-0.300563147680548,1,1
1.10335079035209,-0.0252128099521899,1.45148138500146,1.43124628164276,-1.63171938599241,0.140903545858264,0.51275466978331,0.554742122347418,1.27186568780883,0.708099938312775,1.24312815136646,-1.58559345641662,-1.66190945569285,-1.05814899398493,0.29214182284777,-1.2280918898531,1,1
0.912774102908222,-1.45291760689771,-0.771186837362336,0.258597918380011,-0.398589882954145,1.56121604780895,1.09485877983864,1.51127946199966,-1.30657744118663,-0.760104892881751,1.37290668150317,-1.24027364739667,-1.45067211749297,-1.64611557703085,-0.423094855085808,-1.34371827511784,1,1
-1.33603080892938,-0.304099213977234,1.13927763968459,-0.914050444882741,-1.23069113049701,1.32083019589227,-0.651453550327359,-1.08236096735394,1.6487744414081,0.02649100019892,0.334240242858538,-0.894953838376714,0.384454806406057,-0.789161766306891,1.19815516298098,0.367178559675764,0,1
0.375347844316523,-0.305619422994104,1.76333241400386,1.43124628164276,0.723406576530687,-1.15035762038392,-0.796979577841192,0.109228319808274,-1.68304147111351,0.550334664589485,0.0196451592346377,1.52228482476296,-1.05013494671071,-1.55685088421374,1.73866374542562,1.13234463667975,1,1
-1.34746541017602,-1.49345084822412,-0.973327103851288,1.43124628164276,0.554196758567173,-0.103847998996262,-0.214875467785858,-0.919792520204713,1.31761663402174,-1.09547053393683,0.983010028457091,0.486325397703102,0.683744821726742,-1.18491045811944,1.39403622323159,1.37957745142459,1,1
0.81748575918629,-0.508593829813575,-0.786675100011297,0.258597918380011,-1.56589224946215,1.61220022033219,1.24038480735248,1.22604575071256,-0.510975006026621,-0.912016237469786,-0.821356721114403,-0.54963402935676,0.999850367937627,-0.470032154187137,0.96759526132631,-0.722081601909219,1,1
0.813674225437413,-1.33678421597658,0.594608325632795,1.43124628164276,1.1569549105971,-0.451303970637665,-0.942505605355026,0.764743623604383,-1.26989653771605,-0.005760482476304,-1.70079059047346,0.831645206723056,1.22510397094074,-1.64533978275198,0.868220828093643,-0.611066202127946,1,1
-0.98918123778155,1.09126708185049,1.64558260523243,1.43124628164276,-0.862452602362956,-0.454036761596973,0.367228642269476,1.0419441562622,-1.18518027794219,1.4451966430565,-0.331699799385761,0.831645206723056,-1.26018310304974,0.871327794473432,0.531270925393852,-1.36784253569393,1,1
1.09191618910546,1.57689612442158,1.47318907874884,0.844922100011387,-0.232141707481211,-1.06228314944866,0.94933275232481,1.53359535625811,0.682470178362608,-0.572268288850887,0.0201595166158225,-1.58559345641662,-0.144341032059069,1.01785404369169,1.23583253003343,0.947461284310901,1,1
-1.57234590135978,-1.47148870131044,0.0389389675529607,-1.50037462651412,0.577567205909119,-1.34034485155072,0.221702614755643,-0.928205645695899,1.26472704995784,-0.370412304067061,-0.715545021648307,-0.204314220336806,1.56066990620788,-0.302542874982303,-0.0132291781593726,-0.76691199581362,1,1
1.25962367405606,1.60276046378424,1.05395066422042,-0.914050444882741,-0.241788852549325,0.816361217447997,0.367228642269476,-1.56414080399251,0.476025448568579,-1.10500644573933,-0.414641885786962,-1.58559345641662,0.953693106097248,1.66770503719707,-1.09189334663439,-0.0613919889948461,1,1
-0.306916696732513,0.0964924933790853,-1.23620332909066,0.258597918380011,-0.201015935876305,0.918775636947735,-0.942505605355026,-0.725238898861218,1.46393544047953,0.29322048493546,-1.28941407679169,0.486325397703102,-1.31858869127325,0.617120719799584,0.939386809346465,1.47851984255642,0,0
0.935643305401486,-0.68011843048217,1.68722560821649,0.844922100011387,-1.49149747997783,1.60433364955362,1.67696288989398,-0.350322159265336,1.16773899742075,0.803563781347739,-0.785346896919322,-0.54963402935676,0.0186487412228408,0.83958804447039,1.46410159840439,0.871168096968049,1,1
0.287682568092345,-1.45565915086615,1.6417779778285,-0.327726263251365,-0.337890503796893,0.930447486849944,-0.360401495299692,0.43258916791378,-1.69457958802426,-0.236656791385636,-0.915336063759,0.831645206723056,1.47499543114869,-1.0556279819759,-0.538887359130906,-1.53332193214949,0,0
-0.64995473413147,0.0200459222428603,-1.13901031063924,1.43124628164276,0.910490583581922,-0.895797579439241,0.221702614755643,1.03026612611934,0.57343396080695,0.83863726292365,-0.702529753139296,0.831645206723056,-0.197997533155448,1.16168626610118,0.991123507420606,-1.68657926140035,1,1
-0.886269826561863,1.04348986068438,-0.667707152050584,1.43124628164276,1.42690484626799,-1.59600998067253,0.51275466978331,-0.521216966087189,-0.67938649899028,-0.716073906808117,-0.709284389306234,1.17696501574301,1.18030303038351,1.53153390592249,-0.773187044673684,0.992143028836363,1,1
1.59122711020838,0.739027782109184,-1.35982015830425,0.258597918380011,-0.296483538528361,1.66092100583732,0.076176587241809,-0.0927549520533555,-0.164701935400138,0.688374061608076,0.199075389735719,0.141005588683148,-0.0044392807583868,-0.904368017225628,1.54410937915019,0.184636102607945,1,1
1.61409631270165,-1.54841630373086,-0.763936062735239,-1.50037462651412,-0.261826469146309,-0.561263377718545,-0.214875467785858,0.987877413066412,-1.4026665418551,-0.869793628706563,-0.878634637581748,0.486325397703102,-1.35378927357187,0.642796156125429,0.646332930038899,0.761574462061153,1,1
1.32823128153585,-1.46945024932355,1.1263528423069,-1.50037462651412,0.696747256364672,-0.659383122508564,-1.37908368789653,-0.952383807846532,-0.756780572319743,0.944219829212528,1.53408093564694,0.486325397703102,-1.21143157231263,0.850652669610094,0.250744088211236,-1.17555057788466,1,1
-0.672823936624734,-0.320361097460228,-0.393691864812586,0.258597918380011,1.5217025709026,1.38707962232952,-0.651453550327359,-0.980776658769005,0.447244571063065,1.11784678196338,0.0323939079532279,-0.204314220336806,-1.5623695447117,-0.667701997009302,0.980338172953494,1.28309699998071,1,1
1.64458858269266,-0.695006286656538,-1.40065903128661,0.258597918380011,-0.799526998688291,0.281630976192182,-1.37908368789653,0.308142438085792,-0.97560486036972,1.0035198453012,-1.30371576981087,0.486325397703102,-1.04681813911794,-0.0839683708377618,1.09591590907978,0.943732194822682,1,1
-1.47705755763784,-0.914070085270764,-0.519042645969958,0.844922100011387,-0.204944463338385,-0.993924790486288,-1.52460971541036,-0.222443730942231,0.498246539542823,-1.01869178561566,-0.77725155519261,1.17696501574301,1.37521945422931,-1.38131939713554,1.37008849126822,1.34769222234219,1,1
0.558301464262634,-0.744755688230944,1.70092819924027,0.258597918380011,1.01741362767515,1.3289951162258,1.24038480735248,1.55398020842547,1.44438457630924,0.644144301276461,0.795956729086414,-0.54963402935676,0.53093565876486,-1.12163703287916,1.40040120905175,-0.54207624829887,1,1
1.64077704894379,1.07471714097225,0.479378285823743,-0.327726263251365,0.377498265978651,1.68821988366688,0.221702614755643,-0.496182512114716,-1.70863109003927,0.103352410509005,-1.70669562861724,-1.24027364739667,0.838447271281701,-1.50494212839482,-1.53894209778029,-0.766860693260152,1,1
1.06523545286331,1.51261130788081,-0.262244593891258,0.844922100011387,-1.33705476876625,-1.43558913327123,1.09485877983864,0.898122128759723,0.972985665453865,1.65754937616064,1.52309567256266,0.831645206723056,0.43195706611433,0.208711534065995,-1.29567919569489,-1.19302667612453,1,1
-0.4098281079522,-0.312597416557732,-1.12925195132979,1.43124628164276,0.439467128695235,1.23650687737331,1.24038480735248,0.286873267929987,0.476892703347282,-0.511258373840552,-0.198607967696115,0.486325397703102,-0.383559543085843,0.432449070280937,1.14036385729944,1.48261466386777,1,1
-0.200193751763949,1.43210872706306,1.71757721462303,1.43124628164276,-1.07542710502796,-0.388773514210751,1.38591083486631,-1.54385304518399,-1.56544610247353,0.911579052419411,0.0666580310345995,0.141005588683148,-0.972084901482441,1.43211344432005,1.55606653085699,-1.10675185871866,1,1
0.950889440396995,-0.603749544397802,1.14334834050902,1.43124628164276,0.0357687281118358,0.0713719844376273,0.367228642269476,-1.44059621225002,0.98808434328584,-0.481732588635066,1.69991467947857,0.486325397703102,1.48621250407142,0.146912558851629,-0.655571750197426,-1.30445213072376,1,1
-1.64095350883957,-0.0641836172385656,-0.730037928308622,1.43124628164276,0.100651249266902,1.41760778082849,-1.37908368789653,-1.02918611798188,-0.954521933938696,-0.388725412046838,0.0048833898415508,-0.894953838376714,0.0614134962094136,-0.820845618478988,-1.69168649088178,-1.05227011008992,0,0
-1.03873117651695,-0.936201804092009,-1.46431815835272,-0.914050444882741,1.29302332924814,1.61937670910534,-1.67013574292419,-1.23703322148089,-0.812686467385231,-1.38156192369621,1.55778552242621,0.141005588683148,-0.0555779997447714,-1.51214936603421,-0.603489413040578,0.937052168033724,1,1
0.61928600424467,0.507064292545835,-1.51100987477889,-0.327726263251365,-0.128166620694103,-0.83098626406524,0.367228642269476,-0.591990575305386,-1.40443543903303,-0.934682616871241,1.44415808533976,1.52228482476296,1.73070396431074,1.32499515593617,-0.395071432241182,1.34319013504779,1,1
-0.204005285512826,1.68587085432008,-1.28957958990178,0.844922100011387,-0.756993638217794,-1.00088572134998,1.09485877983864,0.272658039509537,0.109630385397077,-1.19577892022924,1.53531903767687,0.486325397703102,-0.39260986182168,-0.0707392298584437,0.915078945536592,1.0729444656299,1,1
-0.0172401318178385,0.378275263807035,0.309482998405024,0.844922100011387,-0.923520579908498,-1.45681919289257,1.38591083486631,0.353621834832018,-0.0145409262035795,-1.21412978621492,1.0846852232946,0.486325397703102,1.23825338021003,0.817592295643502,-1.55663216041351,0.221549600415685,1,1
-0.825285286579826,-0.477274783899284,1.51816477041632,1.43124628164276,1.28631950833424,0.201348013205743,-1.52460971541036,0.303067122614034,-0.533291411555759,-1.73573278302984,-0.718566785625197,-0.204314220336806,1.2667599370665,-1.66620858476196,-0.984804519386184,1.70191571970189,1,1
-1.42369608515356,0.532629921186829,0.0176405254610016,-1.50037462651412,-1.12948208198091,-1.68735288696331,0.803806724810977,-1.32551492065664,-1.14604409867972,0.989825793882022,-0.543879110735952,-0.894953838376714,-0.917251426897168,-0.0388412894440983,1.37562707422971,-1.47792179812177,1,1
-0.703316206615752,-1.29526514795034,1.22009546859597,0.844922100011387,-0.253984730307588,-0.315103653332151,-1.67013574292419,0.346219032962477,1.15219790082195,-0.141879745992152,-0.478869476183368,-1.24027364739667,-1.39531386771354,-0.597060495324739,-1.1851187225467,1.26640366540488,0,0
0.0208752056709344,1.37133433502738,-0.15899915521493,-0.327726263251365,-1.07396084046653,-1.48139306951299,-0.505927522813525,-0.313578619536148,1.28416098551917,1.02590010282342,1.66765239028769,0.486325397703102,1.65965570726959,-1.61231035410899,0.908892423570297,-0.244323301813798,1,1
1.32060821403809,0.028611495845812,0.753419511988223,0.258597918380011,0.939539476448811,-0.338092589660854,-1.37908368789653,1.39518091780643,0.130922428883606,0.360396040947076,-0.493647648195163,-0.54963402935676,-0.247048578710343,0.949402729870534,-0.469743332462501,-0.15010525732698,1,1
1.02330858162566,-0.158511956377551,0.834309278826031,-0.327726263251365,-0.0873615844786205,-1.59664525953068,-1.52460971541036,1.42611880501534,-0.886851187621501,1.12026434651269,-1.374579662175,-1.24027364739667,-1.71656233207139,0.0462673581898497,0.57426956820563,-1.27599726078917,1,1
1.08810465535658,0.316886627956474,-1.10346221612275,1.43124628164276,-0.510682583326373,1.14336487809015,-1.23355766038269,0.927974750994475,-1.39552551261791,-0.0174257053303204,0.965706186937269,0.831645206723056,0.0065700665054197,-0.571428913832395,-1.46564919849513,-1.59968356656807,1,1
-0.249743690499354,0.452418009506726,-0.453083298172012,1.43124628164276,-0.476481506810861,-1.01160678338388,0.51275466978331,0.702590603194602,1.2572556685709,-1.44043487682898,-0.475097758815758,-1.24027364739667,0.423767655773841,1.0529436395662,-0.728719922862978,-0.626185384983529,1,1
0.43633238429856,-1.4733715215481,0.505839644303676,-0.914050444882741,1.21061482607903,-0.603096380371864,1.38591083486631,-1.33471474000262,-1.39572245715824,0.375028991263921,0.415642273939992,0.141005588683148,0.9675833466369,-0.180497437620426,-0.24982206106187,-1.11354332465519,1,1
1.53024257022634,0.65381629818658,-1.46213724568771,0.844922100011387,0.185400975345923,1.2633678470546,-1.67013574292419,-1.43952703395422,-1.68033326125117,0.58689185002548,1.47606355181498,-0.54963402935676,1.54631271568873,-1.70453553429119,1.24828769447175,-0.0531099461571701,1,1
0.215263426863677,-0.880822467191153,-0.451957509756535,0.844922100011387,0.749102870411719,0.836899691512858,-0.505927522813525,1.17966090879567,-0.113539018556056,0.40885873302012,0.256870343017487,1.17696501574301,1.44998785134559,1.52947596794045,0.230719087973708,-1.20815503760346,1,1
-0.314539764230268,0.762938410033421,0.149819612072223,0.844922100011387,1.36459708082985,-0.979567502503129,-0.651453550327359,-0.253760856505266,0.785816595318954,1.01606690100074,0.474230769638467,-0.204314220336806,1.53657912568549,-0.837785150571328,-1.56480610111516,-1.24047759683599,1,1
-1.16451179022991,1.14106380643877,1.75247562518865,1.43124628164276,1.38075356280452,-1.48650798201648,-0.942505605355026,-0.169427273967911,-0.154271948928157,0.773516312801911,0.492272503457005,-0.54963402935676,-1.61283803040312,1.13810146304968,1.05654377030155,1.30004802012552,1,1
1.65983471768817,1.07637393749064,-0.0595004448871255,0.844922100011387,-0.588437987864265,0.731499536750714,1.09485877983864,1.20376753820345,-1.5490374854913,-0.264475624816486,0.385807748899699,0.831645206723056,0.744511108504179,1.08943355838773,-1.53259984632236,1.45238551391003,1,1
-1.4503768213957,0.200700802952396,1.12670353089277,-1.50037462651412,1.55495315767389,-0.388129746154649,0.803806724810977,0.419672830421926,0.644178935039926,1.07777451198565,-1.19606279499758,-0.894953838376714,-0.940879573546274,-1.15848430133028,1.51558406133669,1.59993034124144,1,1
-1.33603080892938,0.088111401747651,-0.20699750536712,-1.50037462651412,-1.63149076400535,0.905165012158423,0.51275466978331,-1.11145102260126,0.480374206086907,0.635590437222607,-0.159331188425985,1.17696501574301,-1.07374066856502,-0.0874270625503049,-0.98800148424656,0.624650085616186,1,1
-0.204005285512826,-1.22577307746065,1.0583979847935,0.258597918380011,-0.422424845866923,-0.200042170707937,-0.651453550327359,-1.00197119093682,0.614989388180734,-1.34900323282146,-1.7276472823737,0.831645206723056,1.05162573898047,-1.57839539015629,-0.0310888024996154,0.935796699270158,0,0
-1.6180843063463,0.976734561168425,0.36035334135298,0.844922100011387,1.36033855570807,-0.542135944570489,1.53143686238014,-1.71080906481199,-1.00026199414559,0.107980403383903,0.43426592109071,0.831645206723056,-0.277457352632924,-0.497976048185897,-1.47107292287227,1.15844079866079,1,1
1.68270392018144,-0.778169629427743,1.37170378041288,-0.914050444882741,-0.773501829080329,-0.179678149431487,-1.23355766038269,0.728787844901894,1.00708046731797,0.763293481983169,0.256355616279271,1.52228482476296,1.45494585958448,0.795791121903956,0.224540331260698,0.550466437422764,1,1
0.0742366781552166,0.0063641522097634,-0.280369511543423,0.258597918380011,-0.778845102482016,0.844799545487986,-1.37908368789653,-0.0507909982256985,-0.0799835928833381,0.154572929651271,-0.642591902451113,-0.204314220336806,-1.57707819749532,-0.901758317223138,0.0011394869134005,-0.579383902679169,0,0
0.131409684388376,-0.73336968786895,0.391229430074623,1.43124628164276,-0.677365249438377,1.37421162338842,0.367228642269476,1.55767656498711,0.116406270420987,1.52901600205234,0.0765011898693825,-1.58559345641662,1.05808495424268,-1.31399324108921,-0.300199407105622,-1.17702296096502,1,1
0.440143918047437,-1.25728034025192,0.48054212942858,0.844922100011387,0.386497960514858,-1.56276052971551,-0.942505605355026,0.740366632828226,0.14895394700401,-1.41455948174923,-0.0312718335006571,1.52228482476296,-1.24965601106147,0.0264082215342288,-1.59824632617475,-0.898972230324551,1,1
-1.13783105398776,0.46904235996268,-0.258000267829369,-1.50037462651412,-0.211167163049271,0.0715066781891819,-1.67013574292419,-1.37558889971372,-0.74061431161859,0.741641831451622,-0.877522313517999,1.17696501574301,-1.11180892464045,0.129045747564476,1.32354866357602,1.17435423568843,0,0
-1.16451179022991,-1.5341175304941,-1.2064505934166,-0.914050444882741,0.779563091477569,-1.6210958566095,0.803806724810977,-1.17333621622625,-0.86655861407969,1.09634567775883,-0.729437625149984,-1.24027364739667,-0.0685784386977064,0.606242780984675,1.05921148915768,0.678257974604122,1,1
0.455390053042946,0.883751566751876,-1.38272845827308,0.258597918380011,1.35728732432829,-0.120404423603617,1.53143686238014,0.0050227052002133,-1.70922926002801,0.673331324307869,0.910529947216294,-1.58559345641662,-0.352167545961345,0.892572299417633,0.471617084376931,-0.147790360209433,1,1
-1.56472283386202,-0.61736187813843,-1.6497811279549,-0.914050444882741,0.599091180418663,1.31585669284476,-0.214875467785858,1.47076831958448,-0.363513233239177,-0.42787573665763,0.886734682080473,0.141005588683148,-0.03798439367323,0.674915412167364,0.260978073323044,-1.6135296645006,1,0
-1.29791547144061,-1.7228537925544,1.32633871988196,0.844922100011387,-1.01455315833155,-0.488430829247219,-1.37908368789653,-0.876447037092374,-0.0596017221888606,-0.428239341145059,-0.112616533856768,-1.58559345641662,1.5362000276396,1.1890946406535,0.686123720952721,-0.799520253730963,1,1
0.928020237903731,0.0566279768405149,-0.886343605493333,-0.327726263251365,1.48704066151126,1.47836405637963,0.076176587241809,1.12682442085892,0.825423588672094,0.270155018976759,0.753149980256677,1.52228482476296,0.555877117980295,-0.950436078573486,-1.22264013652038,0.791010490659778,1,1
-1.55328823261539,-1.56016624486545,-0.973064901865286,-0.914050444882741,-0.808348924436383,0.438422491777241,0.658280697297143,-0.651219960774644,-1.49677974941806,-0.387889917341716,-0.178951712440987,1.52228482476296,-0.71733109426919,0.24171071784745,1.50961716878821,0.0467456529410031,1,1
-1.00442737277706,-0.761592837020512,0.848767352671738,-0.914050444882741,-1.20202252745633,1.48423805764542,0.803806724810977,-0.798003320248006,1.4476720444594,1.30032797535704,1.22098755294672,1.52228482476296,-1.12453300744118,-0.478922596117638,-0.735249220896588,-0.217446360731687,1,1
-0.196382218015072,0.738644754730111,-0.596182040520894,1.43124628164276,-1.40788620306756,0.874455603426815,0.221702614755643,1.38943114294564,-0.819081408791588,-1.38524884068814,-0.591324418650503,0.486325397703102,-0.267341231601726,1.59018901688692,0.552894078466225,-0.636322463115605,1,1
-0.863400624068599,-1.50501315674889,0.0499463746564444,-1.50037462651412,0.218412896528506,-1.37785729522868,-0.796979577841192,-1.56925898439125,-0.466163680650281,0.452804392801177,1.48631074033941,0.486325397703102,-0.157755455230543,-0.203332389940912,0.380590811495001,0.371747427238495,1,1
0.703139746719971,1.19958083029235,-1.14324038650467,0.844922100011387,-1.32614403984014,-0.937834342639456,-0.796979577841192,0.555838828261097,-1.55950575987433,-1.30125438915939,0.140764895414622,-1.58559345641662,0.361314358998931,1.58194571697708,0.48403355136402,1.60738699489678,1,1
-1.20643866146756,-1.710020386959,1.62577481956018,-0.914050444882741,-1.24021693683492,-0.37618171371688,0.221702614755643,-1.58337116305785,0.517477813270277,0.108976788560421,0.117713640483698,1.52228482476296,-0.801638329889245,0.92669417340393,1.32360320945163,1.38304649336179,1,1
-1.09209264900124,-0.863785959260554,1.25009038522427,0.844922100011387,-0.686268719517292,-1.14815202026417,1.67696288989398,1.04086295790115,0.709065776723148,0.718231486498363,0.589945772419016,-0.204314220336806,0.937827252653126,0.752777563874328,-0.696315966536965,-1.6097729004995,1,1
-0.893892894059617,0.85679376871677,1.29249290087007,-1.50037462651412,-0.749399740102214,-0.0290963945637935,0.367228642269476,1.14007088637946,1.46416294979509,-1.19221333961311,-0.563193271326054,-0.894953838376714,-1.382756050395,-0.0270704071774202,0.873210392214687,-0.0613082742708637,1,1
1.08048158785882,-0.621946950907585,-0.294848913515496,1.43124628164276,0.358762264963483,-0.110211068364441,-0.0693494402720245,1.36159467576047,-0.568821116498226,0.678124283891464,0.776986977478261,-1.24027364739667,0.219657993185614,-0.192682571614675,0.351611969339255,-0.582043901748868,1,1
-0.817662219082071,-1.36849384873779,0.940204141983074,0.844922100011387,1.08877055342564,1.56039286912754,-0.0693494402720245,-1.08830243182076,-0.841712638942039,-1.28088445869735,-0.634596107031666,-0.204314220336806,0.438443800170704,0.0931700258705188,-1.45797949161887,0.0406179699644356,1,1
1.49975030023533,-0.46884797663749,-1.2079645533469,-1.50037462651412,0.898473300343871,-0.239893785651884,-0.651453550327359,-1.30165034064735,0.768011331626458,0.388192366377241,-0.365095664165974,-0.204314220336806,-1.0068722043966,-0.70735120438136,-0.286666739005449,0.369278782656213,1,1
0.794616556693026,-0.781708064870605,-1.67774984169419,-1.50037462651412,-0.815248324171566,0.97250997593705,0.51275466978331,0.0112937403615455,0.701778475308605,-0.0112157258572288,0.603551383253282,-1.24027364739667,1.14074064766835,1.39221150068298,1.18155863853704,-1.02700460223982,1,1
1.14908919533861,1.21132835767186,-1.63831452044039,0.258597918380011,-0.874244984872395,1.51095719306641,-0.505927522813525,-0.791991965590119,1.49278054006165,-0.731806214186816,-0.431811286738542,0.141005588683148,0.410350746480347,1.01352910902018,-0.628980182394058,0.972068230695701,1,1
0.527809194271615,-0.632123301873463,0.329743145676986,1.43124628164276,1.60078017446929,1.28728123008671,-1.52460971541036,0.367252017492641,-1.02046904083228,-1.37962898655411,-1.05555348472914,0.486325397703102,0.515411325949197,1.03781195391121,-0.050705453657767,-0.0815409115256966,1,1
-1.67906884632834,1.02404742606237,-0.125974265215779,1.43124628164276,-1.68865192002803,-1.01529799197917,0.221702614755643,0.0466678837802662,0.696598617267278,0.788641266778098,1.29272769595772,-1.58559345641662,0.0021500846740404,-0.227823957981177,-0.0286206431618022,1.69545932745444,1,1
-1.43131915265132,1.3825234777362,0.0915237566851768,0.844922100011387,1.30510565469295,-0.0252435314661863,1.67696288989398,-1.23114637524838,-1.49594996338653,-0.441003579579369,1.46835731093756,-0.894953838376714,1.43064617680297,-1.47222763215146,0.419580434336395,-1.62823444270393,1,1
0.161901954379394,-0.212601555321808,-1.68176446889677,-0.327726263251365,-1.03083001552589,-0.536150154404013,1.67696288989398,0.82785663399524,-0.0758627767617873,-1.46651864631273,0.435895377163555,-0.54963402935676,0.682610692714518,0.631155235135732,1.34115322769009,-1.06244193329575,1,1
-0.74905461160228,1.44545373772242,-0.239579136083007,0.258597918380011,1.53720347924129,-0.356583914960182,0.51275466978331,1.05132597199201,-1.31557224102317,0.9169206176521,1.08041352344157,-1.24027364739667,-0.399874328512392,-0.429711346513278,-1.1202683141776,0.65602583404086,1,1
-0.836719887826458,-0.409354361213396,0.786362189723913,1.43124628164276,-0.541037756499727,-0.491130029946265,-1.08803163286886,1.60298123031758,0.517510704643671,-0.958183303462352,1.69376416979887,1.52228482476296,-0.896663646488812,1.27508099964432,0.0267355126783868,0.675104050799171,1,1
0.264813365599082,1.63397385070346,-0.170089037130289,-1.50037462651412,-0.204231419685936,1.11284607563472,-1.08803163286886,-0.362793679455163,0.340028018494132,0.790717877598538,0.394109981560357,-0.204314220336806,-1.47778745383144,0.965438343601902,-0.251632163447261,0.286690043857179,0,0
-1.05016577776359,-1.41238193025751,0.835512661033813,1.43124628164276,0.712183532851032,-0.17646143873154,1.09485877983864,-0.563020475085397,-1.55789002495884,0.194897211987566,1.42165662856995,-0.54963402935676,-1.15071266390161,-1.21707009004538,-0.69628519022187,1.6265501100436,1,1
0.77555888794864,0.669145935096095,-0.89834706275837,-0.327726263251365,0.30183876420617,0.0700692604856324,1.24038480735248,-1.06692121137434,-0.627929713907199,-1.0914308197819,-0.498892550102059,-1.24027364739667,1.71883781961417,0.351518272335899,1.46445428957482,-0.286944978935654,1,1
-1.07303498025685,-0.0036699438941936,1.11657979342204,-0.914050444882741,-0.624747527217613,1.6506194102575,0.803806724810977,-1.10640130656302,-0.368928149565741,-1.50168387896054,0.693610013655554,-1.58559345641662,-0.313400496963444,0.662557440939428,-1.69317872192934,-0.28102619383637,1,1
-1.0654119127591,-0.373378659167118,0.33609751289215,-0.914050444882741,0.185596652013259,-1.52757667968932,0.803806724810977,-0.620803963457235,-0.873680813865327,0.293360520463289,-1.5594004402939,0.831645206723056,1.39281549686056,0.236111329285611,-1.29846051367794,1.41519693575543,1,1
-0.215439886759458,0.480026450206764,-0.975647802309804,1.43124628164276,0.793208029122621,-0.0530550167542968,-1.08803163286886,1.66801129095686,-1.5927925781265,-1.67948499678778,1.00290062618353,-1.24027364739667,-1.13264701574792,0.0501872972068924,0.819151938691375,0.136309460670344,1,1
1.31679668028922,0.72778180301585,-0.885490695526216,1.43124628164276,-1.57151469183331,0.93266453547655,-0.214875467785858,-1.41332452610391,-0.630663175285195,-1.53968382242476,1.14560065810216,-0.54963402935676,-0.248907659176749,-0.933400378888732,-0.808805450198981,-0.49865456414134,1,1
0.703139746719971,-1.70812824102012,0.473636508315826,0.258597918380011,-1.67847308562498,-1.21342331128203,0.076176587241809,-0.834481557640048,0.996525077087343,0.671823610041919,-0.352386291913092,1.52228482476296,1.60727593583852,-0.9057542215194,0.783935096692457,0.756774186358131,1,1
-0.973935102786041,-1.14192713823876,1.1749224385403,1.43124628164276,-0.143375578148477,0.37269657995539,-1.37908368789653,-1.43507875064744,-0.48886999578204,0.104510527086297,0.478616230942783,-0.204314220336806,-1.40817305366314,0.923059529480513,1.16181830214758,0.415537646602231,0,0
0.257190298101327,0.759781338706983,-0.264096420396587,-0.327726263251365,-1.26405498105362,-0.909191992994377,0.658280697297143,-0.785068431630064,-0.615044399415209,-0.633794468883398,1.2454062634655,-1.24027364739667,0.335959330443938,-1.65232174259992,-0.839381304551555,-0.661311218911465,1,1
-1.60283817135079,0.597290819285787,-0.810537583165685,1.43124628164276,0.565236604838763,1.2542588274968,0.803806724810977,-1.41283002801742,1.50867825410107,0.105740353439566,1.33364080558353,1.52228482476296,1.46386618371513,0.96052906555444,-1.05650470631332,-0.690465947438877,1,1
-1.08446958150348,1.64083098459305,1.30368373718165,0.844922100011387,-0.981623855841981,-0.607261924980548,0.221702614755643,0.0278297534186915,-1.58262469183287,0.287804656952807,-1.38212078366937,1.17696501574301,1.56969462513279,0.0940311541921203,-1.21809956335475,-0.354672315041539,1,1
-0.104905408042016,0.926907275903859,0.6168668228125,-0.327726263251365,-0.22999801027016,-0.600498243367771,-0.0693494402720245,-0.214480848887869,0.90951087586679,0.196241924885282,1.13750870273881,-1.24027364739667,1.21009681953263,1.50120699724755,-1.02828906350207,-1.46841353080815,1,1
-0.421262709198832,1.58763818827177,-0.151361883949726,0.258597918380011,-1.03789830407828,0.326743903820731,0.221702614755643,-1.13000679943384,-0.0665025831925686,0.464601318499922,-0.795994118772477,0.141005588683148,1.2445282685652,1.711201788049,-0.795835276496986,1.52568164653399,1,1
0.756501219204253,0.723196923283513,-0.0130744537507179,0.844922100011387,0.167227290449188,-1.10179172849447,0.803806724810977,-1.12738267921846,1.51798307980506,1.4986592632706,0.787392265225879,0.486325397703102,0.537820273727318,0.563815621116029,1.28825777477986,-1.08547054822444,1,1
0.177148089374904,-0.685388920354268,-0.998247122856742,0.844922100011387,-1.31827391595849,-0.752692343190053,1.09485877983864,0.435877329517143,-0.374295597954936,-0.416787837604722,-0.618033863843313,0.141005588683148,-0.959730260215919,-0.299644165832227,0.94615874189706,-1.04833035692459,1,1
-0.322162831728022,-1.35640113164256,0.4693719014178,-0.914050444882741,-1.63756780371847,-0.298795058678141,-1.52460971541036,-0.39195114708048,0.706041999377026,-0.721121386140201,-1.55756842795325,-0.54963402935676,0.810080685041371,-0.0837040476146378,-1.71509755262064,0.509615782246618,0,0
1.46163496274655,0.999292481655209,-0.461674612122982,-0.327726263251365,-1.54129594414429,-0.515829389073565,-0.796979577841192,-1.53824553644485,-1.48541765343922,-1.63356002481446,-1.02096645702562,-1.58559345641662,1.66924379651414,-1.01467652523577,1.30685956300817,0.775024350605937,1,1
-0.4098281079522,0.519855734113127,1.75046350011851,0.844922100011387,1.56116124883951,0.0741446783367721,0.367228642269476,1.45455185537395,1.46409841317816,-1.25624972656433,-0.326187755729983,-1.24027364739667,0.0999265761264158,-1.37549294882584,-1.44844541898724,0.818297647321106,1,1
0.192394224370413,-1.55552037537512,-0.0398766055931322,0.258597918380011,-1.22815809584721,0.331726748858849,-0.360401495299692,-0.330185922500558,-0.54232997469183,-1.39803260688553,0.836046517056894,1.52228482476296,-0.820039812811549,0.272631882824479,0.54865131635649,-0.425271940155747,0,0
0.790805022944149,-0.469486831115302,-0.0200716756855463,-0.914050444882741,0.716847349119368,0.218125338504743,0.367228642269476,0.314427901243166,0.0739985558487884,-0.602019421848143,-1.4024883742153,1.52228482476296,0.264809644043422,1.05190091257715,-1.19670954695594,1.28750085539105,1,1
0.234321095608063,1.60862692591387,0.257672862964259,0.844922100011387,-1.48360258120414,0.519593638705634,0.658280697297143,1.3340753279405,-1.25000833283783,0.351506034939804,1.08664606632637,0.141005588683148,0.671104962189479,-0.816875418449972,-1.50573534612462,0.155412887684978,1,1
-0.46700111418536,0.0192689232455583,1.4764597052756,-0.327726263251365,-1.34538863225103,-0.673929344960804,-0.214875467785858,-0.339862274142201,1.52174490263098,-1.60612613852718,1.72975664908009,0.831645206723056,-1.00184731857652,-0.274225689942117,0.910704491492654,-0.206944447200262,1,1
-0.886269826561863,-0.216391382713435,1.07377548350842,-0.914050444882741,0.031166596808365,-1.2986457758229,-1.52460971541036,1.10978149339407,0.585593971726523,0.760199645274662,1.00040561364812,-0.894953838376714,0.770230631651773,0.190180005010128,-0.102882815784596,1.07113289179884,1,1
-0.56610099165617,-0.129434479493201,-0.140787211594083,-0.327726263251365,-0.12000223678381,0.88699971768288,1.24038480735248,1.43570696574252,-1.54032507807628,-0.386726731445077,-0.0987966285510138,0.486325397703102,0.31323584193623,1.40385552756034,0.353938175655081,-0.877357115070106,1,1
-1.21025019521643,-0.995911810500843,0.788554190155153,-0.327726263251365,1.55196122278575,1.19698478578067,0.803806724810977,-1.12994772866949,-1.19256884741169,1.57929201548634,0.231199435380296,1.17696501574301,0.399660140699512,-1.24008715304593,-0.247870598190616,1.24231938438363,1,1
1.35110048402911,-0.439340811369471,0.328471098218308,-0.327726263251365,1.52879102317014,-0.848756106636738,-1.23355766038269,1.35860147311609,-0.352442188011318,0.207005416036417,-1.73290182104221,-0.54963402935676,-0.662950359256067,-0.902398628627274,-1.48877319297819,0.137641898254277,1,1
-1.44656528764683,-0.435488991990244,0.0024401566001913,-0.914050444882741,0.961197298006213,-0.33166302905497,-0.505927522813525,-1.31781186860292,-0.981137944890117,0.911964425166501,-1.0230524315046,0.486325397703102,-1.18572359825855,1.44039951549102,0.840886948439551,1.37938383325263,1,1
-0.752866145351157,-1.54100226579311,-1.03972044089596,0.844922100011387,0.351418820717751,-0.0164947566949334,0.658280697297143,-0.77988638670028,-0.679417817178698,1.22391381643548,1.38739138992633,0.486325397703102,0.438160224369216,-1.58067542264659,1.12058265950246,-1.02155793125242,1,1
-0.131586144284158,0.949646717083953,-0.0963077792287339,1.43124628164276,-0.154047568770665,0.103256324337798,0.658280697297143,1.0666608756561,1.70010012174511,1.31999715223645,-1.67849096463495,1.52228482476296,0.309074117370819,0.538488859878791,-1.57798748726836,1.50315254029293,1,1
1.2863044102982,-0.272892124357089,-0.853890453391839,-1.50037462651412,-0.493386687317282,0.537929136753692,0.658280697297143,1.38697800872467,0.536408734901082,0.0336174502876582,1.40768532465352,1.17696501574301,-0.551874850336324,0.481470459820701,-0.419831682690011,0.64999960748983,1,1
-0.0172401318178385,1.139827879999,1.46981236655572,0.844922100011387,1.5365275060904,-1.5908879809004,0.51275466978331,0.636886181848587,1.44158709243921,-0.389124524949346,-1.35863164461986,-0.894953838376714,-0.697962109138712,-0.399325651897561,0.209311108234735,0.410924140359841,1,1
1.62553091394828,1.23792022963372,-0.542725905448422,-0.914050444882741,0.35419099503599,0.751493772166746,1.09485877983864,-1.36979314914748,-0.228929227049503,0.179672230671775,-1.28935851910816,-1.58559345641662,-0.519852889729234,-0.107492074290892,0.37514379268081,-0.263732885555026,1,1
-1.01967350777257,-0.985076944704454,1.5997887938745,-1.50037462651412,0.272307643041568,-1.52071451955715,-0.651453550327359,0.0786915479307314,0.713734682185035,-0.37062043426946,-1.14161126229928,0.831645206723056,-0.025112750887096,1.22176555132464,0.281497898142275,1.57276954153403,1,1
-1.07684651400573,0.565838114855064,0.143761608515706,-1.50037462651412,-0.920309408540305,-0.120821229075581,1.53143686238014,0.250645653971994,-0.146876883079562,-0.931022729752906,1.03929512490328,-0.54963402935676,1.65687960288431,-1.14952024186959,0.679174794632808,-0.188615168828868,1,1
-1.3665230789204,-0.0786535806477131,0.485841298359523,-1.50037462651412,-1.55652718009801,1.11736607608414,0.367228642269476,-0.75656633335009,-0.598371534754144,-0.642044585796318,-0.0832443796924511,-1.24027364739667,0.924145398179816,-0.920668472918086,1.6280043822209,-0.0008447608881282,1,1
1.00806244663015,1.34172586607103,0.178095468216035,1.43124628164276,1.53000409821864,-0.179644023327237,-1.67013574292419,1.70084591606779,0.0574059110509356,-0.958616839995639,-1.24699227246085,-0.204314220336806,1.22997905772204,0.0443727603724088,-0.368317574284304,0.971827736387461,1,1
1.55692330646849,-0.97202973841061,-1.25831154466651,0.258597918380011,-0.639189519014249,-1.22056273212948,0.94933275232481,-0.570318828304164,-0.258077393069027,-0.831266278429419,0.645833343354987,-0.54963402935676,0.0295721091765651,-0.308277037359407,0.206910344268845,-0.735450993381413,1,1
0.310551770585609,0.637086825492431,-0.402355560857453,-0.914050444882741,-0.196545931264877,1.65953068431953,0.367228642269476,-1.00459841585702,1.64188674191204,-1.44193971177868,1.5331272031701,-1.58559345641662,0.100585924199571,0.25754052592171,0.700439536419805,-0.712581374726601,1,1
-1.56472283386202,0.393106852586085,-1.36332429415569,1.43124628164276,-1.32312968177236,1.32964703712549,-0.505927522813525,-1.35139924494036,-0.0216064605918412,-0.285903660736088,0.246196731287099,0.486325397703102,-1.01556740581986,1.44833455548387,0.330938726820868,0.950513479295895,0,0
-1.2331193977097,-0.694968037746655,0.45600470426297,1.43124628164276,1.15809043180635,0.923196547045646,-1.08803163286886,-0.421810194634449,1.06001946754058,-0.949885311252443,-1.40949071899961,-0.54963402935676,0.77666982616479,1.43549003705589,-0.381605461709238,-1.27261163312865,1,1
0.0056290706754252,-1.24762527339046,-0.155569034466669,0.258597918380011,-1.62202341182523,-0.316435939660329,0.51275466978331,0.666259678426327,0.564469727912294,-0.209829633537248,-1.56308701179261,0.831645206723056,-0.262007643053108,-0.925992808601341,0.440607672408946,1.11437059999643,1,1
-1.05397731151246,0.545940709584253,0.994469749688554,-1.50037462651412,1.14801292273509,-1.10081732783846,0.076176587241809,-0.931294342505342,-0.0784071553286132,0.984329502867859,1.02701786017331,1.17696501574301,0.850898851841825,-0.67809730158406,0.530795212113787,0.434459262872941,1,1
0.77555888794864,0.848761295652314,-0.941931396520024,0.258597918380011,-1.23503271785674,1.50923672713787,0.51275466978331,0.932721641092559,-0.0972174584266096,-0.210017872187548,0.433632824166052,0.831645206723056,-0.305462930638241,-1.15953343524529,0.305110011472544,0.13851631416744,1,1
1.16052379658525,-0.624185451748663,-1.13610283021991,0.258597918380011,1.32861499201466,0.0998946714238166,1.38591083486631,-1.26388310360508,-0.551439663151943,1.5484070391149,1.47011157696932,-1.58559345641662,-1.34787374579182,1.47222553926591,-1.01089039636029,-0.92703613064209,1,1
-0.874835225315231,0.522235538417857,-0.29638242558939,1.43124628164276,0.78999866649806,1.20241142985673,-0.214875467785858,-0.207164141055971,-1.35818853805833,-1.25359684789669,0.158122039546841,0.831645206723056,-1.12403016288171,-0.349112629927262,0.0314626770587933,0.988568813754957,1,1
0.71838588171548,-0.347323064079433,1.51059984551113,-0.914050444882741,-1.15126353604425,-0.555598205790785,0.076176587241809,0.700050144346806,0.889527060996168,1.18600070323397,-1.53636963907245,-0.204314220336806,1.09065137829785,-0.170936854840432,1.34232750470196,1.05245540608522,1,1
-1.49230369263335,0.760341420656369,0.759804326611801,-0.327726263251365,0.226775136690291,-0.579049414242627,-0.942505605355026,-1.26420131445933,1.42742807174653,-0.904824692325925,-0.343609293567977,-1.58559345641662,-0.82725726780744,1.04209072308521,1.28774524843515,-0.0544742691715963,1,1
0.802239624190781,-1.02957763520129,-0.252649052097814,0.258597918380011,-0.642895952130222,1.66127620541207,1.09485877983864,0.33796387482992,-0.977072258893642,1.47658898015072,0.545142936429267,1.17696501574301,-0.807355360024152,0.0465142007603223,0.879584077871975,-0.376823277667659,1,1
0.100917414397358,1.37675266298339,0.0889424911030491,0.258597918380011,-1.10467193982442,0.0636565456902535,0.658280697297143,1.03458889397964,1.45345570908696,-0.978142320568281,-0.4093175986827,1.17696501574301,1.4992314657813,-1.30496243750197,0.693915568639887,-0.868417462756385,1,1
0.0246867394198117,-0.722450642808888,-1.41519106098691,-1.50037462651412,1.23455155229993,-1.24948385258531,-1.08803163286886,0.330020076402094,-0.927792040560031,0.827219146863657,1.73898410224064,0.486325397703102,0.556732748039787,-0.211687013518466,-1.19045838938017,0.878106058636555,1,1
1.44638882775104,-0.442548729890286,1.71201684551185,-1.50037462651412,-0.330747893833281,-0.977375190186682,0.658280697297143,0.0387585423205457,0.0948603856789825,-1.55130681726801,-0.33769684353502,0.486325397703102,-1.32778997288209,0.450531447185112,-0.129692327427393,0.483536871416481,1,1
1.69795005517695,-1.52102403356202,0.606929827975498,1.43124628164276,-0.347852132212004,-0.0737729568307234,-1.67013574292419,1.17088292124175,-0.545491846786341,0.420352128923785,0.154578181813907,-1.58559345641662,-1.22624078992051,0.755338878799194,-1.33710125623866,-1.00430659237788,1,1
-0.337408966723532,-1.3349938723423,-0.716399190058592,-1.50037462651412,-1.13334390859161,-1.58789855707426,-1.08803163286886,1.68049394888553,-1.33233853184215,-1.00757229168419,-0.966721856145958,1.17696501574301,-0.779562391910096,0.501494115784298,1.10995831314699,1.01641266055434,1,1
-1.70956111631936,0.0731093033693748,0.32698764660547,0.844922100011387,-0.401022906252367,-0.140647596240074,-1.08803163286886,-1.10484983777134,-1.54413408209352,0.56052302042449,-1.22273255435966,-1.58559345641662,0.33599888504265,-1.30693787802342,-0.713180935525475,1.31801378826014,0,0
-0.238309089252722,-0.791460878944752,-1.32742364219489,0.258597918380011,1.27726754702687,-0.29083984663152,-0.796979577841192,0.661852390215195,-0.470882970530841,0.441245905978768,0.500810316686801,0.486325397703102,0.886896860270698,-0.670536279025648,0.935285379259967,-1.51094565947099,1,0
-0.386958905458936,1.18614484257985,1.64693035474538,-1.50037462651412,-0.469511165139795,0.950837067484602,0.51275466978331,-1.45350959177567,-1.56300395561585,1.44103295135917,0.302677857183379,1.17696501574301,-0.772177960057011,0.804678432577847,1.10058502803321,0.940623477450121,1,1
-0.98918123778155,-1.67215474154284,-1.10060967794772,-0.914050444882741,1.55204110262403,-0.51133634494906,0.803806724810977,-1.58450209127893,-1.36772003018129,0.409457015940109,-1.73926820664379,1.17696501574301,1.29554130742412,1.308625376239,1.37052570270399,1.21693819954841,1,1
0.211451893114799,-0.403169655625987,0.543101499573662,0.844922100011387,1.53385266424435,1.65096878100206,-0.942505605355026,-0.760171416161511,-1.23690309386226,-0.349162246500059,-0.759164814192893,-0.204314220336806,-1.34557417222352,-1.5543798122751,0.890123482570878,1.69374689327719,1,1
-0.985369704032672,-0.548554206443241,-0.855155157860361,1.43124628164276,-1.21918373543709,-1.11141446373004,-1.52460971541036,1.63026552302623,-1.71901851186273,-1.09476917938993,0.494778336437314,0.141005588683148,-1.00420984406043,-1.57141790501021,0.234991256258989,-0.897844054673562,1,1
0.222886494361431,-1.65601650426426,0.784602008443983,-0.327726263251365,-1.10783869984853,0.301912828648175,0.076176587241809,0.179848977711072,-1.19928143146536,0.516339962869667,1.08425286999978,-1.24027364739667,1.64177501628714,0.494801232435959,0.350897774613544,-0.439269019122697,1,1
-0.306916696732513,-1.29022362094662,0.990428231848712,0.258597918380011,1.24654696647019,-1.42518173701716,-0.360401495299692,-0.803635079083085,0.256958554357213,-1.36289606912249,-0.66275214109861,-1.24027364739667,-1.25690356591457,0.167057793943353,-0.610844147444766,1.60671910240726,1,1
-0.154455346777421,-0.282857877255625,0.631285905746024,0.258597918380011,-0.367717421607387,0.79417058863042,1.24038480735248,-1.27363456212728,1.08890201043245,1.1104673245009,0.508257237541813,1.52228482476296,1.35613312789936,-1.18266294355888,-1.10829171792529,-1.39142793258335,1,1
1.42733115900666,-0.0069763196721919,0.426639609209603,-0.914050444882741,-1.70191970715271,1.69301863658874,1.09485877983864,1.45451999878249,-1.06129844782581,-0.908032326147167,-0.827396765639367,1.17696501574301,0.717321488533323,0.167901319891028,-1.26890381773764,0.085660811801045,1,1
-1.26742320144959,-0.315428415723984,1.39210459066663,-0.327726263251365,-0.776129994070424,1.08796890598529,-0.214875467785858,-0.477699032417363,-1.44785573982316,0.0534041726158019,0.658338156970347,-1.58559345641662,-1.47076233890244,1.63272141762334,-1.09087475895717,0.0273487433559687,0,0
-1.20262712771868,0.125609028591439,-1.43459381780986,-0.327726263251365,0.336053553005952,0.180351169301388,1.24038480735248,-0.67053169544792,0.779783111784309,0.302731926721912,0.684787499511147,1.52228482476296,-0.046535852949304,0.451824354933446,1.5141474328421,0.370427092828991,1,1
-1.49230369263335,0.349157537400301,-0.558328022511716,1.43124628164276,1.02872491893526,-0.0641361330413952,-1.52460971541036,1.23899653739154,-1.69756433473308,-0.508086852244743,-1.29932114645729,-0.204314220336806,0.0758062036431242,-0.172875264963007,-1.15181545188834,-0.577494934083912,1,1
0.405840114307542,-1.68876423412144,-0.845315310400272,1.43124628164276,-1.25872349123203,1.1427195722569,-0.651453550327359,0.360689181158979,0.79574547177695,0.538646831963833,0.569953166938637,0.486325397703102,1.50884450266252,1.12764265997827,0.785868899626191,1.46827863908395,0,0
0.897527967912713,-0.107162667430222,1.72395819314336,0.844922100011387,-1.33720928429971,1.49050419884663,1.67696288989398,-1.14876108596938,-1.27529990112132,-0.898021443639076,-0.588666591677953,1.52228482476296,-0.263670476620533,-0.985094364473946,-1.08184977607307,-0.786261999702085,1,1
0.847978029177308,1.63195693558127,-0.355228218238214,0.258597918380011,1.45066405199512,1.67390689743288,1.38591083486631,-0.272830586794419,-0.941595083711754,-1.64679367745682,-1.1512394848943,0.141005588683148,-0.174672662140411,-0.292532271845349,1.6573606788346,0.518749739555189,1,1
-1.05397731151246,0.0841497928651753,0.836879370186723,-1.50037462651412,0.863429427884607,-0.3680205370326,0.94933275232481,1.48239626758408,-1.31323988297654,1.56457728906565,-0.0057474124793989,0.141005588683148,-1.33411578418238,0.0973621073527359,-0.451471379988131,-0.0098371500057828,1,1
1.44638882775104,0.636143331736675,0.670552790470442,1.43124628164276,0.309089007302894,1.67980166116487,1.09485877983864,1.3887758613738,-0.876160774737469,-0.655499330522209,-0.173725509955283,0.141005588683148,0.492693989546794,0.0175282752782617,-0.293658882274929,-0.79790776074257,1,1
1.39302735526676,-0.637291375898205,-0.97106954637359,-0.914050444882741,0.925395734731613,-1.19700880246054,0.658280697297143,-1.49004593302077,1.01558908071509,0.710872116106517,0.95013985993984,0.831645206723056,-0.992771462409165,1.44879264495,-0.320074834901466,-1.06541672191078,1,1
-1.14545412148552,0.97201671630926,-0.877581338544451,-0.914050444882741,-0.243727789681174,-0.860664698432988,0.51275466978331,-0.802450950661838,-1.27039958417859,-0.004336997227129,-1.45906332088499,0.486325397703102,-1.45534089409287,-0.710667723691427,1.10709921747311,1.57361904364403,1,1
-1.40844995015805,0.968290920591765,-0.730707363505546,-0.914050444882741,0.888532029163104,-1.42753548289387,-0.360401495299692,-1.19759062514256,1.68867921267201,0.556446080648653,1.00563259190136,-0.204314220336806,1.73353046874165,-1.52235655483937,-0.965229347093393,0.214856376799568,1,1
1.66364625143705,0.0920331134567299,-0.279727907659591,1.43124628164276,-0.439712930037589,-0.797998699408973,-1.08803163286886,0.116168945472617,-0.602241205503062,-1.38175524257089,-1.38369053548901,1.52228482476296,-0.789058413863408,1.43299887906487,1.15756092033523,0.362325383352726,1,1
-0.901515961557372,1.6755375877423,-0.893810613917155,1.43124628164276,-0.878421980593067,0.911564871610068,0.221702614755643,0.864964731203736,1.44073031077345,0.0349584995334899,-1.02939490845919,-1.24027364739667,-1.23502334632165,-0.970503856851409,0.554863905369782,0.976631198451226,1,1
-0.939631299046145,-1.28610807797151,-1.63943100410507,-0.914050444882741,0.787390577284752,1.20437146377498,1.67696288989398,-0.709168188118057,-1.07296439859603,-0.404833338110114,0.0484956603962127,1.52228482476296,0.70190513120427,-0.413851847606196,-0.958336317725245,-1.43539038723868,1,1
1.19863913407402,-1.6643044733212,1.34668791765939,1.43124628164276,-0.275270399613048,0.949308654673398,0.94933275232481,0.89272009365173,-1.08029858163816,-0.197732803212351,-0.135708890712431,0.141005588683148,1.12572492142347,0.108098268665385,-1.4948855891542,0.738989271914384,1,1
-0.840531421575335,0.958668137336566,1.64614248598054,-1.50037462651412,1.65432036025574,0.439998058247641,-1.23355766038269,0.583461779781504,0.21594255246846,1.58868262179409,1.7014759621982,1.52228482476296,-1.50201195068093,1.63750954711819,0.963439888884002,-1.14693360750935,1,1
0.863224164172817,1.08750724101136,-0.521318119534002,-1.50037462651412,-0.516379956969162,0.0365538260636987,1.09485877983864,0.789586534105464,-1.55182107275228,-1.29370408096291,0.305686800205504,-0.204314220336806,-1.35870886124288,0.123141237747138,-0.962899427913622,0.830829667181927,1,1
-0.84815448907309,-1.30471443585721,-0.53195852393637,0.844922100011387,1.44940938889387,0.707487434071596,0.51275466978331,1.55171797400919,1.02529774593175,0.854095290460955,-0.61009552938613,-0.54963402935676,-1.41149734176601,-0.17767962536855,1.35864515818506,-1.22878671229315,1,1
0.798428090441903,-0.798459938079905,-1.68305419191813,0.258597918380011,1.48800474854643,-0.387678414364684,1.67696288989398,-0.262087907108867,-0.215820877345519,-0.619737029104542,1.3914479848936,1.52228482476296,-1.5613860553297,0.289387385592583,-1.27185181785814,1.14712763127354,1,1
0.314363304334486,-1.66219867760498,0.655011706370476,-1.50037462651412,-0.886122501612241,1.16435062444917,0.367228642269476,-0.546279160656748,0.675662526779052,-0.758607949349751,-0.663289285532646,-0.204314220336806,0.56304835045598,1.62007619085276,0.413880359156215,0.626416360177647,1,1
-0.0324862668133477,-0.701907976429039,1.15929375179963,0.844922100011387,1.02513583401645,0.598911003380993,-0.505927522813525,0.63587617843861,-1.12585584245187,-0.826613149984124,-0.797628715780672,1.17696501574301,0.316289252192082,1.09468941635416,0.676499333779682,-0.38809392474683,1,0
-0.181136083019562,0.969058411559114,-1.198475062506,-0.327726263251365,-0.229230583357559,0.669934875696281,-1.37908368789653,1.06439442762027,0.480459137454118,-0.55569751864129,-0.0266795621102932,-1.24027364739667,0.574668376698763,-1.13582024690565,0.55709349060271,-0.481099744582283,0,0
-1.534230563871,0.0804175333438379,-1.15312086724775,0.258597918380011,1.43497212935124,0.112245677638636,1.53143686238014,-1.0697524757189,0.31462746416847,-0.526747536377967,1.43697152828092,0.141005588683148,0.0296331349051133,1.04421900936902,-0.62661594954619,-1.20259810911127,1,1
-0.825285286579826,-0.511118356154558,1.03649039768618,-1.50037462651412,-0.170660542483454,1.3156711800795,-0.505927522813525,1.20032619569919,0.869580301291843,-0.82671869974769,0.721714917377577,1.17696501574301,1.11124585254238,1.17427049841585,1.31172497858969,1.39311752646131,0,0
-0.55085485666066,-0.428781773997863,0.432861245394241,-0.327726263251365,0.839916411715479,-0.865953407458294,0.803806724810977,-1.53250394211441,-0.704228251714981,0.551217238423857,0.613266275916054,1.52228482476296,0.171844779881883,0.657333865380322,0.945468980965483,-1.30716078558812,1,1
0.291494101841223,-1.71860899390091,-1.55187295436877,0.844922100011387,-0.112800328526551,-0.421049407900407,-1.23355766038269,-1.71075162289457,1.4791858672336,-1.60130516504714,0.783094895728465,-0.204314220336806,1.46239219786087,0.542330786124485,0.0460999433062389,-0.0918214601635247,0,0
-1.16832332397878,-0.679300592626888,0.454590894746919,-1.50037462651412,-0.9343951494534,0.945001747049462,0.94933275232481,-1.18412386165577,1.57581198713014,-0.612960985796863,0.550909156982148,0.141005588683148,-0.0398010921886839,-0.201278880661357,0.368594604353541,-0.901567073084146,1,1
-0.131586144284158,0.527898383215585,-0.634729801973325,-1.50037462651412,-1.03212987654672,-0.036547614047112,1.67696288989398,1.65710169962214,1.25581134632173,-0.79386810400176,0.900937869357991,1.52228482476296,1.01812054020044,0.488926969720232,0.24068067630477,1.71031453863428,1,1
0.241944163105818,1.66920179953632,-0.42700214098977,1.43124628164276,-0.25548718957705,1.32940087379039,-1.23355766038269,0.0806767087622604,0.238945872496428,0.842696060498091,-1.08075865208203,-0.54963402935676,-0.311342100631072,0.818461788470754,1.55830776999816,0.299257132314613,0,1
-0.291670561737004,1.22647300845362,0.965802889381854,-0.327726263251365,0.878359973755325,-0.540768474377654,-0.505927522813525,-1.57159427521848,-0.282195793641929,-1.25824506262523,-1.13494178632777,-0.204314220336806,-0.214697956379378,-1.29442894322928,1.38409645683282,-1.20040687780548,1,1
0.443955451796315,-1.6411559854685,1.10891492912002,-1.50037462651412,0.361620298125333,-0.461764402575137,-1.67013574292419,1.72121319453345,-1.52643347841018,1.50004517260979,-0.488727467730074,0.831645206723056,1.22044873537675,-0.832123713342194,-0.905617295284874,0.580173533126355,1,1
1.66364625143705,1.40581530112342,-0.317137342045493,-0.914050444882741,0.648661399446204,1.3277532398058,-1.67013574292419,0.847395639083897,1.52747996728734,-1.17482115142195,1.21953979252372,-1.58559345641662,-1.35084745384255,-1.04950518170251,-0.811167609245403,1.69409449059195,1,1
-0.726185409109016,1.00407920018365,1.58203661256719,1.43124628164276,-0.747086652097078,-0.13432083850298,1.09485877983864,1.16986288289174,1.54311826073791,-0.481908858462476,0.74247415143679,-1.58559345641662,0.235142646888976,1.17465810941662,1.67866119581588,0.365255442315861,1,1
0.786993489195272,0.994250887654386,-0.295929208394158,1.43124628164276,-0.063099495372034,0.0439890697185183,0.94933275232481,-0.995295234326912,-1.66141562732929,-1.0734708283343,0.225304094956693,1.52228482476296,0.795020277387448,0.62058750682552,-0.901933135358211,-0.142347580625463,1,1
0.0818597456529712,-0.128403156411878,0.973112802775598,-1.50037462651412,-1.56443700165225,-0.587747470600909,-1.37908368789653,-1.36763311702578,-0.499933782119258,-0.771319620190307,-1.68646607709183,-0.54963402935676,0.878555669776343,-0.167247634398041,1.58179936515709,-0.706480380717599,1,1
-1.66763424508171,-0.337313334318586,-0.0270471984586444,1.43124628164276,1.09147455605505,-0.781008368667184,-0.360401495299692,0.0513013706837809,1.29672349353303,0.876060946404719,-0.930339652402057,1.52228482476296,0.327320190018301,1.12256716441656,0.529555542216784,-1.39793224285239,1,1
-0.455566512938728,-0.668452247982061,1.40969058980749,0.258597918380011,1.68357162660424,0.525727679270571,-0.0693494402720245,0.941836766478262,-1.44792638643483,-0.112450496355696,1.05372399909725,-0.894953838376714,-0.170160624656866,0.746994793671153,-1.54788519588927,-0.930003022262751,1,1
1.09191618910546,-1.49454774937447,1.44521843201839,-0.327726263251365,-0.319218211631358,-1.32133514494858,0.803806724810977,0.476306455062639,-1.05052700625409,-1.2024075572704,-0.906978685577152,-0.204314220336806,-0.819744697891405,1.42342994468252,-0.558375240385844,0.188488023776228,1,1
1.27486980905157,-0.928518379097803,-1.4040633940018,0.258597918380011,-1.6792826071948,1.29514968298535,0.221702614755643,0.453024503940038,1.63548747538047,-1.60508078115017,0.797818436142956,1.52228482476296,1.43006353515653,-1.45257489937805,-0.0718726219656748,0.876564941584066,1,1
-0.348843567970164,-0.864552900641769,1.54501287399036,0.844922100011387,-1.13366694225006,0.950378397252067,-0.360401495299692,0.889602609769213,1.18425810593434,-0.968527781201824,-1.10916389370237,0.831645206723056,-0.441661252419376,0.0333984270087597,1.1647259527132,1.30332024502926,0,0
-0.158266880526299,-0.0375778700187769,1.15962352457581,0.258597918380011,0.524640954214724,-1.07703589205646,-0.360401495299692,-0.946522553397407,1.40671469728783,1.51711763121007,0.364728151857917,-1.58559345641662,1.0470248689615,0.712510219611468,-0.58311763917864,1.0138144595013,1,1
0.832731894181799,0.879569817394916,1.04075371890469,-0.914050444882741,0.385693885452898,0.656895198406422,0.803806724810977,0.558534580751102,-1.23739475073173,1.16881500022128,0.441068853691022,-0.204314220336806,-1.61443191954191,-1.00341098035326,-0.645502435671309,-1.28331818448459,1,1
-0.291670561737004,-0.0733324048710291,-1.00986567320611,1.43124628164276,0.989558902945248,0.342037818698828,1.67696288989398,-0.37466863014416,-0.999872310727334,-0.238284110081066,0.873572773039695,-0.204314220336806,-0.918989120528941,-0.59223634039176,1.46672379212195,0.944195940938258,1,1
-1.68288038007722,-1.52188593416952,1.08871441753602,1.43124628164276,-0.844792911366978,-1.09844238783532,-1.67013574292419,-1.49128014454115,0.353592949401932,-0.0930341632013784,-0.222493551422989,-1.24027364739667,-0.52560941824341,-0.276550999577323,-1.44767615159432,0.284683620615617,1,1
-1.24836553270521,1.6120744411837,1.24505877213226,-0.914050444882741,0.906313408612248,-0.79295134418214,0.367228642269476,-1.03269809883002,-0.0024710961269173,1.35653351985664,0.456667503842401,-0.204314220336806,0.605077954572021,1.01351179704329,0.189233473155743,-0.102030402804203,1,1
-0.386958905458936,1.55961056300395,-0.703387378022977,1.43124628164276,0.646444747798085,-0.325135709794256,-0.651453550327359,1.01744686200977,-0.700443301579095,0.286749027422151,-0.0525484196182687,0.831645206723056,-0.616670851349488,-0.0201535516003535,0.0254272900507659,0.254294208456608,1,0
0.863224164172817,1.01101309015899,1.59977512246997,0.258597918380011,-0.608000155759586,0.674889369899896,-1.37908368789653,1.37051116962338,1.30980799421161,1.29193721998803,1.55636679379989,1.52228482476296,-1.580793945708,-0.022580627320532,-1.52285339383942,-1.68685174116258,0,0
-1.37033461266928,1.72886717542014,-1.53450800764303,0.844922100011387,0.156937243493312,0.466381032561278,0.803806724810977,-0.753233783726327,1.37005381339057,-0.0588454518751542,0.0694598616390506,0.486325397703102,-1.12120741554031,-0.23561204223171,-1.41744921200473,-1.48178499079734,1,1
0.756501219204253,0.172776792809219,-1.18700994534344,-1.50037462651412,-1.21102452826468,0.0994940538175269,-0.505927522813525,-1.07350856335056,-0.723863194553343,-1.07209053230108,-1.02191994384571,-1.24027364739667,-0.825353547944793,-0.930905092874438,-0.398178019656999,0.093022102231436,0,0
0.947077906648118,1.62941168960278,0.159481123110086,-0.914050444882741,-0.162277764372458,0.913194477824004,0.51275466978331,-1.64032802724281,-1.19069247081173,0.754163325875349,0.57974839378752,0.141005588683148,-1.11364625369248,1.45600706359777,-1.25669156260092,-1.11778623635693,1,1
-0.50892798542301,-1.4600366353504,0.292199591253559,0.258597918380011,1.31017883923036,0.877112337199378,1.24038480735248,1.54982556242684,-1.21356747355302,0.0611645239374381,0.162375883773557,1.52228482476296,-1.01764884536169,-0.624286425567483,-0.0652283769315198,0.160713212980875,1,1
-1.03491964276808,-0.449879994112025,0.533097652186883,0.258597918380011,-0.27005196910589,0.394497035738142,0.367228642269476,0.635902908983977,-0.0619294608250354,0.554504284709937,1.05482681342526,-1.58559345641662,0.942848549349664,0.233801966726823,0.387981202255398,-0.496984223226145,1,1
0.344855574325505,-0.93845745167394,-1.64874755523854,0.258597918380011,1.16716762910934,0.977206906233257,-1.08803163286886,1.58215311453047,-1.2691138104446,-1.22097054264895,-1.13615341086792,1.52228482476296,-0.295132885256299,-1.20520708241179,0.673825781710052,1.40466310502148,1,0
1.07667005410995,-1.0413557412884,1.62793190797946,-1.50037462651412,0.310716501934016,-0.582580666612861,0.076176587241809,1.25938416216207,-0.0999987388220181,0.482132760040463,-0.84248864626621,1.52228482476296,-0.318907234353334,-0.224078364575848,0.171733994092274,1.54997317892538,1,1
1.59885017770614,-1.23299211454391,-1.55281929987393,-0.327726263251365,-1.05780285253269,1.30196068824483,1.38591083486631,-0.55355830068403,-0.139171035813028,-0.439433693178385,1.46651806754659,-0.894953838376714,1.62839159189833,1.38978354695615,-0.406171962937858,1.65344579130495,1,1
-1.55709976636427,0.444163975656498,-1.21079250311876,1.43124628164276,0.279293948783192,0.384336557161382,1.09485877983864,-1.34257664452107,1.3107143559075,-0.613989205147204,1.49586429257614,0.141005588683148,-0.174886936253735,1.70482171746754,-1.27194414822445,1.37553322108916,1,1
1.10716232410096,0.997544295594348,-1.65900973452243,1.43124628164276,0.0212287149777874,1.09907963019923,-0.796979577841192,-0.0042184543758906,-0.708318014227005,0.565048457578139,-0.208813454587505,1.17696501574301,1.4933005119288,-0.473229265254761,-0.864084956329118,1.67443800894882,1,1
0.969947109141382,0.290537513119866,0.261169220952166,0.844922100011387,-0.347516781242259,0.147880988582426,0.51275466978331,-1.64001872366213,0.199858889755577,0.289853037199677,-1.58754890657035,-1.58559345641662,-0.686969001194406,-1.18729770588177,-0.268419466488463,0.712804965226987,1,1
0.200017291868167,-1.21154142766786,1.53033325990437,-0.327726263251365,-1.30598613123518,-0.981635095336518,-0.796979577841192,-1.21360341574239,0.827814278562744,0.487361941510762,-0.683069711374814,0.141005588683148,-0.3346991724569,-0.635798864080927,1.480066186702,1.58730102768011,1,1
-1.16070025648103,1.10132617302634,0.605331640026101,1.43124628164276,-0.285451173711554,0.134551134733765,1.38591083486631,-0.924312737911024,0.320960822222352,1.58564273284402,-0.890776724178171,-1.24027364739667,-0.349762448996961,-0.591839245725788,-1.0195864547149,0.491582602705823,1,1
-0.947254366543899,0.491319242307614,1.14962961670986,0.844922100011387,-1.46698917032607,-0.455626585560792,0.51275466978331,0.572831165222291,1.55097082389762,0.668271982888515,-0.305200951657331,1.17696501574301,0.169800214142799,0.498596552866306,-0.289474506604042,1.06710321012886,1,1
1.04617778411893,-0.371578609620526,-1.66155673594537,0.844922100011387,-1.3776500032141,0.668881771266299,0.076176587241809,0.033263244424537,0.342812281374719,0.458853179864154,-0.64376826818829,-1.24027364739667,0.302186761877383,-0.0112843817669352,0.815564174650712,-1.26116389196825,1,1
0.0437444081641982,0.624261516035482,0.17488218170295,0.258597918380011,-0.288172333402799,-0.0949633439528261,0.658280697297143,-0.685349249557754,1.37168017716443,0.363878276570082,1.14276703556777,-0.894953838376714,-0.863646692260209,0.924611627401452,0.721658363698042,0.631859125480325,1,1
1.07667005410995,-0.818232437078666,-0.111497404015661,-0.914050444882741,-0.667886746314226,1.14645031323906,-0.505927522813525,0.223399659039024,-0.883997081626824,-0.382276660560418,-1.74382142311831,-1.24027364739667,1.02826788881839,0.693797252083755,1.62376524722452,1.48610309438105,1,1
1.15290072908749,-0.521229072885729,0.0253668820328244,0.258597918380011,1.46252137422626,0.601951215373403,-0.0693494402720245,-1.29921005083022,0.200203399996765,1.14754211229425,0.498455892564168,-0.54963402935676,-0.0020729673228213,-0.852818494179196,-1.06011810261582,0.141831745649827,1,1
0.413463181805296,1.47172035559952,-1.45686975617339,-1.50037462651412,-0.426305827458509,0.624249041640536,0.076176587241809,0.884794872575768,0.140285453343533,-0.444013121200349,0.567088936757238,-0.54963402935676,-1.69983304844858,0.978901801349375,-1.66425565061088,-1.07240898115241,1,1
0.371536310567646,-0.711672963031099,0.669546225607584,1.43124628164276,0.886479043128006,-0.98605513367975,-0.505927522813525,0.73351621712675,1.67249149797018,0.664962698223289,0.554354949088997,1.52228482476296,0.32678988069531,1.19613924646401,-0.604812585679499,0.0965946848754191,1,1
-0.74905461160228,-0.0866405666874202,0.0401368820177444,0.844922100011387,0.104582052382321,1.65682928433567,-1.08803163286886,-0.982956322669523,-1.02325877123016,-0.748933105400651,0.0649653298042973,-1.58559345641662,1.04379000117099,0.34008850363908,-1.20288374578226,0.715533927271664,0,0
-0.22687448800609,1.37649543543576,0.949886368966019,-0.914050444882741,0.701757767778945,1.16561456621041,-0.796979577841192,0.367577912981685,-1.24138205886247,-1.25387626775694,0.381281532303795,0.831645206723056,-0.855524521437853,1.47180395347276,0.178659393279259,0.9315753682801,1,1
0.550678396764879,0.74123865727463,-0.0221381775073067,1.43124628164276,-0.823384592564502,0.984148537411938,-1.67013574292419,0.0104885847205976,0.375076276989612,-1.31636808295711,1.0781192993723,-0.204314220336806,-1.59290862418062,0.974407738259338,1.39229272910409,0.0856407571935669,0,0
1.65221165019042,-1.50670697525341,-1.18884250435479,0.844922100011387,1.51872412084093,-0.596527830208464,-1.23355766038269,-1.52223757717927,-0.957368608595631,0.436833408540601,0.98621352597915,0.831645206723056,1.0754198159922,0.329797256904174,0.662843972867974,-0.967397635713933,1,1
-0.737620010355648,-1.21035624966414,0.543888668806699,0.844922100011387,0.104035748070646,0.111197128523892,-1.23355766038269,-0.769402881928716,0.469462446672508,-0.628030299903597,-1.63342154646247,0.141005588683148,1.66193311234249,1.39790331296641,-1.2510180424462,1.47092795854991,0,1
0.989004777885768,-1.69601537155621,-1.10894076491457,0.258597918380011,1.1388522001592,-1.26186024795117,0.51275466978331,1.72920447003902,1.61423515684463,-0.811776472739012,-1.64806089360125,-1.24027364739667,-1.45870408370533,0.34685344998827,-1.31929840919159,0.944737463141061,1,1
1.39302735526676,0.473792664478903,1.32238022526375,-0.914050444882741,-0.462925868775233,0.120996729157553,-1.08803163286886,-1.38811780760212,1.52500105868224,0.289228631121065,1.17754936128425,0.486325397703102,1.52929874131847,0.0747579952469048,1.43619000352876,-0.784106175768249,1,1
0.0018175369265479,-0.164349544052776,0.421835301635125,-0.914050444882741,-1.37269536483189,-1.23158948092971,1.38591083486631,0.0212568052901076,-0.931917315812605,-1.67789459067047,0.254158731180459,1.52228482476296,-0.478127243674665,-0.492110290918087,-0.0321856309007115,1.07603640744746,1,1
-1.67525731257946,-1.25572549540232,-1.16167368820219,1.43124628164276,0.59741572042519,0.171166995815514,-1.23355766038269,1.20910423898223,-1.13868594222309,-0.911883620577034,1.59162728739469,1.17696501574301,1.54110129056965,1.31781285313615,1.47853665944923,-0.518815836380217,1,1
1.42733115900666,1.61257701989638,1.63477871546585,0.844922100011387,-1.69028913217264,0.50082894792361,-0.942505605355026,-0.69147231865902,0.200157086155078,-0.584295890380527,-0.246086557820207,0.486325397703102,0.526222958436923,-1.29474884635265,0.829106238936751,-0.640612718403083,1,1
1.32823128153585,0.121158693187653,0.0927398003734129,-0.914050444882741,-0.0842000075377147,-0.389875087298666,1.53143686238014,-0.829831496796622,0.289579755414529,0.693198786072959,-1.13674675218343,-0.204314220336806,1.36353141283405,-0.0891454318338894,1.71992420404155,1.25225797364205,1,1
-0.79098148283993,-0.880956142905828,-1.45448963703907,-0.914050444882741,-1.05462460446477,-0.016578611027847,-1.37908368789653,1.35271490075098,0.54877698452113,0.125791572322642,-0.100549668977196,-0.54963402935676,1.00138291609093,0.130513151365173,1.29684243898841,1.28717859850963,0,0
-0.756677679100035,0.01997384751786,0.469477052561792,1.43124628164276,0.438239954089148,1.28268020297025,-0.651453550327359,-0.676999908102357,0.820914953821843,1.20587938512405,-0.228777605622805,0.831645206723056,-1.62715385498867,0.19009561029935,-0.286467493402469,-0.344811340917989,1,1
1.62934244769715,0.643379964740794,-0.828256572425217,0.258597918380011,1.64759680166388,-1.36018977906387,0.658280697297143,0.523805669064392,0.338278403770219,-0.605276570641471,0.0530224028268012,0.141005588683148,-1.49727744312263,0.5239649190987,0.905359287494449,-1.68393849897543,1,1
-1.69431498132385,-1.45782818268847,1.08376237180765,-0.327726263251365,-0.121610010912386,0.993547394560904,0.803806724810977,0.83146771180328,-1.34180275296212,-0.737481113265531,1.06921766043931,-0.204314220336806,0.0992713470529726,0.0218441834436244,-0.0889381980958749,-1.07328243555525,1,1
-1.25980013395184,-0.766697124478856,1.1328349604047,-1.50037462651412,1.09135721021112,-1.14592059451979,0.803806724810977,0.998790357243471,0.988052862043715,-1.65175035383912,0.536731893223687,0.486325397703102,-1.27468245434853,-0.833882795358472,-0.914018571798098,1.41114050644128,1,1
1.33966588278248,1.0868454251138,1.69246737639214,-0.327726263251365,0.0274150934526906,-1.60775367676018,-0.0693494402720245,1.71284426172323,-1.45251067525907,1.53835393034153,-1.10692348041376,-0.894953838376714,-0.125175284540698,1.22873037155371,-0.886452020187753,1.37488469693559,1,1
-0.287859027988127,-0.122590660155477,0.0354448909591372,-0.914050444882741,-0.0136159467977888,-1.09486080037159,-1.67013574292419,1.04927427630392,-1.65693648784703,-0.0253195467296795,0.812451554501805,1.17696501574301,1.58685293931417,0.543333928646039,-0.344982308526213,-0.156215848312675,1,1
-1.46562295639121,0.180071734791942,-0.127495648307582,0.844922100011387,1.47928248427181,0.901592874722518,1.53143686238014,0.542922372185453,0.917650203166996,-0.0217361202862032,0.314153059713406,-0.54963402935676,-0.701903620788221,1.23300395475379,-1.3353173518715,-0.669194700180327,1,1
-1.15688872273215,-0.216088880793497,0.909341980888167,-1.50037462651412,1.34030084021401,-0.338436120935413,-0.0693494402720245,1.36889304448767,0.157633882746963,1.44013087013394,0.266673917643647,-0.54963402935676,-0.0284793435098113,-0.767805955007692,-1.10562376344649,-0.673898695751814,1,1
-0.859589090319722,-1.57044614030119,-1.24757898813353,-1.50037462651412,0.982467693959182,1.27188646605879,-0.214875467785858,1.40450562121182,0.673584578778068,-0.760135247537722,0.615970121234165,0.831645206723056,-0.391466506139507,0.472984632346113,0.0128492868037233,1.36954090711609,1,1
-0.802416084086562,-1.14611752878881,0.191901977080473,0.844922100011387,-0.699235813122746,0.0735600876877589,0.076176587241809,1.63804774953957,-0.411123188283593,-0.613612801017876,0.216539431098578,0.141005588683148,0.460278962570437,0.738032580101258,1.58333464848521,-0.598324094111192,1,1
-1.03873117651695,-0.171773255877535,0.189582129250387,-1.50037462651412,0.155289247861169,-1.65756481568375,-1.37908368789653,0.956695422892045,-1.68750254342297,0.512508051090855,-0.15549272587198,-1.58559345641662,-1.05191614593068,-0.398807609319754,0.279881386347555,0.0439716348088812,1,1
1.25581214030718,-0.994857546974045,-1.39692124671636,0.844922100011387,-0.947804685217806,0.735082091446814,-0.651453550327359,-1.05769105778844,-0.588787029937311,0.959940479397304,0.483597316463954,-1.24027364739667,-0.822669160029085,1.07509706179776,-0.306268390284055,0.798275950133122,1,1
1.5378656377241,-1.54927639409161,-0.255912330418101,-1.50037462651412,-0.191985050139528,-1.35443691068651,-1.37908368789653,0.725795021965438,0.362929642010038,0.661722619611802,0.774881329261616,1.17696501574301,1.25435592665153,-1.70793531699541,-0.88066270370729,-0.9945095327905,1,1
-0.638520132884838,1.21459400997366,1.25600675683502,1.43124628164276,-0.0535573615898704,0.985439666625135,0.658280697297143,-1.47266185892037,-0.950462453551246,0.972243309878444,-0.965411603478055,0.141005588683148,1.08984025955492,0.328160722930239,-1.04279579845374,-0.84202655242323,1,1
-1.47324602388897,1.69357185950236,1.26597096954545,1.43124628164276,1.13993762906406,-1.15505758251341,0.076176587241809,-0.631508637966819,0.636538342861821,0.230355237601567,-0.0173200239041035,0.486325397703102,1.01302543852802,0.392255729270456,0.559534597135509,-0.483755426611259,1,1
-0.886269826561863,1.03870968716687,-1.36300630665219,-0.327726263251365,1.36112697010611,-0.544051635092819,-0.360401495299692,-1.3317538266058,1.00262479101428,1.22961750356129,-0.153190578060932,1.17696501574301,0.949656026940884,0.118242363924426,1.21749801115532,0.534314525138757,1,1
1.54167717147298,1.24988892629676,-1.39258743331075,-1.50037462651412,-0.292626020665166,0.88859796012557,0.658280697297143,1.5576027634101,-0.165502176406173,0.143523385242452,-1.61497613256658,-0.894953838376714,-0.130713565580504,0.448896976420816,-0.339668589470616,1.09555390110552,1,1
1.43876576025329,-0.880664192576405,-0.795272373228639,0.258597918380011,-1.6561263700341,1.55340631315243,-1.37908368789653,-0.559490153617898,1.28190418795529,-0.970526868486598,1.16180104807035,-0.204314220336806,0.80387983318584,-1.14180496361655,0.186246529500031,0.16471730971428,1,1
1.31679668028922,1.62195458837717,1.33061709416166,0.844922100011387,1.243454458628,-0.454516204738572,0.076176587241809,0.737605372094074,1.21011077088841,0.114329879478437,-0.435540555597226,-0.204314220336806,-0.381251180168026,0.637012387456935,0.726936146893807,-1.25766190878467,1,1
0.912774102908222,-1.03755081160052,-1.25997188089377,-1.50037462651412,-1.11825632243767,1.12332332284384,1.38591083486631,0.246088299617477,1.28992899377476,0.70907461895629,-1.50039430979253,1.52228482476296,-1.37495427719363,-0.562462833918981,-1.5195246938268,-0.18061978930037,1,1
0.0437444081641982,1.58992647566943,0.793060891788568,1.43124628164276,0.419368324640924,-1.07688429195693,-0.942505605355026,-1.36049063840478,0.544611028757238,0.502879406598743,-0.15414595022954,0.486325397703102,-0.359851267748279,-0.162864805774246,-0.505819980611308,-1.27566784562545,1,1
0.611662936746916,1.74102556417463,-1.35630998980067,1.43124628164276,-1.63116435294324,1.04676680185957,0.221702614755643,0.211539450394842,-0.678856546716165,-0.923028388022103,-1.19008161908373,-1.24027364739667,-1.17394382702285,-0.571672522487117,0.806709139185665,-1.41108515191326,1,1
-1.31316160643612,0.755173284407213,0.45664312542922,0.844922100011387,-0.344544817609993,0.531051896313825,-0.360401495299692,0.556817394915455,-0.0728296744634767,-1.62437954121709,0.707386614204761,-0.54963402935676,-0.368602108411228,-0.0876555441593145,0.650344888785127,0.312226040223281,0,0
-1.33603080892938,1.69340192803827,-0.47096635709983,0.258597918380011,1.67006474398366,-1.07016164327196,1.09485877983864,1.32058452076807,0.714518959420511,-0.890159052284111,0.243820590106115,-0.54963402935676,-0.692649965658404,0.419754051567373,-1.5366663010536,1.5724158583127,1,1
0.234321095608063,0.260036586018141,1.03242914235358,-1.50037462651412,-1.37103871335629,-0.692001955447186,0.51275466978331,-1.49012958714787,-1.00245596467291,1.65062083943641,-0.810426233922075,0.831645206723056,0.353913513954669,1.16479963461154,-0.897575555919565,1.16472147095588,1,1
-0.245932156750476,-0.819497227301434,-0.896014812675091,-1.50037462651412,-0.261457781614256,-1.28023171643597,0.803806724810977,-0.708853756696407,0.811822893709711,-1.12637975203314,1.56732597349988,1.52228482476296,-0.47026765502581,-0.0550083108975721,0.634194249373217,0.947672601765658,1,1
-0.16970148177293,-0.201532897918824,0.512437730542008,0.258597918380011,-0.661811633790035,-0.414781141676726,0.076176587241809,0.665297589374713,0.156710713950746,-0.154242076884422,-0.73482737290932,-0.894953838376714,0.723060394381953,-0.60564876927932,-0.781178367585451,0.78468014862377,1,1
1.42351962525778,0.343687610333216,-0.889095751025769,0.258597918380011,1.39224941211979,-1.03258998683745,-0.360401495299692,-1.61397772021596,-1.39584361736958,0.449985809625693,0.185195742583262,-1.24027364739667,0.0521072148612356,-0.0395185219624281,1.10000092928794,1.36931077863711,1,1
0.261001831850204,-1.46882437106651,0.771052416923987,0.258597918380011,1.26944640445237,0.484553517851146,-0.942505605355026,-1.02781106245986,0.188298537034977,1.28744345509153,1.04692261948787,1.17696501574301,1.46497740787938,0.650836488846814,-1.61926884112396,0.873297156685212,1,0
0.100917414397358,0.44391889569876,1.32683807372567,1.43124628164276,-0.900393129547673,1.69216218615346,-0.360401495299692,-0.975447565172872,-1.49626742785072,0.873400338486141,0.0415415487102711,-0.54963402935676,-1.40854354309728,-0.524959513072582,-1.06203833718344,0.440311131397859,0,0
0.989004777885768,1.69352069483436,-1.26726848821789,0.844922100011387,-1.43804586327863,-1.69284897008282,-1.08803163286886,0.58557766452562,-1.67646194017726,1.38982993744343,1.60360880244709,1.17696501574301,0.661042319432421,-0.292684722239504,-0.746890869625016,-0.461005077268602,1,1
1.57598097521287,-1.06129393459709,1.30223913849283,0.258597918380011,0.437425423080512,0.129416523980011,-0.942505605355026,-0.742361073987425,1.32966303421174,0.332032284524494,1.19470818604346,0.141005588683148,0.607931869648895,0.21790310165683,1.48413813908168,-1.36761141890032,1,1
0.745066617957621,1.03680218139405,0.353964088018624,0.844922100011387,-0.561438178983087,0.242239616082106,-0.796979577841192,0.344037649783758,-0.0430719308916175,1.23828399883195,1.46438588633401,-1.58559345641662,1.57296600719127,-0.706058214893727,1.03732429950016,-0.12978584723133,0,0
1.60266171145501,1.43833451418655,-1.26619631691152,-0.327726263251365,0.591825701923307,1.41551583155647,-0.214875467785858,1.61096697851307,0.140229571814304,-0.850696956316002,-0.451894468781036,-0.894953838376714,-0.435543132249497,-0.997941143571954,1.34159399903706,1.46438096433056,1,1
1.22531987031616,1.56301381091034,-0.222715567264587,-1.50037462651412,-1.60660631912272,0.0091250353771074,0.51275466978331,1.01481167875369,-0.764203464893024,-0.271656614687421,0.161984773001957,0.486325397703102,-0.664857884795264,-1.23403446377036,-0.195466802999218,0.289825230254014,1,1
-0.0477324018088569,1.62024344271854,-1.14897397098299,-1.50037462651412,-1.25868701556586,0.139000043014103,-0.0693494402720245,-0.579758470087913,0.138358091961538,1.16345159477793,1.18181825277993,1.17696501574301,-1.1263202047261,-0.504649568765896,1.12824246654516,-1.08036874380242,1,1
-1.62570737384406,0.0926028012960027,0.724814810705891,-0.914050444882741,0.640907866835944,-0.109230373602986,-0.0693494402720245,-0.0965549071262453,-1.14564954964516,-0.636335375771023,1.40315978624772,0.831645206723056,-0.804115477560221,-1.55040499140182,1.23540319743885,0.516438987150553,1,1
0.440143918047437,1.68004409494713,0.928071716989932,-0.327726263251365,-0.987401245414567,-0.807763461355367,1.53143686238014,-1.03778553611688,0.835184086461818,1.25878682950536,1.54597149431913,-0.204314220336806,0.016534798665027,0.288851381183008,-0.335854579546489,-0.114561384345263,1,1
0.867035697921695,0.913926379050006,-1.3402255982789,0.258597918380011,1.22907398110545,-1.54118616531623,1.09485877983864,-1.67844644141934,1.10204182701781,-0.505915900479059,1.31806718255369,0.831645206723056,1.1813274568677,-1.11196348046712,1.72378148387919,1.48705453688429,1,1
1.00806244663015,-1.1603199102611,0.0502768924883923,0.258597918380011,-1.51567163258681,-0.326268604578387,-1.08803163286886,-0.729355121932517,1.21374844890024,-0.504944699438173,0.799442514182795,-1.24027364739667,-0.738220982557705,-0.419465036459028,1.22759104955608,-1.16137209959181,1,1
0.0323098069175663,-0.0625708525126648,1.12173083928475,1.43124628164276,-0.976713089229668,-1.55303000482949,0.51275466978331,-0.453306180533482,-1.35931873712437,-0.693748205235826,-1.66980486972474,-0.894953838376714,-1.17713804618818,-0.791248381160275,1.6532282714915,0.732964899227166,1,1
-1.39701534891142,0.778186202378252,1.54386568682452,-0.327726263251365,1.71334858197674,0.162397370620419,-0.942505605355026,0.222009853262534,0.189906047833835,0.132535749457796,-0.653718680931601,0.831645206723056,-0.78039122567966,0.450070629388715,1.2804533690384,0.628431466012735,1,1
-1.16070025648103,-0.861987490907493,0.0759027642804426,0.258597918380011,-0.229225095760346,-0.675499973768038,-0.505927522813525,1.53724906177018,1.05190705810134,-1.31878038305569,-1.30381964187222,1.17696501574301,-1.37420024747033,1.20605074863309,0.967635686562731,1.66636226667677,1,1
-1.38939228141367,0.507548837022834,1.59289506917088,-0.914050444882741,0.697910281624843,0.104205711994303,-1.08803163286886,1.55036137327811,-1.28526197914371,-1.63992362991126,-1.2135746756432,1.52228482476296,1.48996134963947,0.460075899173483,1.54841777609164,0.227302593851954,1,1
-1.41607301765581,0.598039761046482,0.152909104691414,0.844922100011387,-1.08945399919761,-1.27152858149136,1.24038480735248,-1.49008574656511,-1.38380645738526,1.34975001712695,-0.737756614358527,0.831645206723056,1.30241623295464,0.148012793520781,-0.267042111429478,1.2814682405374,1,1
0.028498273168689,-1.1567389426195,-0.338554015045005,-1.50037462651412,0.378100001869235,1.47898264486163,1.53143686238014,0.396169332961416,1.08003762234458,1.45924020284667,-1.49322560206454,-0.54963402935676,-0.65426602244094,0.583059789296657,0.992336536336686,-1.62965569160597,1,1
1.63315398144603,0.244524395854845,1.23835671937991,-0.327726263251365,0.777403122637002,1.34768597038181,0.51275466978331,-1.58619376448688,1.0106440135893,-1.50250028236389,-0.905073578903014,0.141005588683148,-0.86759109356658,-1.61348110432356,-0.983935045658538,-1.29216380209616,1,1
-1.70956111631936,0.963782720300574,0.004578519193065,-1.50037462651412,-0.636642711118071,-1.07962592553611,0.803806724810977,0.51198603951432,-0.184644566157871,0.142102282362454,1.59005985432452,-0.204314220336806,1.41608930090698,-1.29434503697791,0.8172444262659,-0.525429946144431,1,1
-1.51898442887549,0.0140262511900943,-0.0686388122423197,0.844922100011387,1.13051501280298,-0.550949515331928,0.94933275232481,-1.32518783319708,-1.34881505482459,0.107317891266367,-0.664237709971293,-0.54963402935676,-1.71811749698833,-1.39029626143584,0.999334214775447,0.414357807149203,1,1
0.897527967912713,-1.68117507751746,-0.0046958928373418,-0.327726263251365,0.355938731876947,0.379453459601753,-0.0693494402720245,1.54534132985796,0.0469312907672864,-0.47356191914901,-1.19625958112187,1.17696501574301,0.358827868200299,-1.37905762584657,0.760879662346642,-0.170878384833026,1,1
1.01949704787679,-1.69184737492951,1.2334311754144,0.844922100011387,-0.380214512672196,-1.40455492595319,-1.52460971541036,1.26107973738678,-0.369719526323332,0.208810886743559,0.755915198653416,1.52228482476296,1.45287755330201,-0.821284366402239,1.222652247332,-1.01783260231575,1,1
1.22913140406504,-0.480007554850966,1.18187575614616,0.258597918380011,0.198689991358984,-0.512625387925136,-0.360401495299692,-1.65555418041768,0.0552570077524258,-0.175957282960301,1.14106436926604,-0.894953838376714,0.0396581725124854,0.112087334005202,-0.289504938666862,0.310806229083808,1,1
-0.0134285980689612,1.50204578922998,-0.306150103367313,0.258597918380011,0.264366466904794,-0.86906262405784,-0.0693494402720245,0.976323446645653,-0.214859436503929,-0.0665004602030643,-0.656918559622901,-1.58559345641662,-1.71397263427753,-1.32240126862541,0.165837720411566,0.233445264435501,1,1
-0.0019939968223293,-0.926981196206497,-0.550043934818146,0.258597918380011,-1.14829194986796,1.42002209773302,0.221702614755643,0.469782086630669,0.226859310321571,0.856306423072908,-0.781127197142657,0.486325397703102,-0.965112227302093,1.49740430022263,-1.68453033888057,0.0882033427419944,1,1
1.64458858269266,0.485778696678725,0.0009153032137441,0.844922100011387,-0.333463095876494,1.20294606021652,0.803806724810977,-0.0169919290982155,0.77159405921548,0.0596604935580901,-0.909519944502337,1.52228482476296,1.47520705025485,1.21949320566819,-1.21549245570438,-1.40331992431253,1,1
0.146655819383885,-0.949968133058535,0.281710434851879,0.844922100011387,-0.53717894060069,0.263483943312356,0.94933275232481,0.354563819476056,0.935514498012395,-0.642953613368437,-0.380045176787115,0.831645206723056,-1.66522153182833,1.62295016043037,0.510293934931516,1.47208539599557,1,1
1.3358543490336,-0.603142604237367,-0.879875331041972,0.844922100011387,-0.339748373167964,0.0585343510630938,-0.942505605355026,0.616488245275409,0.503210943216192,0.252402679801888,-1.44957045564604,-0.894953838376714,-0.354977621353668,-1.57048670384514,0.226635680049491,0.321296132262054,1,1
-1.58378050260641,1.22989014723439,1.04993834453473,-1.50037462651412,0.897652045391204,1.47242216917407,-1.08803163286886,1.33076912875619,-1.04237312650789,0.458349702368187,0.584070388369807,-0.894953838376714,1.01495057504949,1.20968288427941,-1.03783743946192,-0.807126256735514,1,0
-0.386958905458936,0.814856694807082,-0.0179975763702444,0.844922100011387,-0.0593102145089341,1.47828606091518,0.51275466978331,0.925147638715744,-0.36175251699239,0.533220356089317,1.11912085645907,0.141005588683148,1.18263865247071,1.04584833904515,-0.878014216720559,0.648423313512848,1,1
-1.35127694392489,-1.3911053904022,-0.547453953416302,0.258597918380011,1.51326614442514,1.605426373046,0.221702614755643,0.260149578949885,-1.48099197555175,0.380387999440063,0.565034159278405,-1.24027364739667,-0.0676897547112454,1.38394877721699,-0.529429708067153,-0.621786473250835,1,1
-1.43894222014907,-0.230415366413833,-1.33666732288511,-0.914050444882741,-0.708096464558097,-1.30225420589322,0.076176587241809,1.12348335130087,-0.174408280639671,0.541178671628888,-0.282404651137645,0.141005588683148,-0.917898154970457,0.0979679613509319,0.760499622204396,0.024294297771741,1,1
0.386782445563155,-1.62174236314598,-0.878111081781474,0.844922100011387,-0.288903883697079,-1.18105160931678,1.24038480735248,1.6856988203958,1.60685249535856,-0.69006718289593,-0.744553876272185,-0.204314220336806,0.355800542823458,0.991389605844916,0.390848791666052,-0.541953567634215,1,1
-1.12639645274113,-0.0486759780540447,1.58942856060563,-0.914050444882741,0.986440017394057,0.597348912308726,-1.52460971541036,-0.693099837152537,0.478307048011622,-0.217583795756104,-0.323481388126436,0.486325397703102,-0.809354560904895,-1.54028665831569,-1.48046057322478,1.31178739924753,1,1
-0.760489212848912,0.583530498296471,-0.647990891072595,0.258597918380011,0.158780061645758,0.131189702896668,-1.52460971541036,-1.32270203201845,-1.19460973830513,0.555430173882658,-0.273185969279188,1.17696501574301,-0.838884417051038,-1.45576855038308,0.911288084149146,1.70224687180908,0,0
0.855601096675063,-1.31065053648126,-1.12119125850421,0.844922100011387,0.162227507268407,-1.67060343995775,-0.0693494402720245,0.800761237849629,-0.803217655067638,0.85294349219623,0.573207022154444,1.17696501574301,1.07688041992773,-1.30916667546039,-0.811514798566826,-1.16053967875728,1,1
-0.0439208680599796,-0.717312925557105,-0.107642714267756,-1.50037462651412,-1.53370913138297,-1.52070063833525,-1.67013574292419,1.65685627204404,-1.50383147645608,-0.259218476473974,1.48899427654922,-1.58559345641662,-1.18919545971547,1.42753980522349,0.605794252430339,-1.63355726608249,1,1
-1.26361166770072,-0.337900700108473,-0.641085823976965,-1.50037462651412,-0.347659936199469,1.32549515369403,0.94933275232481,-1.32864182541172,-1.0991310877176,-0.498213361214286,-1.5077430710624,0.486325397703102,-1.70511233605461,-1.50632095045165,-1.29410204868768,-0.960679003488601,1,1
1.22531987031616,1.47884247456578,-1.58556826274655,-0.914050444882741,-0.786910076588837,1.25931201478282,0.51275466978331,-0.237510194451662,-0.0501963056373169,0.719278459739066,1.57739019349299,-0.894953838376714,-0.556165258907748,-1.37234742876257,1.73576652082509,0.313378352517986,1,1
1.68270392018144,1.73557813677102,-0.585313801136062,1.43124628164276,1.71601046121615,-0.503312345242952,-0.796979577841192,-1.5172103209379,-0.54125258017377,-0.995420074290116,1.42657960663233,-0.54963402935676,-0.0213299690205737,1.4812304957953,-1.44316950057405,-1.11664534755716,1,1
-0.547043322911783,-1.56692420340911,0.182152876704035,-1.50037462651412,-0.657671756011306,1.33572855729346,1.24038480735248,0.956926389518253,-1.02512702457085,-1.73408074460569,-1.34297581941657,-1.24027364739667,0.721293996256711,-1.34745329869629,0.84821725809263,1.07490719705609,1,1
-0.69188160536912,0.926803268224087,0.208562784872458,-1.50037462651412,1.321512366216,0.311175185703354,-0.796979577841192,1.55332869365894,-1.22213267719995,-0.130645041098729,-1.11283080224883,-1.58559345641662,0.985019432491085,1.27276443777376,0.153927710237406,-0.309785545908037,1,1
-1.50754982762886,-0.428834805582491,-0.469258818493719,-1.50037462651412,0.606079695313969,1.04237704205468,0.51275466978331,-0.0044354341874322,0.52755651545738,-1.16490706111838,-0.665453835775788,1.52228482476296,0.577139858222888,0.996138520386554,-1.42375462188143,0.384125735884048,1,1
-0.813850685333194,-0.356630521350341,-0.154080524075173,0.258597918380011,-0.545815747921748,-0.261588305783569,-0.942505605355026,-0.314360557852214,0.191101108464879,-0.453237110471414,0.201513637221407,-0.894953838376714,0.448770253715744,-1.57811008754064,-1.62860347511627,-0.148401975648282,0,0
-0.230686021754967,0.903321688435063,1.6458232463473,-1.50037462651412,0.150225576003124,-1.34353103626335,0.803806724810977,1.41134469306024,1.16829369804324,-0.755564955709438,-1.28445851682172,1.52228482476296,0.584872873920139,-1.64146914164565,-0.465047949521327,1.39062381030797,1,1
1.0842931216077,1.47499585304222,-0.397050973044279,-0.327726263251365,1.17049697245693,-0.239896611674013,-1.67013574292419,-1.27085550352827,-1.09624971354033,0.932454197065456,-1.05429243814879,1.17696501574301,-0.782479089530965,0.120116508433604,1.05778182346755,-1.59383160963787,1,1
1.19482760032514,1.58818104674999,-0.810793271318779,0.844922100011387,1.31763660231729,-0.158681037334383,-1.67013574292419,1.35545574175232,1.18665061319214,-0.616035736581401,1.40027744738528,-1.58559345641662,-0.398050746991513,1.71069949632458,-1.57892047479857,0.792400644580072,1,1
1.43114269275553,0.286442872771079,-0.862058008768435,-1.50037462651412,-1.16595395284163,0.163953704833958,0.221702614755643,-0.374615515931465,0.259130731054731,0.458078086806378,-1.37244318874984,-0.894953838376714,0.413834404160134,1.30395098558889,0.71887055578065,0.527263230051399,1,1
-0.18494761676844,-0.479687818094602,-0.117743619534001,1.43124628164276,-0.550430195641704,-1.37045831500942,-0.942505605355026,0.204826298373041,-0.811303629703058,0.573512576149402,-0.360414547238124,-0.204314220336806,-1.49683292951998,-0.65101119392537,0.549034688533122,0.518129307847838,1,1
0.665024409231198,1.01922993726598,0.930336341958913,1.43124628164276,-0.565373355036325,1.68147053284037,-0.942505605355026,0.0970495976838436,-0.786130292165599,-0.18174019048989,0.912140305007913,-0.894953838376714,-0.699933307133421,-0.388826408256832,-0.801543702213292,-0.291501849123758,0,0
1.21007373532065,-0.849238227545123,-0.992232396078983,-1.50037462651412,-1.57251142608261,-0.89309532412538,-1.23355766038269,0.400788419525474,-0.384908843754437,-1.48545686851069,1.35102748778157,-0.54963402935676,-0.314607358974916,-0.38333839204868,-1.45301941444678,-1.66072670592922,1,1
-0.558477924158415,0.241002712248713,0.755894503061405,-1.50037462651412,0.338144812488753,-1.05014814699037,-0.0693494402720245,1.53051755116164,-0.145376347172208,0.665384511349866,-0.580015521675847,-0.54963402935676,0.125965041309351,0.80678931687004,1.44960488457731,0.654688356925012,1,1
-0.924385164050636,-0.47461292391545,-1.63422685513802,-0.327726263251365,1.21956653304997,0.0807793305415278,0.803806724810977,1.56170548884472,-1.44224928799516,-1.50598291591281,-1.17974841656268,-1.58559345641662,-0.0369098541922981,-0.54409641304788,-0.680938648931772,1.13673768085893,1,1
-0.840531421575335,0.563322407104985,-0.252616565893182,-1.50037462651412,-0.406145839125577,0.116628764145459,-0.360401495299692,1.14611161557527,1.16609179953254,-1.42247225728626,0.821308896568659,0.141005588683148,0.766562819644254,-1.20858449947953,-1.33560488165317,-1.42162763196964,0,0
1.5378656377241,-0.886160160593343,0.987106731882628,-1.50037462651412,0.825255590017799,-0.218901961591905,-1.37908368789653,-1.06941029368969,-1.3081874630938,-1.08633107983988,0.945536967376109,0.486325397703102,-0.0821923631135375,0.851224442904043,0.639598328138347,-0.196528835419649,1,1
0.489693856782842,-1.05612155535379,-0.531173298603831,0.844922100011387,0.439356095004674,0.925189708764032,-1.37908368789653,-0.577633301967567,-0.0652447838711543,-0.793277015131427,1.67063210977981,0.486325397703102,1.41169359089604,-0.142374045229271,-0.97080468093122,-1.15568314723803,1,1
-1.42750761890244,1.47434344311712,0.250327977053174,1.43124628164276,-0.426501876210018,0.0458144562433589,-0.651453550327359,-0.0431247338241909,-0.410364517489081,1.17275679363601,-1.26675484185256,0.141005588683148,-0.405136785756481,-1.45267207067869,-0.0736856280536038,0.385518100783713,0,0
-0.0553554693066115,-1.36880275451707,-0.995736761629969,-0.327726263251365,-1.23237113968764,0.366370495205914,1.38591083486631,1.40352292705124,0.0337570118822219,0.57701755310293,0.724883438691801,0.486325397703102,0.0979779544055923,0.998824441604242,-1.54685935268587,0.985944955952298,1,1
-1.32078467393387,0.0386197337930568,0.869468039413076,1.43124628164276,0.719752186704642,0.759312241990346,1.53143686238014,0.0713222734092469,1.32229590597496,-0.422222294972943,-0.296059538192934,-0.894953838376714,-1.71312830210208,0.295136687851361,1.71866136946668,0.577226065366826,1,1
-0.104905408042016,-0.954227401108327,-1.52610630520457,-0.327726263251365,1.21869094519868,-1.64800492023221,-1.67013574292419,1.65283583537461,1.67124219662347,1.63181536455792,1.44205531383702,-0.204314220336806,-0.647376789936303,-0.0346124382336821,-0.170723734136694,-0.621263691963265,1,1
0.969947109141382,-1.58775354482324,1.25342905296619,1.43124628164276,0.639129304476245,0.23182643463388,0.803806724810977,1.67502384057918,-1.65597939104151,-0.920993922453932,-0.329126540273485,0.486325397703102,1.28142785249542,0.59769929546359,1.73988473470854,-1.23427293482604,1,1
1.19863913407402,-1.59789128615231,-1.01929545252295,-1.50037462651412,-1.65552850445622,1.31210695366243,0.367228642269476,0.340534256449528,-0.375089997479246,0.350893584889749,-0.195869918799715,1.52228482476296,-0.567260311519873,0.0203733635328028,-0.385333745902445,1.01572537868907,1,1
1.09953925660321,-1.11313236091376,1.32933882182357,1.43124628164276,-0.974133527752002,-1.67431460569943,1.24038480735248,1.30665301896588,1.08233357194123,1.17540470911866,-1.31129751299912,-0.204314220336806,-0.846091657876967,0.512039740320598,-0.516367485214296,-0.601130690344374,1,1
1.35872355152687,1.29510926305,-0.483255004895007,1.43124628164276,-1.47826497194603,-0.338243078157189,1.09485877983864,1.72830388498811,-0.603940833156542,1.01845035474475,-0.632807856696899,1.52228482476296,0.160983788484581,1.26497024788213,1.44700781704953,-1.63850430895677,1,1
-0.547043322911783,-0.739621792467449,0.802392789294724,-0.327726263251365,0.242467678964793,1.45692394151074,0.658280697297143,1.21043009132431,0.503396319515832,-1.4534008767301,-0.353556946094872,-1.24027364739667,-1.45118967733529,0.39206978173869,-0.580067392208322,0.249677908387777,1,1
-1.33984234267826,1.58654632972552,-0.59892875954181,-0.914050444882741,0.881736889515145,-0.517495065569484,-0.214875467785858,0.542572021000096,1.68213193866098,0.654649661215542,-1.69324147198227,0.141005588683148,0.11959846806207,0.550466216252104,-0.224823210699865,-0.866645499543519,1,1
1.52643103647747,0.302112605672737,1.43879435837367,-0.327726263251365,-1.33707935441824,-0.153757587334909,0.076176587241809,1.19455508541893,0.495617986232397,-0.871463413706757,-0.225177355504356,0.486325397703102,-0.671004626683254,0.393244197325393,-1.45087699191473,1.17707659293828,1,1
1.32823128153585,-0.202862111758452,-1.26784044494622,-0.327726263251365,1.16294611134496,1.64749807598211,1.09485877983864,-1.446590435228,-1.3437315532778,-0.5315528426087,-0.579050984341988,-1.24027364739667,-0.39547863675017,0.109088640959588,1.58866960013508,-1.22216415959032,1,1
-0.436508844194341,0.296772506295494,-1.08763768562595,-0.327726263251365,0.191361199294511,-1.04749023760689,-0.360401495299692,0.466055629376472,1.16929529762789,-0.0687337692643788,1.05486259566576,1.52228482476296,1.02057047743882,-1.1254946587589,-1.42648444091293,-0.219961428456968,1,1
1.56073484021736,0.0760222614160752,0.0047432034880198,0.258597918380011,0.653263666689371,-1.50939946700935,0.076176587241809,-0.982889273592624,1.59420743591104,0.979300228788731,-1.38008996784585,0.831645206723056,0.571745703556967,-0.562845434427949,0.950248601613341,-0.844463355906523,1,1
-0.0553554693066115,0.919031724632023,-1.42309127554902,0.258597918380011,1.62005296420908,1.22675994316335,0.658280697297143,-1.33086658331847,0.721379934793771,-1.18981507876212,0.902387416186709,-0.204314220336806,-0.176953265445852,0.665633667391778,0.144521833902273,0.655928959277863,1,1
-0.0096170643200839,-0.739561470528515,-1.02699293056743,0.258597918380011,-1.42948111914877,1.25791509560705,1.24038480735248,1.35991357004666,-0.286386243257057,-1.3900256735597,0.740927081110056,0.831645206723056,0.278840497872508,-0.254211221360063,-1.50875173114288,0.170991340439306,1,1
-0.539420255414028,-0.493863817390392,1.57027417991304,-0.327726263251365,1.37897530036977,-0.107765998457214,-1.67013574292419,0.482764165304936,1.53150626722765,-1.23413242176479,-0.909440332383431,-0.894953838376714,0.935571034720105,-0.32070651723602,-1.71558427005168,1.0044487475329,1,1
-0.764300746597789,1.39026189678379,1.68393112679198,-0.914050444882741,-1.28375237782586,0.0373829830782283,1.09485877983864,-0.88927918928593,1.60078269693463,-1.00913755295384,-1.46341035043885,-1.24027364739667,0.862472776614663,0.893024388665994,1.51969662796703,-0.138107429155761,1,1
-1.0806580477546,1.57260751694734,-0.400833883224019,-0.327726263251365,-0.367037629851605,1.14539454608616,0.51275466978331,-0.393125550453675,1.48588679245098,-1.5603925899012,1.18764468277625,0.486325397703102,-1.08147876721153,-1.69741790796639,0.849739456018469,-1.69808186373241,1,1
0.119975083141744,1.3849126849434,1.499140253227,-1.50037462651412,1.20795076186967,0.81034812893478,0.51275466978331,1.63842908177796,-0.311281919757463,1.45027342545593,-0.882712762071078,-0.204314220336806,-0.680531072361534,0.6171226631892,0.656640555868641,-0.974862425690469,1,1
-0.436508844194341,-0.262641494335987,0.184639921295417,-0.914050444882741,1.3962552911787,-0.82070167290296,1.24038480735248,1.25360939817669,0.986506402164155,-0.658841918705288,-1.24572193346361,-0.204314220336806,-0.516410529469399,-0.0351032876905338,-0.20212762213671,1.72004143071964,1,1
0.352478641823259,0.994213902711919,-0.770796242904663,0.258597918380011,0.0225627710988244,-1.67602137449303,-1.37908368789653,-1.67892520301724,0.521059624836816,-1.15239533311097,-0.499654942644584,0.831645206723056,-1.07377673105098,-0.421637924095168,-0.894820315046704,-0.321217419170325,1,1
1.17958146532963,-0.0645362197861973,0.731937914978668,1.43124628164276,0.323946548506327,-0.0815046535086966,-1.52460971541036,1.66102909230685,-1.10842854567607,0.448208990669203,-0.353408928037042,1.17696501574301,-1.68208171126814,-0.54614532935867,0.633868106543384,0.417478108166579,1,1
-1.30935007268724,0.0093047841600187,0.580861168939116,1.43124628164276,0.715710564566525,1.22500191867481,-0.942505605355026,-0.456351421976233,0.113528628183861,0.96626207635006,-0.61480523513791,0.831645206723056,-1.12086142514164,-1.12239078910722,0.385944737278776,1.39613656263079,1,1
0.432520850549683,-1.01054695328698,1.72781824178588,0.844922100011387,1.14378038553077,1.3522111654961,-0.214875467785858,0.675956764264976,0.842207985605749,0.849003699733375,1.65821726536607,1.52228482476296,1.07911607638985,-0.567745037644493,0.794892939214758,-1.64405818523865,1,1
-1.40463841640918,0.335223202201165,-0.787103888919316,-0.914050444882741,-1.2995253725006,1.56027917034936,-1.37908368789653,0.73573804909545,1.35124634422255,0.729088339330958,1.32389894482317,-1.24027364739667,0.169250873029326,-0.371266133918458,-0.454215287373194,0.552822318579103,0,0
-1.20643866146756,-1.07512512274938,0.626561465908926,0.258597918380011,1.06583699091123,1.29615088015665,-1.67013574292419,1.42508046639051,1.23683593492932,-1.59155275081013,1.29648129005078,1.52228482476296,-0.53922932852411,-0.21306107798724,1.69766611784023,-0.723300820393319,1,1
1.32441974778697,-0.568685370633022,-1.52699319986228,-0.914050444882741,-0.0636463699134983,0.264210264732876,-0.214875467785858,1.33285924537127,-1.19445180958727,0.94946412013126,-0.360801337758478,0.486325397703102,0.385767269265982,0.594116161158152,-1.48933861660432,-0.754681247115639,1,1
1.71700772392133,1.2542254761817,-1.31296206211918,-0.914050444882741,-0.168945834012624,-0.202416591473244,0.076176587241809,-0.757017119657347,-0.049538280763483,-0.0239772144523932,1.6106472922054,-0.204314220336806,0.841836637185988,-0.157649977710189,-1.44536441886128,-0.941673146122753,1,1
-1.18738099272317,-1.00220419187412,-1.69407641419636,1.43124628164276,-0.260748061068428,0.935379927150239,-1.08803163286886,0.496240569334003,-0.0830730408469504,0.487287586408875,0.636094879020532,0.486325397703102,-0.494937680880782,1.02024373294196,1.45498825667658,1.11356173072458,0,0
-1.01205044027481,-1.47552197047034,1.76371579613961,-0.327726263251365,0.0323185489703636,0.814696589938422,0.803806724810977,-0.369144570070361,1.36094754584678,1.55470290032334,1.15325969239399,-0.894953838376714,-0.10769205433334,0.482199488856292,0.522462866259016,-0.432584609533482,1,1
-0.18494761676844,-1.48301151997798,1.07883117318831,-1.50037462651412,1.52952994454818,0.119851000365836,0.367228642269476,0.0875295365366542,-1.718944320524,1.04849246525566,-0.0039514391552131,-0.54963402935676,-1.50154119623882,-1.06491928242792,-0.590917323553197,-1.48389463142591,1,1
-0.455566512938728,1.55285542847277,1.02481937661635,0.844922100011387,0.166266065826273,-1.43335377151431,0.803806724810977,0.188449393368276,0.811376530341001,1.09954508265203,-1.19309946188493,0.486325397703102,0.346733305798526,-0.763923277753393,0.918264141382417,-1.38168038971084,1,1
1.27868134280044,0.0419716390904489,0.0627328297924846,0.258597918380011,1.55744808690371,1.45642056874118,0.367228642269476,-0.360006735098635,0.399011518010802,-1.13679563029254,1.34509459909404,-1.24027364739667,-0.488072474295621,-1.44418117560553,-0.152873956090352,-1.20374178498425,1,1
0.222886494361431,-0.297590485698583,-0.665470508468117,-0.914050444882741,-1.097605542523,-0.164528639823984,1.09485877983864,-0.126018621291743,1.43936808215261,-0.112407403669885,-0.0544462923432816,-1.24027364739667,-0.220595230267153,1.53385508424377,-1.64831258357401,1.37549744089658,1,1
1.53405410397522,1.10047232965036,-1.18230354928865,0.844922100011387,0.770635392534038,-0.482423863561384,1.09485877983864,-1.01122312025912,-0.156400035779436,1.53004693411022,1.63051642134627,-1.58559345641662,-0.258481543784062,1.33048546238593,0.534232433231649,-0.245252936357931,1,1
-1.4503768213957,1.18734871223187,-0.718932352389128,-0.914050444882741,1.07329225281461,0.434835652017435,1.09485877983864,0.371924503933793,0.5330553084435,0.256671596300569,-0.863732374153197,-1.58559345641662,0.469235704288943,-1.42511619431687,-0.879236674252238,1.4343543207003,1,1
0.367724776818769,-0.566504231427077,-0.40183455946026,1.43124628164276,0.616025045500669,0.587361839172473,-0.796979577841192,0.896058381320903,1.6151210103069,-1.41075609306504,1.71377787123172,-1.58559345641662,0.261321328129931,0.256521528577398,-1.32191375344771,1.09551547485089,1,1
1.23675447156279,0.692125496456725,0.919186949490448,-1.50037462651412,0.367978223037789,-1.00833744137701,0.658280697297143,-0.244320399144167,0.829201393252648,0.774629719756337,-0.977092283597328,0.141005588683148,-0.260196950692586,1.58430995643824,-0.941038241622354,1.16565231798358,1,1
-1.51136136137774,0.96202726465002,0.16670779571162,1.43124628164276,0.223321993139759,1.14929628348677,-0.651453550327359,1.65368249289483,-1.49417992850433,-1.61795911661377,-0.46774647186359,-0.204314220336806,-1.66545531672978,0.851346047424018,-0.0718594251059899,-0.728612394938271,1,1
0.0018175369265479,0.556425928469004,-1.43856406440646,0.844922100011387,1.2405573243224,-0.735298810080616,0.076176587241809,-1.53467263007304,-1.1502348435628,0.811018842384944,0.32156321103882,1.52228482476296,0.429533140271086,-0.0262163829667279,-1.54876172994941,-0.781954227900978,1,1
-0.93200823154839,-1.19540972701141,-1.64506630176241,0.258597918380011,1.10560775532319,-1.09103882905688,0.51275466978331,0.307891970461945,1.09552330193335,1.28848344502372,0.668624057789658,0.831645206723056,1.32653369359346,-0.887895252578008,1.33815483515671,0.210651972101227,1,1
-1.2331193977097,1.32684333621686,-1.3522582063829,-0.914050444882741,-1.2968542961042,-0.334047545169084,-0.360401495299692,0.288633030558224,-0.575804664505559,-0.290115063275134,0.762841939460462,-0.204314220336806,0.944911015002184,-0.757517109955086,0.218323817597469,-0.277973134069591,0,0
1.13384306034311,0.154014443291466,-0.281911085243147,-1.50037462651412,1.19815675802535,0.782787591131318,0.221702614755643,-1.60717240427825,0.69874673907631,-0.330532401580428,-0.0900039894713674,-1.58559345641662,1.68045103844686,0.813866505615879,-0.706414945581201,0.0353104820035037,1,1
-1.54947669886651,-0.739643792836742,1.53354962762377,1.43124628164276,-0.294520359487816,1.59208628384642,-0.942505605355026,-0.955011359197065,0.677816734491923,-0.710493849705806,-1.4859336113113,0.831645206723056,-1.24188340074554,0.966252336600332,0.65861046089632,-1.53171898344157,0,0
1.15290072908749,-0.242512615365229,0.506188099476746,0.844922100011387,-0.845435922879715,1.05400711798587,1.09485877983864,1.40380573428769,1.68708188268826,1.27863951383028,-0.0208209576896383,0.141005588683148,-0.952457048792084,0.100542786998181,1.06475426479527,1.62527877539225,1,1
1.65221165019042,-1.5924856698354,1.07727585011535,1.43124628164276,1.27091826768854,1.50557503003126,1.38591083486631,0.15324069662527,-0.111907217016054,0.135458427443263,-0.584749672440236,0.831645206723056,0.146175121349957,-1.30086138403959,0.405427307165958,-1.51465290214153,1,1
-1.29029240394286,-1.27804082126692,-0.0878387849348778,-0.914050444882741,-0.232836573568764,-1.24979262125977,-0.796979577841192,-0.221303955438285,0.8083502914962,0.244775173826529,0.5439718856142,-1.24027364739667,-0.906112430108303,1.49311542255394,-1.01995333804707,-1.09986956012922,1,1
1.18720453282739,0.942609232451108,-0.45152024029876,-0.914050444882741,1.05998121903288,-1.48899763715029,-0.942505605355026,-0.293662750597848,-1.55816496357342,0.53112277110939,-1.1174071148846,1.52228482476296,-1.60442823845399,1.18686242190532,-1.33939780761094,0.616737127260017,1,1
0.813674225437413,-1.72328232932715,-1.33118170266355,0.258597918380011,-0.812090798586015,0.187246013094965,0.658280697297143,1.34359716756632,-0.136914870730502,-0.724318249070947,-0.377769733924566,0.831645206723056,-0.328934501748926,-1.23353096495617,1.25759693160672,-1.18006672828651,1,1
-1.01586197402369,-0.272678317548042,1.33467026588654,-1.50037462651412,-1.70344722386553,-0.734057153981676,1.24038480735248,-0.461541368332591,-1.08447462193329,-0.263941247376168,1.62200383744191,0.141005588683148,-0.72657337236597,-1.5215871457947,-0.908423059233117,-1.34724036748978,1,1
1.51880796897971,0.0962611991488655,1.01244414741423,-0.327726263251365,-0.0149242173660447,1.11868851806791,1.67696288989398,1.24316509397304,1.16118892507357,0.808617182458053,-1.44385414423628,-1.58559345641662,-0.809414169855544,0.125200808761902,-1.65191242327901,-1.18653334545145,1,1
-1.35127694392489,-1.5330645074805,-1.12376562135204,1.43124628164276,-1.3726372831967,0.580987691218091,-0.651453550327359,-0.66188813747275,1.15891122044169,1.65563910094572,0.350632047395706,-1.58559345641662,1.58179769325811,-0.739969536395687,0.505818491076373,-1.50175715545987,0,0
-0.287859027988127,1.66531447468159,0.0715358056612892,-0.914050444882741,0.874516965808714,1.61024306100903,-0.0693494402720245,0.108175211358758,-0.913848030126156,-1.64790171095772,-1.43763042193245,1.52228482476296,-0.897190063016114,-0.743038431402167,-1.1918227192216,-0.850690351756369,1,1
0.268624899347959,-0.935866333539899,-0.0148992685305137,0.844922100011387,-0.768561073874242,-0.856383615624034,-1.23355766038269,-1.23472229524822,-0.632506519201027,-1.61892584890845,-1.2057565189248,-0.204314220336806,-1.27532914784999,-1.4167802907649,1.71168350913942,-0.782625037233869,1,1
1.71700772392133,-0.663984374091791,0.46342885912445,1.43124628164276,-0.192916176860626,-0.0605435035149416,-0.360401495299692,1.1249196606523,0.68693157916215,-0.280278080521273,0.359719447809887,0.486325397703102,-1.28959609405818,1.56019626341685,1.29165645805637,-0.0005727300224769,1,1
-0.341220500472409,-0.664876588023832,1.57868128298034,0.258597918380011,-1.41796421354371,-0.0072914143849982,-0.942505605355026,0.816440941704919,0.80983928261679,0.523879442666962,-0.202736773352881,-0.54963402935676,1.07245571457081,1.13669552971207,0.386445896315637,-0.20648049811924,0,0
1.71700772392133,-0.920922247353106,0.306019650532122,0.258597918380011,-0.732202109159595,-0.910184191846262,-0.796979577841192,0.10328792872646,0.532915711272007,-0.425168045302577,0.162486561083868,1.52228482476296,0.755173011349987,-1.32531233290682,1.16740311453582,-0.0861975368552067,1,1
0.939454839150363,-1.71819042330344,0.168637123133487,-0.914050444882741,0.967661047785288,0.298835175917684,1.24038480735248,-1.64317949460233,1.69736461052365,1.7047892093931,1.3205840898821,-0.204314220336806,-1.27514315274382,1.29628176689429,-0.0913372174891602,0.403055510741233,1,1
-0.642331666633715,0.816539914174266,-1.53290062273565,-0.914050444882741,-1.19620454829456,-0.206963078711376,-0.651453550327359,-0.0658739295340719,1.25773319100936,-1.0885472971037,1.10169527537652,1.52228482476296,-0.962054104697209,0.63073846196101,1.0101882194455,-0.920669619360746,0,0
-0.970123569037163,1.64360991297259,-1.48919104376821,-0.914050444882741,0.506202934212847,-0.195126447140077,-1.37908368789653,-0.952841728227999,-0.293286532330156,-1.73952216851519,1.34892475389549,-0.894953838376714,0.867881050519999,-0.59802797132059,0.518399467224086,-1.25155890161779,1,1
1.57979250896175,-0.942245541927365,-1.05697908000335,-0.327726263251365,1.43463247198251,-0.484481180011087,-0.651453550327359,-0.301013654708678,-0.602656944848419,-1.10671120738633,0.399282941288935,-1.24027364739667,-0.771761900644365,1.27790014291602,-1.62224900445197,1.3065769400793,1,1
-0.970123569037163,0.585665830336848,-1.59490608820372,-0.914050444882741,0.618456949436334,-1.67589735215376,0.367228642269476,1.23367272736445,0.324171744131614,1.31303733167268,-0.0432053702448993,-1.24027364739667,1.68019590711747,0.338823693584723,1.56544139592017,0.464593964901789,1,1
0.828920360432922,0.860249242301156,0.874183025669917,1.43124628164276,1.0691086483,0.0645598682276501,1.24038480735248,0.932926315343524,1.08242219412412,-1.26293217821844,-0.149607948828244,-0.204314220336806,0.150693168682179,1.20029102308962,1.26113026427845,-1.50607798146418,1,1
-1.35890001142265,1.23122491058295,0.804639058771086,1.43124628164276,-1.34260170092766,-0.5791888854753,-1.67013574292419,-0.894799378874819,-0.09311894384279,-0.103524435537273,0.831083615551843,-0.54963402935676,-1.05828760639832,-0.103700257720045,1.5815501534149,1.58905201252335,1,1
0.847978029177308,-0.251563305746746,-1.23512528936844,-1.50037462651412,-0.855621422781762,-1.72967698968637,0.076176587241809,1.67887659704995,0.807870333508481,-0.310863176853394,0.0674298861005932,-1.24027364739667,1.25449675787428,0.0041624257918773,0.812297460740486,0.66784654310081,1,1
-1.48086909138672,-0.668399396425662,1.19624594212878,0.844922100011387,1.35601013538777,-0.673260294986053,1.38591083486631,1.39572766262564,-1.65979605803016,0.545077414034974,-1.38478639919041,-0.204314220336806,-0.616168827892713,-0.716366479885264,-0.293920474172063,-1.19311879502885,1,1
0.703139746719971,-0.590518439035964,-1.17007154170055,-0.914050444882741,0.739613922005877,-0.774261088802353,0.803806724810977,0.0983705125855423,1.45402791513188,-1.5774325089713,-1.25837709765911,1.52228482476296,-0.722540844605049,-0.384071511530141,-1.00439605830935,1.6168369790244,1,1
-1.51898442887549,0.758302306757261,-0.661620368910366,1.43124628164276,0.480075411042337,-0.378670271744405,0.367228642269476,0.103486260328942,0.93199372134925,0.520852074107891,-0.50648328826167,1.17696501574301,-0.588539997282348,0.234786342351891,-1.0978978110503,-0.458505074424996,1,1
-0.177324549270685,1.12102151221758,-0.8429207667755,1.43124628164276,0.563252563703545,-1.27995229752418,-0.796979577841192,1.38899197531825,-0.37182514965437,-0.534962842916784,-1.51739973543993,0.831645206723056,0.940213571027605,1.53845191821626,-1.21943124554597,1.66969153847032,1,1
1.29392747779595,-1.09087224495591,-0.414561067535972,1.43124628164276,-0.294067131583494,0.014907967083407,0.367228642269476,0.470640063236881,-0.406778776681295,1.44917276610946,-0.918356057854717,1.17696501574301,-1.12347776600969,0.346026102734846,-0.957194866863319,-1.35959594766453,1,1
-1.69431498132385,-0.431561719506652,-0.823168714698251,-0.327726263251365,-1.56388266850997,0.651452996824991,-1.37908368789653,0.126133524609733,-1.37225205312433,1.1812159586683,0.539586709888487,1.17696501574301,-0.400047005539101,-1.2100241397948,0.186166732612094,-1.16470890540609,0,0
0.0628020769085847,1.41758435757514,-0.0094249754764405,0.844922100011387,0.977799467101228,0.436965457762495,0.221702614755643,0.862073094494921,1.07733043927613,-0.379525974571083,-1.71098983452774,0.831645206723056,-1.61732060931953,-1.69251224179655,0.647317082261563,0.545301490200781,1,1
0.588793734253652,1.08589831545998,-0.292646395970218,0.258597918380011,0.614597376580845,1.03496719807857,1.09485877983864,-0.918547131894,0.914117367874613,1.68135691456932,0.356778456140116,1.17696501574301,1.14287468863628,1.20825794735114,-0.633452197965435,-1.63849181888818,1,1
0.886093366666081,1.70633785976964,1.71894114712687,1.43124628164276,-0.0927486447056395,-0.176911973124152,-1.23355766038269,1.30970845219055,0.438877689808137,-1.58664257216312,0.944835078745528,-0.54963402935676,-0.542487135719631,-0.464384005718496,0.179622224725568,-1.65036451140366,0,0
1.44638882775104,0.903263484941301,-1.51343841384279,-0.914050444882741,1.37394470897938,0.0542118323338316,-1.23355766038269,0.107867811111295,-1.37716427458829,0.97194440702547,-1.1597710282462,0.831645206723056,-0.863480584079902,-0.634030844696858,-0.539232531389771,1.00786949814563,1,1
0.321986371832241,-0.354063948646329,-1.21385098689863,1.43124628164276,-0.562156305221638,1.05786820509479,-1.37908368789653,0.357559424549564,-0.824635046780673,-0.260293761906387,-1.12197494918162,-1.24027364739667,0.287084830366636,1.03552729513188,0.69154054332941,-1.13785780804611,0,0
-0.16970148177293,0.333508232335015,-1.52420715094107,0.844922100011387,-0.705879598221482,-0.260657726510095,-1.08803163286886,-1.42134276282139,-0.149541288708885,-0.262139291700556,-1.65358333844212,1.17696501574301,0.720987007500231,1.532626520903,1.70307918995413,1.44377545238235,0,0
1.48069263149094,0.578586349637846,0.466032572974898,0.258597918380011,1.28131933944399,0.683008657279271,-0.214875467785858,-0.660792301470328,-0.812166501813279,-1.17615764558064,0.0365010781568611,1.17696501574301,1.09525044138548,0.854447215848064,0.665581361654928,-0.250571734877657,1,1
0.241944163105818,-1.45010912356461,-1.51836029708536,-0.327726263251365,1.02089837348598,-0.236880903725813,-0.651453550327359,-0.254732409098519,-0.235194966907823,0.0211774254238975,0.533249522154805,-0.894953838376714,-0.517978232171751,-1.11905068562916,-1.51697831302888,1.28861256383735,1,1
0.745066617957621,0.172827727297462,1.19749922680667,-1.50037462651412,0.0521337867892191,-0.294990240834888,-1.52460971541036,-0.299159682508144,-0.949588523114897,-1.47281286323283,-0.157604150705397,0.141005588683148,1.09318604686481,-0.371404226100236,-0.0681279410392586,-0.278527878681669,0,0
-0.825285286579826,0.746808663617109,0.0704176431434539,-0.914050444882741,-1.26784019746664,0.884925922420419,0.51275466978331,0.962996600617454,-0.5249597746972,0.374381383786425,-0.393369022724325,0.486325397703102,-0.11183286892816,0.893468679358058,0.947485903281484,0.108081066550646,1,1
0.283871034343468,-1.14064486925073,0.122756403037375,-1.50037462651412,-0.97812329408058,-1.1318555498756,-0.360401495299692,-0.754963701636313,0.514594613254754,-0.927982136258636,-0.166329954012243,-0.894953838376714,-1.37345350961046,1.4005147789528,0.15708468471119,-0.626577830792876,1,1
-0.394581972956691,0.99514096504748,0.242886159789223,-0.327726263251365,0.537355163942218,-0.567687943899324,0.803806724810977,-1.10209150339521,1.33905042519559,0.750450818923903,0.976887325353286,-0.204314220336806,1.21113738306952,1.71559600411599,1.57342822004119,0.547559502948559,1,1
-1.53804209761988,0.309601441166186,-1.11440303099588,0.844922100011387,-0.394236377768535,-0.961879531309104,-0.796979577841192,0.285226213448649,-0.403281423487869,0.34237454422413,-1.63730456213881,-1.58559345641662,0.17519699538641,0.0416592613843184,-1.5317330733826,-0.620778669274287,1,1
0.367724776818769,1.59268444237961,-1.0210532190253,0.844922100011387,1.15654066373088,-0.496976332802986,-1.08803163286886,0.397448129773612,0.650632415231328,0.825285408259845,0.984891713596749,-0.894953838376714,0.365390385448516,1.11043147270987,-0.712791749512861,-0.947452717496282,1,1
-1.41607301765581,-1.57559187398792,-0.600345768611303,-0.327726263251365,1.54637792707273,-0.940509787945574,-0.796979577841192,-1.31174707166829,-1.26267587656037,0.83687533050825,0.574329870759359,0.831645206723056,1.5274065547752,-1.55628654543714,-0.956819094728369,-1.43600690027116,1,1
1.06904698661219,-0.799353851494309,0.353690259905886,1.43124628164276,1.05061069231534,0.262012412831244,1.24038480735248,-1.72434827453089,0.131741056475631,-1.08385936191901,-0.910683705684254,-0.894953838376714,0.215142452654302,-0.734188106783442,0.937905676748517,-1.51636982090725,1,1
1.38540428776901,0.371522155495385,-0.977889188258056,-0.327726263251365,-0.419986299700784,1.01572804179617,-0.942505605355026,1.44574136943725,1.43982399549093,-1.7647046172758,0.0794516177520674,0.831645206723056,-1.70489710895578,-0.439679167044845,0.0931705507979245,-0.662808949424063,1,1
-1.43513068640019,-0.690585678005053,-1.30363392759564,-0.914050444882741,0.992381672673467,0.975907944896372,1.67696288989398,-1.45704469509303,-1.6296573263773,-0.496725433372364,-1.58216863439187,1.17696501574301,1.29545044568481,1.63628383840806,-1.24219977389056,0.817052861134766,1,1
1.31298514654034,0.764580466672547,1.66179672759816,0.258597918380011,-0.50965894054328,-0.478402547984342,-1.67013574292419,1.37721808087871,-0.806721678849487,1.42496412112449,-0.427828670788695,0.141005588683148,-0.736609953763862,-1.70489403780814,-0.732062019201963,-1.00778182831948,1,1
-0.764300746597789,0.919829292030822,-1.63133711999314,-1.50037462651412,-1.14291650346594,1.67236987240483,-0.214875467785858,-0.350060407395452,-1.27057326239543,0.24004983738249,-1.1461805323358,0.486325397703102,0.0161052205391045,-0.657901263420708,0.0892427402676197,-0.686001766054582,0,0
-1.534230563871,-1.36632231412947,1.08030282824989,-1.50037462651412,-1.60223171705303,0.31179289786585,0.076176587241809,0.52921834048103,0.105308865093433,0.759633535308694,-1.67649546715815,0.141005588683148,-1.01361832408234,1.48123687818297,1.72955719335285,1.39696092308939,1,1
-1.25217706645408,0.0661186202999946,1.02937678176723,0.844922100011387,-0.39191595939737,-0.358163225946542,-0.0693494402720245,-1.08994906677548,0.608507920685882,1.28778087459244,-0.50645976777998,0.831645206723056,-0.694181809272054,-0.662515398847854,-0.459412528350703,0.482524762798171,1,1
-0.897704427808495,0.0488323563264368,-0.675379654601493,1.43124628164276,1.3869975497798,1.14447433474887,-1.67013574292419,1.1210633600638,-1.52716576516886,1.37977582923727,0.78321774772577,0.486325397703102,0.657364549005572,-0.943011196897919,-1.17817010657075,1.44698061312131,1,1
-0.802416084086562,-0.437343314928729,-1.23661747230426,0.844922100011387,-0.895969133361554,0.780423867680375,1.24038480735248,-1.10872789522213,-1.48421888470397,0.07030513906349,1.46439585837321,1.52228482476296,-0.23429675619983,0.792731081831001,0.0005776390987396,1.41777396654415,1,1
-1.49992676013111,1.52548503705395,-1.20187766906009,-0.914050444882741,-1.00752312981781,0.847267603160907,0.367228642269476,-0.39407171144741,1.26098198590608,0.111693727517031,0.560075791250075,-1.58559345641662,0.45092678227925,0.845146115988801,-0.646860276571886,-1.49663369594821,1,1
-0.379335837961182,1.1583765953331,0.714685797341608,-0.327726263251365,1.61462163230875,-1.05846188519783,-1.67013574292419,-0.908402545878979,-0.158749799416323,1.18834104779407,-0.349608968591146,-0.894953838376714,1.13229261168468,-0.0936988321341546,0.239279639788251,1.568281218308,1,1
-1.30553853893837,0.704631887492238,0.524958059248084,-1.50037462651412,-1.63105026032639,-0.120698094451247,-1.37908368789653,1.16813398951222,-0.13567652944172,1.03742336200675,1.73865109834787,-0.894953838376714,-0.542128994733009,1.5379647151583,-0.104590137695675,-1.5386842943686,0,0
1.4540118952488,0.764240835004089,1.01100497932488,-0.914050444882741,0.982404778248064,1.23504779380131,0.367228642269476,1.24028642841578,1.51838794230621,0.660152345964749,-0.765588430663905,-0.894953838376714,0.247012769353069,-1.01986066553802,0.667219887310611,1.46725022407624,1,1
-1.53041903012213,-0.115447326867091,1.54844391775537,0.844922100011387,-0.612962503923434,0.0023469673649339,-0.505927522813525,-0.44422981147087,-0.625897329244759,0.332312217624723,-1.10043668201764,-0.54963402935676,0.972784839032619,1.42282075092749,1.44603215923639,0.164812438155126,0,0
0.470636188038456,1.48393893941915,0.695568009592688,0.844922100011387,-1.58816526175602,0.620487823547717,0.221702614755643,-0.668172087872677,1.35506314133999,0.376596951197978,-0.133934666071535,-1.58559345641662,0.756127253563454,0.880097248169306,-1.026814106709,0.118254763581922,1,1
-0.428885776696587,0.695529078858417,-1.16637076125738,-1.50037462651412,1.43592648357091,0.2913944377593,1.53143686238014,0.946650510215746,1.6202989740024,-0.506623450164071,0.0101547658576948,-1.24027364739667,0.148172864602202,-0.451038552563284,1.12345451692609,0.737269791607806,1,1
-1.61427277259743,0.815273256118052,-0.862142851503703,0.844922100011387,-1.23724048666681,1.16796282084434,1.38591083486631,1.31017452662341,-0.895543903021837,1.15353686484748,-0.514379495577159,-0.204314220336806,-0.394505308840989,1.0567591379831,1.56720150547664,1.30772161712864,1,1
1.35110048402911,1.27742063645332,1.21748442861089,1.43124628164276,0.178548803502199,-0.753821715541005,1.67696288989398,0.428640976617557,0.0397731224493145,0.378557867774099,0.676228907620193,0.141005588683148,-0.31085086826161,-1.25874661447856,-0.427133075754284,0.406372923362278,1,1
-0.733808476606771,-0.768898780731154,-0.980708445949524,0.844922100011387,-0.775503448490503,0.248471095382601,-0.651453550327359,1.47953026706966,0.109549121139908,-0.990714442756325,-1.11185440980227,1.17696501574301,-0.221942511521566,-1.26637558896265,-1.3277077639201,-0.25227781978439,0,1
-1.68288038007722,1.08721251419348,-1.45579605704619,0.258597918380011,-1.49299247283677,-1.30964171266095,1.38591083486631,-0.406075270466868,1.24909554742858,-0.934050192190757,0.0291259820867208,-1.24027364739667,-0.514299619345423,1.47960412587968,1.12598738161052,-1.32998587649916,1,1
0.668835942980075,-1.04341899160812,0.734999026727324,-0.327726263251365,-1.54544967281343,0.643771398658676,-1.23355766038269,-1.20678032539788,-0.681881707772821,1.22537870239583,-0.0065661645033531,1.17696501574301,0.700466614686109,-1.39080056093056,0.707427966213593,0.99833536270698,0,0
1.59122711020838,-0.520707606798622,-0.309601277752138,0.844922100011387,-1.31998040759425,0.787637763525693,1.09485877983864,-1.11063443903634,1.01513061660732,0.406091989047863,1.12457315349602,0.486325397703102,-1.28926313949477,-1.70253642169802,-0.984555186900742,-1.27359579241639,1,1
-0.74905461160228,-0.554596474599758,1.48786611207309,0.258597918380011,-1.47178257468967,-1.58663615561557,1.09485877983864,0.587328800474896,1.60914654339599,-0.382311811469025,1.48517735865819,1.17696501574301,1.6313321142283,-0.379473540420807,-0.17902988202954,0.782307879328132,1,1
0.924208704154854,1.68428411467083,0.550828678699113,-0.914050444882741,0.895754168239553,0.594090554113548,-0.942505605355026,-0.321270073448641,1.16038220827705,-1.11722982514947,0.563578885191656,-0.54963402935676,0.977632416967586,-1.35962568088061,0.280941040132003,0.100157310329272,1,1
1.02712011537454,1.25947351443849,-1.39363603224954,0.844922100011387,-0.048909013068924,-0.30548481910345,-1.67013574292419,-1.19144151723056,1.39667547436632,0.352288329616052,-0.687205783312945,0.486325397703102,-0.690090793216122,1.24966869867035,-1.13303522033257,-0.388280804039425,1,1
-0.558477924158415,0.71842382093043,1.58448051739268,1.43124628164276,-0.539028805827286,-1.30667113139451,0.803806724810977,-0.720655698752696,0.707113856089345,-1.1269210694737,0.655651059669103,-1.58559345641662,-1.57668806811729,1.45470781447006,0.75529640424798,0.392560265110008,1,1
0.722197415464357,0.808572093578949,-0.809645526271918,-0.914050444882741,-0.279747829497994,-0.28750923816194,-0.942505605355026,0.105061472732977,1.37887019428843,-0.134114560305583,-0.87592896768906,0.831645206723056,0.742877587972522,-0.0584751548387604,0.668580793527791,0.940401576896056,0,0
-1.49992676013111,0.234033634184539,-0.536454292966201,0.844922100011387,1.47420946768077,-1.0650301088697,0.221702614755643,-1.31222522819702,-1.15944881800004,0.586008545354576,1.62348997257492,0.486325397703102,0.822846428584075,-0.254226940980441,1.35192336244133,1.520603408791,1,1
1.05380085161668,1.57481588812588,-0.310524966782351,-1.50037462651412,1.41170554352465,-0.302489535395894,-0.214875467785858,-1.72097445456736,0.720875069159509,0.196691926763296,1.11959543469026,0.486325397703102,1.61804259649465,0.136101468351016,0.243804705473027,-0.804702317718446,1,1
0.291494101841223,0.0048434973467898,-1.52976993952418,0.258597918380011,0.741574985376377,-0.410054106888073,0.658280697297143,1.44452542954072,0.787898933148621,1.4354899672687,-0.24748918355736,-1.24027364739667,-0.844290738803414,-0.939134784405782,0.26819470015963,1.54119619562802,1,1
0.0932943468996031,-0.398211912608936,0.0168485986998953,0.258597918380011,1.32215078021864,0.809769793755652,-0.505927522813525,-0.676891682864356,-0.217312414193501,-1.62909261817896,0.986726353973576,1.52228482476296,-1.437333126983,-0.692459525764781,0.424352683929059,1.58869586889201,1,1
-1.60664970509967,-1.15557027660217,-1.27936697501514,-1.50037462651412,-0.618877740150147,0.933194601887126,1.38591083486631,-0.965652539087268,-1.45175072054643,-0.795294610586037,-0.3262441291885,1.17696501574301,1.44986343270016,-1.36950284568942,-0.77297724315382,1.08228448830307,1,1
-1.41607301765581,1.01455157801342,-0.315005793699752,-0.327726263251365,-0.407743438017136,0.357182517986283,-0.796979577841192,0.686565441343723,0.412069568412687,-1.56878272134997,-1.49368097466934,0.831645206723056,-0.827144385928293,-0.18212436211339,0.906668933785884,1.31537327404704,0,0
-0.89008136031074,0.834297099512484,-0.489574466597807,1.43124628164276,0.391303163749289,-1.65606096785631,0.221702614755643,1.22319871636434,-1.54742267251917,-1.0911695791952,0.71561507876411,-1.58559345641662,0.778354158446237,0.385805068209808,0.57371195145421,0.665643112905838,1,1
-0.242120623001599,-0.384848839030076,0.976600138282073,0.258597918380011,0.425359325953995,1.47344365270879,0.658280697297143,0.457248501890209,-0.412307436056246,-1.33644245679711,-0.340369632541015,-1.58559345641662,-1.51386671456093,1.48058892351555,1.18569537895813,-1.58021243917739,1,1
-0.322162831728022,-1.63558956212672,1.08194605652596,-0.914050444882741,-0.0621909017231644,0.630067657186173,-0.651453550327359,-0.851397309846102,-0.373610504488797,0.777553376195832,1.49689074060545,-0.204314220336806,0.913809961349714,0.82361104482786,0.941244729855947,0.262250164357335,0,0
0.825108826684044,1.19839276208898,-1.17484087781049,1.43124628164276,-0.340589574578209,-1.61641015205413,0.51275466978331,1.25172008744051,1.70501581867529,-0.484171309809062,-0.683048233100767,-1.24027364739667,-1.2836766494581,0.768587163127367,0.490817823629511,0.853941958590152,1,1
0.291494101841223,-1.68356097870514,-0.434552930028666,0.258597918380011,1.6708205293646,1.08691553943481,-0.0693494402720245,0.0351674244430007,-0.695983353233396,1.44571603952606,1.19288476685588,-1.58559345641662,0.688364091881863,-0.657976105640424,-1.16408344584938,1.52254052409642,1,1
0.950889440396995,0.727233981317265,-0.410927804941994,-0.327726263251365,1.1038112243381,-1.04424372884116,-0.0693494402720245,-0.412493902602799,1.09209872417836,-1.68585503184666,0.623592245764835,1.52228482476296,0.122157915898632,1.33647546168563,1.46285768238911,0.246345659720231,1,1
-0.524174120418519,1.65549046806225,-1.1817958972426,-0.914050444882741,-0.222684071685762,0.261376953119238,-1.08803163286886,0.361809016653302,-1.54298939002125,0.500617887077309,1.22780452994993,0.831645206723056,1.5898283123969,1.53809609939831,-0.449296928815904,1.0154934547769,0,0
1.65221165019042,-0.199215567906596,1.06556259545789,1.43124628164276,0.781478721677053,-0.126520466610771,-1.08803163286886,0.693948435840164,0.0937850449909015,1.60374357267727,-0.734350225926873,-0.54963402935676,-1.5962153563876,1.48759759080181,1.61928215217669,0.708994756635567,1,1
-1.6866919138261,-0.905053893127195,0.748712469151051,-0.914050444882741,-0.790936312259671,-0.28774615665167,0.221702614755643,0.324065563676963,0.117570049389174,-1.15634392657417,-0.142101647733263,-1.24027364739667,-0.711298144591014,-1.58319322882669,-0.329223687941353,-0.749337117774033,1,1
-1.7019380488216,0.731312661986747,-1.04643770782646,-1.50037462651412,-1.37283972327478,1.33112252238376,-0.942505605355026,1.45473490822846,0.433726719179701,-0.230440081440081,1.12227560308515,-0.204314220336806,-1.48317316264276,0.360574352350889,-1.21589041879984,-1.18272559269536,0,0
0.661212875482321,1.1222357362037,-0.433959968300907,0.844922100011387,-0.506260278836212,-0.22737553661209,-0.796979577841192,0.442488978173913,1.0562144898158,0.670680300050427,0.495614464471095,0.141005588683148,1.32521623020514,0.494184559678957,1.34400062089717,0.866663525784916,0,0
1.14527766158974,0.179560429608217,-1.34019605952084,-1.50037462651412,-0.332637160276254,-1.47463989811796,1.53143686238014,1.3104126376029,0.891086420794918,0.431898639882017,-0.496560965751847,0.831645206723056,0.335670995148854,-0.7024291355115,1.03295833669843,-0.91102065737708,1,1
-0.329785899225777,1.64427078505888,0.474248265007667,1.43124628164276,-1.66013639598733,1.52724728585861,1.24038480735248,0.300263618971329,0.88794315334281,0.198816404226655,0.034912975202248,0.486325397703102,0.13126810322239,1.69432847177889,1.00260040987486,-0.873471633719493,1,1
1.14908919533861,-1.54339222468725,-1.28612793588193,0.844922100011387,1.08206057554462,1.43731243585704,0.658280697297143,-0.590923404307662,-0.24096457591242,-0.632193854743918,1.72677555558734,0.486325397703102,-1.26830436204269,-0.7157566611459,-1.41172755945765,0.498986305922358,1,1
0.222886494361431,0.0345721194656462,1.71673449856649,-1.50037462651412,-0.48302989238472,0.623864049898465,-0.505927522813525,0.110921501745023,0.772767783914376,0.762057572752295,0.838211137257234,-1.58559345641662,-0.0280647092406099,-0.97207110950158,1.32473854598397,0.9978512117526,0,0
-0.669012402875857,0.778613742147813,1.00383753053619,0.844922100011387,0.276930232658662,-0.12218571131712,1.38591083486631,-1.43383766200441,-0.0382652440390762,0.50176780055534,0.393228934758077,-0.894953838376714,-0.341367689142827,-0.0525660280022897,0.344716224803051,0.287184598828002,1,1
0.215263426863677,1.28072740000359,-0.352280206898281,0.258597918380011,-1.46286409640787,-1.41429392532384,0.076176587241809,-0.935598091694656,-1.49566628508861,-1.20162761143476,1.13898923711045,-0.894953838376714,-0.629084330958629,-0.605911517839074,-0.0919606964349818,1.32756275394466,1,1
1.35872355152687,-1.09908495894849,0.301825638023521,-0.914050444882741,-1.11578930407664,0.990154533312449,-0.505927522813525,0.921247296697684,1.33156603118092,1.58132799603412,-0.209604784072895,0.486325397703102,0.954058729202745,1.45929941614976,1.44215513080666,-0.987764277160261,1,1
1.10335079035209,1.06260099662874,1.45765474522385,0.844922100011387,1.33936596229323,-1.47417892539133,0.51275466978331,0.558383308543701,1.33150257717279,0.162855237732518,1.56589359596804,-1.24027364739667,-1.51172873632751,-0.204029379377312,0.58598336804839,-0.846923865062531,1,1
1.65221165019042,0.20141855239965,0.21685317407861,0.258597918380011,0.37404227214794,-1.49787213591899,-1.23355766038269,-1.15609554158643,-0.616730615191618,0.0579285795211232,0.174796211365683,1.52228482476296,0.518753250847835,-0.30688805077357,-1.2606077672205,0.474955306386099,1,1
-1.65619964383508,-0.342368409313423,-1.1016047763965,-0.327726263251365,1.5475082612757,0.117233979231248,-1.52460971541036,-0.215660226455643,1.41303083053673,1.17895618427949,-0.612064683900604,0.486325397703102,1.13027166655052,0.434508612803586,0.0784262018464491,1.13638351630444,1,1
-0.981558170283795,-1.26463979415953,-0.392345107930594,-1.50037462651412,1.7140005420866,-1.18253161665302,0.076176587241809,-1.24105278412153,0.877557479580547,0.457167161540134,-1.45380543857336,1.17696501574301,1.422713990108,-1.43776956881302,0.484042590584971,0.139437698827165,1,1
0.691705145473339,1.28997414660872,1.22078797910554,-0.327726263251365,-0.439516695194708,-1.70759112750362,0.076176587241809,1.23156448819827,-0.349120405510754,-1.50837458469653,-0.441435674755357,-1.58559345641662,0.862933562697898,0.884307085010735,1.39150159469517,-1.67892391027588,1,1
0.135221218137253,-1.17563625411418,0.529842959714605,1.43124628164276,-0.690485189643921,-0.276463950061853,0.94933275232481,-1.35474650008119,-0.587103359966241,-0.007616405958131,0.232870551595365,-1.24027364739667,-0.744571508599398,0.924402294001646,-0.751806510292104,0.612414766916589,1,1
-1.60664970509967,-0.644520812306025,0.552458732646596,0.258597918380011,1.23171354863597,-1.26146733168088,-0.0693494402720245,0.533302580441847,1.62334848955825,0.944035585569003,0.703310661934772,0.141005588683148,0.358584840566887,-0.0873474847270242,1.03010066524313,1.08211920587419,1,1
1.00806244663015,-0.713271288323651,1.30302339389257,-0.327726263251365,1.71352439257983,-1.18119767524454,-1.23355766038269,0.369685503419841,0.721787044589291,0.664047489285662,1.30396443750186,-1.24027364739667,-1.23380783200714,1.56814289086721,1.04942892420778,-0.763978539231397,1,1
-1.56472283386202,1.31128036510996,1.39732826953924,-0.327726263251365,0.446023279398313,-1.46924273423315,-0.360401495299692,-0.0952501381260114,-0.424645350912123,1.60452128095156,1.54456397162667,-1.24027364739667,-1.31824100421945,0.27461060394477,-1.27786539347592,-1.52830196584223,1,1
-0.672823936624734,0.619291096670168,1.48700654331218,0.258597918380011,1.01455371821225,-1.02761111408151,0.51275466978331,-0.769123325395291,0.479176548946308,-1.68051147805971,-1.39637163240279,-0.204314220336806,0.490791801057219,0.67294576626474,-1.66178351525873,0.0658747352894972,1,1
-0.83290835407758,1.05103220370663,-1.37824867561098,-0.914050444882741,0.968539148534305,0.730846314475348,1.67696288989398,-0.333635913029762,0.237202727664502,-0.85981049093768,0.345637314485946,0.486325397703102,1.22778668478388,1.46038376373275,0.29278077932622,-1.56970040983158,1,1
-1.38558074766479,-0.851096028339761,0.182213235359193,0.844922100011387,-0.496268256201426,1.05278762295923,0.94933275232481,1.0603560764725,0.0758374486536767,0.140222996753996,0.575194961699374,-0.54963402935676,-1.49101467396151,0.573648017277007,1.01362718266038,-0.284532729114284,1,1
0.0932943468996031,0.45273224926613,0.864307204598296,1.43124628164276,0.255811114784017,-0.175101954385701,-0.651453550327359,0.905033334244103,0.488511051353842,0.384497181697133,-1.15309564753461,0.141005588683148,-1.35659161530351,-0.232386831087245,0.19931368551288,-1.65336135631545,1,1
-1.2331193977097,0.267719446513313,0.921329085414138,1.43124628164276,1.14480502418175,0.011014727348103,-0.942505605355026,0.826258466545198,0.120779908990192,-0.814184376893967,0.152357396566158,-0.894953838376714,0.237534345986113,-1.63142021519293,1.09631887595547,-0.941276729026673,1,1
1.38159275402013,1.17691703601577,0.399606212733713,-1.50037462651412,0.646890829967858,-1.62171737302957,-1.23355766038269,0.864411433971111,0.523157972270883,1.10451041376575,-0.584240532936732,-0.54963402935676,-0.96739992720633,0.786581677712951,0.434454288902236,-0.37801446770457,1,1
0.333420973078873,1.43202535290466,-1.12838772518518,0.844922100011387,-1.6442426080709,-1.49540778085119,-0.796979577841192,-1.23449158313128,1.3912776902712,-1.19625297528408,-1.48387034239272,-0.54963402935676,0.397815650133102,1.59965323253831,0.541815059641308,-1.33061650618285,1,1
-1.16070025648103,-1.6809882309412,1.06197487218559,-1.50037462651412,-0.560280650818362,-0.846821583108187,0.221702614755643,-1.38963918762253,1.68558604925841,-1.76409897898649,-1.52424047588717,-0.54963402935676,-0.980122437109707,-0.100376028030131,-1.62394735736129,-1.32219445971781,1,1
0.287682568092345,0.623877142133729,0.793458689057664,1.43124628164276,-1.22063671380686,0.139678774381662,0.076176587241809,1.25124206816454,0.710316127850904,1.54069513394506,0.898899050008068,-1.58559345641662,-1.32024803841658,-0.548784828706376,-1.41454259500659,1.12845499872377,1,1
-0.905327495306249,-1.54281039586409,-1.40851278544238,0.844922100011387,-0.916629956417595,0.813764680870039,1.24038480735248,1.16698609847417,1.46083023820882,-0.407135161516988,0.396488922014799,-0.54963402935676,0.168052619808039,0.0681188059605888,0.790345574449947,-1.57221447437786,1,1
-1.6180843063463,0.188016887024167,-0.0967469358850249,-0.327726263251365,1.39362815973228,0.350203705379166,-1.08803163286886,0.627116319616605,1.22245262809105,1.5584023562417,0.744806829528718,-0.54963402935676,1.26624340305267,0.787055601057089,0.921349324288742,0.653744841251865,1,0
0.497316924280597,-0.721673608228941,-1.10341465441998,-0.914050444882741,-1.59020808883139,-0.383219119301088,-0.505927522813525,0.365895116439388,-0.712346608063458,-0.801765938236275,0.64050837150792,0.141005588683148,0.652068609920244,-1.71418475246641,0.156864247695553,1.08521168199519,0,0
-0.211628353010581,-0.655007191865257,-0.535535419631487,-0.327726263251365,-0.96187721862197,-1.32656027505429,-1.37908368789653,-0.462093752724684,1.47830121569025,-1.54668505443361,-1.28503130881105,1.17696501574301,1.11546856131139,1.3327581265681,0.323113580316159,-1.26524645899791,1,1
-1.45799988889346,-0.49418380772551,-1.6448854023231,-0.914050444882741,-0.653500407438349,0.955787884901944,-0.360401495299692,-0.956700288077358,-1.48241731433162,0.915983807570728,-1.2247349174329,1.52228482476296,-0.800485161284187,1.32984061360229,0.406955865925382,-1.04301441896285,0,0
-0.825285286579826,0.44025954644479,-0.31723028142842,0.258597918380011,0.402199367091616,-0.480865650587894,0.367228642269476,0.579793045921733,-0.592542548660315,1.13583029203288,-0.87204062190893,0.141005588683148,1.3487360510288,0.143864393214943,-1.35774937810337,0.490554211972388,1,1
-1.29791547144061,-0.560030703948885,0.202187759260576,-1.50037462651412,0.117822029215863,0.801715940551709,1.09485877983864,1.42975742597103,0.472174144720184,-0.0579848387432463,-0.359637567153393,0.141005588683148,-0.416510513998667,-1.29594630125098,0.592452378281267,-0.629560073629078,1,1
-1.15688872273215,0.82822074229225,0.444294726529436,-1.50037462651412,-0.967137357889191,0.0331509865324437,1.24038480735248,-0.219188551947463,0.0839953975638803,-1.51055897363947,1.52784250499872,0.486325397703102,1.23243449446476,0.592415399219588,-0.0638492732044727,-0.0768829585737692,1,1
-1.29029240394286,-0.314600866502091,0.596798425217409,0.258597918380011,-1.15273792479175,0.810701465080417,0.658280697297143,-0.682602678146521,0.137216777999522,0.504819946715555,0.600716801268906,0.486325397703102,-0.0900002080896375,-1.24278711175485,0.365926796237686,1.15919002312371,1,1
-0.844342955324212,-1.48529036895873,1.1969837084865,0.844922100011387,-0.903487338409252,1.39167688854969,1.53143686238014,-0.795077631424951,1.00429840055795,-1.13444519569888,-0.862645746623854,-1.58559345641662,-0.795204493730656,0.0278641217988687,0.229492570908236,-1.24028703665726,1,1
-1.29029240394286,1.00603431536687,-0.959324077180645,0.258597918380011,0.0093644186411435,1.43901540432773,1.67696288989398,-1.65078643224368,-1.0569240836266,1.18293242533636,-1.55877613699214,0.831645206723056,-0.821560838728244,-1.39475491291671,0.92189312624413,0.4154754397252,1,1
0.0780482119040939,-0.728201014883882,-1.2892195052949,1.43124628164276,-0.785384647029236,0.109388774548009,-0.942505605355026,0.0694237067056798,1.64715793738077,-0.81534045247597,0.636824024090453,-1.58559345641662,0.244681416558125,0.308039311586966,-0.617821605767399,1.52492820361374,0,0
-1.58378050260641,-0.216259944862729,1.24993676880285,0.258597918380011,1.5382964987685,0.0280847248361429,-1.37908368789653,1.69024716892609,-0.223228772714693,1.17711444767937,0.430958634031412,1.17696501574301,-1.45021790707968,-0.623364616107041,-0.427422137605026,-1.51706667465194,1,1
0.661212875482321,0.663659836666604,-1.16372663222141,-0.914050444882741,-0.123457087484382,-0.818877503403322,0.803806724810977,1.09099913362606,1.53646228943567,-0.284299713228334,0.607255853419717,-0.54963402935676,1.5016181430046,1.13953087179141,-0.364784573394563,-1.50833483255707,1,1
1.24437753906055,-0.56558096623893,1.67792382045921,1.43124628164276,-1.51496696583826,1.48990384118767,-1.08803163286886,1.37585949344463,-0.409857505241479,0.304609254338821,-0.84164970413846,1.17696501574301,-0.782697679691102,1.03282928849826,0.920007945402873,0.19234355597592,1,1
-0.306916696732513,-1.5262695429271,1.21868096672958,0.258597918380011,0.78825963987291,-0.156547113342165,0.076176587241809,0.418748445690419,0.341126680103805,0.975175413446738,0.0522739323236516,0.831645206723056,-0.560155395767781,1.71516229868959,-0.227916711200573,1.58569746626983,1,1
1.13765459409198,-0.421184063049244,0.0319961889041345,-1.50037462651412,-0.587282943868157,-1.29463193830965,-1.67013574292419,-0.0652189809843841,-0.179086697953665,-1.62659879511807,-0.490336991546927,1.17696501574301,-0.915061624789172,-0.8315283810226,-1.10801947995749,-0.956721918045569,1,1
0.554489930513756,1.56561512071449,1.7010604986497,-0.327726263251365,0.527945841519695,-0.243418236857743,0.658280697297143,1.69794040248456,0.595775887969958,1.08493724626121,1.10329834783329,0.141005588683148,-1.71383042325041,-1.50414967025867,1.68421436522641,-0.577497151750852,1,1
0.398217046809787,0.511446375397817,-1.36946984849674,-0.914050444882741,-0.756471659404594,-1.29648548177768,-1.37908368789653,-0.183976203999181,-1.09497268569829,-1.28551058086796,-1.51190133189736,1.17696501574301,0.677833399786047,-0.193970983773616,-0.0121877069890896,-1.3755037425832,1,1
-0.0934708067953845,0.615029189625873,-0.655055274179712,-0.914050444882741,0.243696265558171,-0.0028427959761195,0.94933275232481,1.44290615625993,-0.34971350472854,-0.522228016730877,-0.7918057666802,-0.54963402935676,0.32405764676697,-1.42990351075287,-1.34300200858061,-0.469368120227866,1,1
0.623097537993548,0.478529979929163,0.509042901710818,0.844922100011387,0.935583676463232,0.199548393251754,1.24038480735248,0.906051696020348,-1.49075540933322,-0.125035901107664,0.352797404576046,-0.894953838376714,1.08397268804158,-1.1030605402801,0.600650498045477,-1.56221597085371,1,1
0.261001831850204,-1.03035468146994,-0.492015899394838,-0.327726263251365,1.47098723399796,-0.570548283073055,1.09485877983864,-0.586424318752689,0.32847036836956,1.34285107959828,-1.03720676189532,-0.894953838376714,-1.58201841419159,0.336342045002322,0.839307819383747,-0.377081015240693,1,1
0.924208704154854,-0.266521328608917,1.51680717410712,-0.914050444882741,-0.819911010558406,-1.48736519243589,1.38591083486631,0.0096557914099635,1.58055350117507,-1.68910964501359,0.596596640940227,0.831645206723056,1.49676036337833,0.318575373939636,0.0115125447138609,0.194905913736916,1,1
-0.638520132884838,0.89174213349631,-1.47974855609955,0.258597918380011,-0.566631440231891,1.51644555321352,-0.0693494402720245,-0.40162274865033,-1.56794026462808,0.175114209080599,-1.27643328178665,-1.24027364739667,-0.576588631680712,-1.56764284646557,0.518135011080305,1.63701675538978,1,1
-0.493681850427501,-1.37030291712163,0.200572376929974,-0.914050444882741,-0.122078873179033,0.930223205516799,-0.651453550327359,-1.26103575939615,0.53977892107658,0.46449187631757,-1.67470643608472,0.141005588683148,1.44270138426812,-0.19430957205949,-1.12326276170732,1.09863851267658,0,0
1.09953925660321,-0.755731215147031,0.344555031110285,-0.914050444882741,1.46812257360593,1.15598790349344,-0.651453550327359,-0.497096846829096,0.93633207073674,-0.667528462655912,1.26334680179034,1.17696501574301,-1.35268003683752,0.105785425847868,-0.446836459180843,1.11127986607302,1,1
-0.0248631993155931,-0.761072043402775,0.559418270776218,-0.914050444882741,1.37953467364286,-0.470245999201492,0.367228642269476,1.34641003152381,-0.993716422518791,-0.758160671733861,-0.589095689571684,1.17696501574301,0.856010429874413,-0.795367850856736,-1.16083914818155,-0.930353564422389,1,1
-0.512739519171887,-0.21886460518078,-0.819686904319766,0.844922100011387,-1.40819193515644,0.887080643344105,-0.214875467785858,0.874152257196137,-0.787774803765723,-0.0636034001101016,-1.20626911774733,0.831645206723056,0.285229155433002,1.28062437609244,-0.379927881159255,-1.4147374370616,0,0
1.62934244769715,1.69070310792673,-0.44144654684332,-0.914050444882741,-1.26373478938757,-0.0619602844644772,1.09485877983864,-0.77138714845679,-1.03330491955572,-1.11723101076109,-1.15084074363415,0.831645206723056,-0.481884290205401,-1.16286740736382,0.228310129377154,0.358488362127977,1,1
1.11097385784984,-1.48825267633984,1.22264848969528,-0.914050444882741,-0.0147525088676916,-1.04142775420292,-1.67013574292419,-0.458485736529159,-0.704189292770959,-0.141227806069277,1.34163431583711,-1.58559345641662,-1.44975963159714,-0.843906164158891,-0.188329124367095,0.0768275153631625,1,1
-0.276424426741495,0.0829961268027165,-1.0305961607,0.844922100011387,-1.35068260973433,-1.30554623225154,0.51275466978331,0.402363621022539,-1.34753958383646,0.889955478373013,0.532703799736176,0.486325397703102,0.373253214965596,-1.17697351295441,0.333679175579607,0.0608968138738255,1,1
-0.611839396642697,-1.09870513434603,1.16425341979454,1.43124628164276,-0.529792194729148,-0.54541431523522,0.221702614755643,-0.291434186147842,-0.453706801944148,1.16908852697599,1.58784912106953,-1.58559345641662,-1.63255726087968,-1.31599113833926,0.0168351067302381,-1.33989068451521,1,1
-0.0477324018088569,1.65695110654483,0.246571010005225,-0.327726263251365,-1.20720601965917,-1.26031356398392,-0.796979577841192,0.0095932096011677,-0.458578980566779,-0.429347008555505,1.04158424217359,1.17696501574301,0.014423626223336,1.30446317560871,-0.620433425040076,-0.0168570688042422,1,1
0.809862691688535,-1.32875589421168,0.93960082538568,1.43124628164276,0.468005794575889,1.70512992283448,-0.942505605355026,0.685483325208835,1.04681220794864,0.376897757677234,0.928010067623972,-0.894953838376714,0.371422086086039,-0.761565545938094,-1.22462879549007,-1.19775571133841,1,1
-0.657577801629225,-0.317826893809974,0.770868622156004,-1.50037462651412,1.54479916780671,-1.56475263460429,1.24038480735248,-0.114390921789842,1.0251446372292,-1.76697675423104,-0.0076366314486159,-1.58559345641662,0.81648073467018,0.766732184476536,-0.846113279564868,-0.26357106553966,1,1
0.992816311634646,0.846280186016331,-0.986941517372443,0.844922100011387,1.70707419129412,-0.214344282654556,-1.23355766038269,-1.07139956497876,1.01060048166219,0.144376910164755,1.11415319248924,0.831645206723056,1.71416120564,-0.245597316371317,-1.0261250226552,-1.50092392968,1,1
0.504939991778351,0.730210200051925,0.26795705320389,0.844922100011387,-0.427902090268903,-0.176618313482422,1.38591083486631,0.07031467293799,0.221781676613461,1.62003760259873,-0.31227561161709,0.486325397703102,-0.82213354559541,0.468917278763768,0.729345787927327,1.23100006839537,1,1
0.203828825617045,-0.251217017336979,1.30615513175341,-0.914050444882741,0.340806701747624,-0.698451700591229,-0.651453550327359,-0.499342667966836,-0.606421071981696,-0.682522780933441,1.13580584177309,-1.24027364739667,-0.606060720722243,1.47355160544851,1.11925134986817,-1.66930388189823,1,1
0.665024409231198,-0.516590671056782,-0.206827482528307,-0.914050444882741,1.22453938809734,0.234263594722295,1.38591083486631,-0.725826000389654,-0.314216492603795,0.298664310167195,0.893755727472675,0.486325397703102,-0.541007549638607,1.1863301475816,0.774266994522207,1.51435917138447,1,1
0.25337876435245,-0.338681615363109,1.64954955634548,-1.50037462651412,-1.31343499102002,-1.21750578609504,0.94933275232481,-0.596365227455577,-0.634366709679416,0.880433420079101,0.616605285217536,-0.204314220336806,0.813216771794353,-1.47945404382326,0.508701052424212,1.25162269852654,1,1
-0.379335837961182,-0.8030099232248,-0.137018602957662,-0.914050444882741,0.65187376489875,0.966603240742918,-1.37908368789653,-0.212241219031307,0.272925451084841,0.347832518128268,-0.602125220733873,0.486325397703102,1.50773332934402,1.18837400174815,-0.65494986076417,0.872516793050578,1,1
1.49975030023533,-1.00827354607405,-1.21175222476846,0.258597918380011,-0.312469342494319,-0.588836181122318,-1.23355766038269,1.33823613449283,1.49571709639815,-0.313559026643935,0.449806909281549,1.52228482476296,1.65515928683008,-0.163656089027881,0.741690561578146,1.66295566756544,1,1
-0.0134285980689612,-0.0411904040589145,-0.355072266763574,-0.914050444882741,-1.0087838788187,0.303139034041381,0.076176587241809,0.809797998850433,-0.748546385099471,-1.23713897952311,0.0167118246819487,0.486325397703102,1.55626464710365,-0.513119132283144,0.374797476108483,-1.52960215641094,1,1
1.45020036149992,-0.788183673995104,1.59783817434819,-0.914050444882741,-0.33339010087532,0.731380532743555,1.24038480735248,0.580574156970697,-0.149756467771068,-0.156570302566523,-0.141411543241441,-1.24027364739667,1.32585919099054,0.594416162817194,-1.55902713470523,0.490911044984747,1,1
-0.379335837961182,-0.722269320241488,-0.597207572715724,0.258597918380011,-1.45600357993638,1.32880863828789,-1.52460971541036,-0.100502909289729,0.524279538326317,-0.743235273736902,1.70632456417097,-1.24027364739667,1.71292205495469,1.54927371730827,1.42289448126728,1.20490731439159,0,0
0.600228335500284,0.563757670174495,1.30745763440924,-1.50037462651412,0.671944969773885,1.14532931530584,-0.214875467785858,-1.72656016505237,1.17534983796501,0.649947320412124,0.0083598642946799,0.486325397703102,-0.420303115984742,-1.39301743888378,-1.44449059986841,-1.2793584872818,1,1
0.81748575918629,1.64950153086826,1.35313995970927,0.258597918380011,-0.848713695628744,0.361593812874685,0.51275466978331,-0.553266922150922,-0.855569440434192,-0.232244222850468,-1.64264503995407,-0.894953838376714,1.56497037124576,0.923296307554219,0.020121942117162,0.295582140930521,1,1
1.42351962525778,0.378777091881671,-0.491391905190645,0.844922100011387,-0.647192301195789,-0.396086261715042,-0.360401495299692,1.08391312571464,-0.762993970451695,1.18466277701259,0.434975601598929,-0.54963402935676,0.915319296301288,-1.01710782390088,0.0560180243030919,-0.360484829949744,1,1
-1.19119252647205,-1.45525034691614,-1.41850926512404,0.258597918380011,-1.30100208351164,-0.000524145683369,0.367228642269476,-0.38831554472793,1.31433865280251,-1.09562136492721,0.789852456040964,0.486325397703102,-1.13996376584142,-0.41004317832165,1.1782868606529,-0.216433593653226,1,1
1.17958146532963,-1.46011125168695,0.808902869108788,-0.327726263251365,1.25336606722289,0.914311623165475,-0.360401495299692,0.220111472921075,-1.44996607029753,-0.316267512094975,1.33914764798671,-1.24027364739667,-1.56656836536503,1.28674160534593,1.44179441043934,1.42223608307229,1,1
1.71319619017245,1.5899035284062,-0.625718125407236,0.844922100011387,-0.0218459289470263,1.28919927864934,-1.52460971541036,-1.0237016351161,0.353699487367463,0.169218176942162,0.456702548870069,-1.24027364739667,-0.980330085957151,0.159335035222869,1.53397764259462,0.137030205859332,1,1
-0.787169949091053,-0.68804047567128,1.01162301390113,-0.914050444882741,0.248516374455597,-1.3766625914224,-0.942505605355026,1.43953636165705,1.22947635712971,-1.32938742502742,-1.68643224797966,1.17696501574301,0.976819482580744,-1.48471172267555,0.25211651933641,-1.39401814523436,1,1
0.356290175572137,-1.40270972688594,-0.170223986739754,0.844922100011387,0.239192464665562,-0.408272069327963,0.221702614755643,1.46486676721409,1.43995630173725,0.274817897972401,-1.33594406944699,-1.58559345641662,0.466764732829263,0.0295874118090095,0.631024327423178,1.5071163717809,1,1
-1.56091130011314,0.362783822492086,-0.0222211600181135,-1.50037462651412,-0.306803076433982,0.939744290466588,-1.52460971541036,-1.22692640266464,-1.68202563453733,-0.756651147710253,-1.19092302699481,-0.894953838376714,-0.946088209394814,0.997414024926912,-1.41481400218851,-1.07793842803172,0,0
-0.840531421575335,0.448465202998109,0.994207292279493,-1.50037462651412,-1.05555894583269,-0.247046680732435,-0.360401495299692,0.775511826438216,-0.456048639277284,-0.969844222149122,-1.01610637614597,1.52228482476296,0.849076497200318,0.101186404878076,-0.0311239106415888,1.35387260179916,0,0
0.375347844316523,0.535023625734564,-0.379633006567614,0.258597918380011,0.842764332604383,-0.589593993268477,0.658280697297143,-1.47228060145252,-0.842069614433317,-1.274178929978,1.04066360863403,-0.54963402935676,-1.23409006737173,-1.14296534516148,1.38909728529313,1.62297743818402,1,1
-0.863400624068599,-0.792124792597409,-0.168582874501701,0.844922100011387,-1.28047663831661,-0.317086781203554,-0.651453550327359,0.340407334191399,0.225204573339566,-0.551875823791123,-0.671868801600147,-0.204314220336806,1.12627723507529,-0.18696710157411,-0.142744709313608,1.30299908480827,0,0
-1.69050344757497,-1.6707015558065,-0.401073054888822,-0.914050444882741,-1.3601140007425,0.34276762495357,0.51275466978331,-1.11406137967834,0.447850072823308,1.45939357675353,-0.662774264400826,-0.894953838376714,1.03026825005788,1.4603851816066,-1.48038202966502,0.613070131018521,1,1
-0.486058782929746,1.63723668600658,-0.431811377167934,-1.50037462651412,0.722573153531919,1.71042251017482,0.221702614755643,-1.22819117982237,1.70794174815215,-1.65936180641686,0.886228355366743,1.17696501574301,1.64909715017623,0.545666467364255,-1.02637484271683,0.841385471413414,1,1
0.0704251444063393,-0.849615501181477,0.119071092648812,1.43124628164276,-0.999540128700921,-0.0357085654531915,-0.360401495299692,-1.71862829441889,0.0353897279432046,1.19256907590139,-0.313030371816548,-0.204314220336806,-1.20302176112178,0.792036797879805,-0.233479584837674,0.691217556938647,0,0
1.07667005410995,0.630864100746269,1.10149688837459,-0.914050444882741,-0.663107402270154,-1.01589454730192,0.076176587241809,1.52613164705981,0.16831272491083,-0.386976975354086,-1.52852675944029,0.486325397703102,1.42030586428949,0.984678713201965,-0.898580918196676,-0.131535477642667,1,1
-1.42750761890244,0.737437697268366,-0.451165171814444,1.43124628164276,-0.0844250486023291,-1.17316608725402,-1.67013574292419,1.13954484734976,-0.302715004832762,0.183446262983175,0.290493778708056,0.486325397703102,-0.541155595086894,-1.40484772613308,-0.362406991129322,-0.771279583134894,1,1
-1.69812651507273,0.400960667942441,0.113194810225058,-0.327726263251365,-0.173315831420096,-1.58831600220575,-0.360401495299692,-1.46453169631827,-1.21842765598223,0.0139963799213745,-1.29986556980411,1.17696501574301,-0.281168017444884,0.282163158374544,-0.567955582125226,-0.734899952953242,1,1
1.51499643523084,-0.633657375901756,0.621934448068651,1.43124628164276,0.717193868387671,0.191078836618992,1.38591083486631,0.343275412039546,-0.683885616550319,1.4481332783789,0.243445610131614,-1.24027364739667,-0.0994709881928827,-0.424550367562794,-0.61657166806838,0.798814994731831,1,1
0.748878151706498,-0.779260058545696,-0.771848713204202,-1.50037462651412,0.424692360896249,0.141999784571986,-0.0693494402720245,-0.926163823491263,-0.877373909518021,0.907681952490736,0.970281682014152,-0.894953838376714,0.450140903097168,-1.23827265523264,-1.40565139331186,0.437420505982625,1,1
-1.26361166770072,0.35799099413194,-0.743772985809632,0.258597918380011,0.496709996353313,-1.02712817329686,0.658280697297143,-0.818375553008216,1.02604228359528,1.65333493622697,1.49398939295996,-0.54963402935676,1.72605370864812,-1.0198521461181,1.33663845800625,0.295957023986154,1,1
1.64458858269266,1.29275962199283,1.5343144774243,-0.327726263251365,0.736002512869343,0.661406706952006,1.67696288989398,1.29513550538883,0.148907281196504,0.992080463347978,-1.52009343890839,0.831645206723056,0.356681832928662,0.968263650420017,0.678362724804363,0.52876442389297,1,1
0.596416801751407,1.57357289028528,0.805348542354443,0.844922100011387,-0.711750480879583,0.819125226991315,0.221702614755643,-1.33688650434583,-0.708375743617563,-0.739399990005448,-0.692116062021554,-1.58559345641662,1.49003227566564,-1.16152541794357,0.438191632391322,0.948755336818491,1,1
0.207640359365922,-1.35451756923288,0.297042048985656,-0.914050444882741,-0.60965314478888,-0.84154859341702,-1.08803163286886,0.350599907185148,-0.045899088019507,1.57713579331906,0.525827962895986,1.17696501574301,-0.839703172336192,-0.642785938144677,0.379599031330191,0.857848224325285,1,1
0.474447721787333,-1.18414928846078,0.54202386864598,-1.50037462651412,-0.212318063622829,-0.5486911756175,0.94933275232481,-0.34299177288356,-0.973946935578809,1.64896667352916,-0.651972819864587,-0.204314220336806,-0.342380462371281,-0.737458075186295,-0.347822883815828,-1.35230567275155,1,1
-0.0324862668133477,1.56661692094783,-1.60592098452892,-0.327726263251365,-0.660739073432836,1.67826572987573,-1.08803163286886,-1.07198562154215,-1.08981289970848,-1.33953223156305,-0.178167710736846,-0.54963402935676,0.0255832199117157,-1.54941700999381,1.13085195514316,-0.466659952095924,0,1
-0.973935102786041,0.841579807954989,0.439155574128702,-0.327726263251365,1.66655244089235,-0.44476417227482,0.367228642269476,-0.167502040780084,1.22771393985219,1.36236152280834,-1.6842174068965,0.831645206723056,-0.60428427465456,-0.128135278339131,1.50059485287437,-0.807210856266151,1,1
1.51499643523084,1.35160570814898,0.0619784272921742,-1.50037462651412,1.07951823966907,0.886979494784809,0.076176587241809,1.52485745402292,1.51917941260055,0.539787413926448,0.669235470173783,1.17696501574301,1.66398085801477,0.915916496358086,-1.70202639819964,0.135611226295607,1,1
1.01187398037903,-1.01767705875828,0.187852714938283,0.844922100011387,-1.15131703733301,-0.174441202299554,0.658280697297143,0.974516418309292,-1.45080236749206,1.43512136766865,1.33249438145071,-0.894953838376714,0.792755658430973,-1.64042005655078,-1.44710752557288,-1.50349023357254,1,1
-0.219251420508335,0.322880108379488,-0.459308213288176,0.844922100011387,-1.69772811817076,0.999101023090294,-1.67013574292419,-1.27527885602097,0.901249673400882,1.41339804479811,1.65954018718749,-0.54963402935676,-0.0632729240345866,-1.32972244552072,0.616935729117132,0.906397199658089,0,0
-1.61427277259743,0.718318418841266,-1.42470475532363,0.258597918380011,-1.56997459704477,0.915305409367636,0.221702614755643,1.20943672132381,-0.168783532632288,1.32877271804216,1.14815260791926,-1.58559345641662,0.88162210395999,0.758698828155164,-0.903644504304516,-1.34841805130599,1,1
-0.0553554693066115,0.645091742815701,-1.03616567998234,1.43124628164276,-0.878528890237474,0.56640763443461,-1.23355766038269,1.51429687528959,-0.389746929477769,1.30759575532794,-1.64337875790537,-0.894953838376714,-0.102948361028733,0.323559452673963,1.43707408226004,-0.781653053141506,0,0
-1.05397731151246,-0.301979623271647,1.59451184256903,0.844922100011387,-1.32432740476843,1.21075904279414,-0.505927522813525,-0.773523656384676,0.642057202601116,-1.3584517785247,0.523696056258157,1.52228482476296,-1.66451776611118,0.741723430630318,0.590735605114283,0.976101974493926,0,0
-0.569912525405047,-1.66971183463148,-0.28816003292664,0.258597918380011,0.115198965276363,1.50168222427223,0.658280697297143,-0.577968014261125,-0.811198912819615,-1.26860472620946,-0.0221801213790423,-0.204314220336806,0.159792176001025,-0.92569855224916,-0.445558525986631,-1.53737106825701,1,1
0.745066617957621,0.306652819284876,-0.0867670665920212,1.43124628164276,1.23047400268397,0.264002736521086,-1.37908368789653,-1.29537455675982,-1.65491525650978,-1.35798923077104,1.52336654749143,0.831645206723056,0.444179159643895,1.04596762874592,-0.282759796933881,0.554863096308503,1,1
-0.470812647934237,-0.841924666320946,-1.5246104122541,-0.327726263251365,0.81396833972293,-0.916068408212729,0.076176587241809,-0.538062524694547,-0.990644690961335,-1.45089559557855,1.3984027108851,-1.58559345641662,1.67903515784165,-0.0672576471838698,0.672044430675046,1.46332919657553,1,1
-0.150643813028544,-0.155362120652448,-1.57720816179573,-1.50037462651412,-0.976276537929414,-0.360820738156279,-0.0693494402720245,0.598790292372308,-1.09050688479085,-0.540055642622084,1.69863535181167,-1.58559345641662,-1.58277428342814,0.381028894861018,-1.23312327784372,0.408549791523462,1,1
-1.26361166770072,1.61134736731176,0.783282387614013,0.844922100011387,-0.345256665384898,0.878380124402029,0.51275466978331,-0.790182449106952,-1.60866138350936,0.608402627459348,1.25789376678824,-0.894953838376714,0.0519347495585744,-1.39982978064511,1.33905383866639,0.735184658965137,1,1
1.47306956399319,-0.333726387008855,0.161264740373122,0.258597918380011,0.0277930474054565,0.508276364883783,-1.23355766038269,-1.70925778796822,-0.622099645135454,-0.535167862709736,0.156870825335936,1.17696501574301,-1.38381563218883,-1.01187142628463,-1.70495577031214,1.0088459008711,1,1
1.2863044102982,1.20119357476553,0.0591897729674203,-0.327726263251365,1.06630604293848,-1.12165250494802,0.803806724810977,-0.560215717017103,-0.0959520475244418,0.734621463153247,0.744033899985902,1.17696501574301,-1.20747412119221,0.94144641109496,1.67003082606021,-0.950628242530675,1,1
1.04617778411893,-1.06675099251963,-0.863247652848056,0.844922100011387,1.16563859227381,-1.55768783420047,1.53143686238014,-0.163151548716745,0.801469082218363,1.08187091854658,1.61696456033238,-1.58559345641662,0.393116609137296,-0.946992318588069,-1.14068683802917,0.282481429375523,1,1
-0.855777556570844,0.618446630469949,0.879038094720852,-0.914050444882741,1.40815522027764,0.618795655926314,-1.37908368789653,0.228899071543595,-0.607174427799079,0.546777210849926,0.265995908234172,-0.54963402935676,-0.921075419842564,-1.3985360713874,0.849524501737477,-0.652213173081808,1,0
0.314363304334486,1.67899605741137,-1.12335410248189,-0.327726263251365,0.0324341972025049,-0.869177224952739,0.658280697297143,0.635799613282229,-1.05748530762699,-0.151696412153758,1.18116433783794,0.831645206723056,0.874232194745711,0.336009143592008,-1.5831697443405,-0.856958246477389,1,1
-1.2826693364451,-1.36849136646634,-1.04799040984125,0.844922100011387,0.668054896759731,-0.012701369131199,-1.67013574292419,-1.51888441443019,-0.93357696652244,-0.740688696901753,1.53844464246591,-1.24027364739667,0.0592245765545717,0.166680971922732,-0.22682098284924,-1.05303253771532,1,0
-1.17975792522541,-1.69434956540058,-0.107505937763289,-0.327726263251365,-1.33288429389825,0.838555894495909,0.94933275232481,-0.105727383259953,1.33498419196821,-1.33498366564992,0.239508358365882,-0.54963402935676,-0.967396374974695,0.372752526781288,0.462206452824259,0.297835924649916,1,1
0.417274715554174,-0.213418617762279,-0.713357317867801,-1.50037462651412,0.224957781766536,0.204341746646428,1.38591083486631,-0.810247243831605,-1.02252350859934,-0.0525496957988377,-1.19821258324776,0.486325397703102,-0.0115567535813779,0.408536723888908,-1.47818722047987,1.01663213735861,1,1
-1.70956111631936,-1.40076482282342,-0.848179020078411,-1.50037462651412,-0.862629368882209,-1.4472204518822,-1.23355766038269,1.55076835489483,1.29399080740657,0.732185506066507,-1.21076205389533,0.486325397703102,-1.72120522285504,0.0026030941783161,-0.185716503406354,1.29630136591919,1,1
-1.37033461266928,0.88284306544416,0.533401776496532,-1.50037462651412,-0.23389433410041,-1.09484138931613,0.658280697297143,-0.486248175537126,-0.190119348404021,0.137051213426114,-1.35141630850069,-0.204314220336806,1.26813339749638,-0.0194739964755547,-0.671284596580357,-0.241325467987109,1,1
0.779370421697517,1.4614919528706,0.553317885025315,1.43124628164276,0.461170193448368,-0.97856897214942,-0.796979577841192,-1.38608090692754,1.4834267551017,0.738725220341613,-0.0897566546573778,0.486325397703102,-1.68028877383809,1.45976720577084,0.0046556015036874,-0.432752129074555,1,1
-0.493681850427501,-0.211892704001454,1.15608852349609,-0.914050444882741,-0.834137048464797,-0.845799949806414,-1.52460971541036,-1.58917673291403,-0.32408114752452,-0.602799181510273,-0.0764119495426081,0.141005588683148,-1.69994980105737,0.118375140226619,0.0265957334414619,0.648040754437934,1,1
0.382970911814278,-0.822388101797553,-0.256869282056026,-1.50037462651412,-1.53767719483651,0.213770243369109,-0.0693494402720245,-0.81356071972889,-1.11537867690994,-1.53505912857846,0.403184122115422,-1.24027364739667,0.396725924376818,0.405081563343126,0.998912669523642,0.967912825048382,1,1
1.35491201777799,-0.21056122521213,-1.45384138792841,-0.914050444882741,-1.68178963398603,0.0020981195988105,-1.08803163286886,-1.11328169823048,0.159943475253293,0.911046186972693,-0.0668667064822457,1.17696501574301,1.65237470829953,-0.798993319679592,-1.29361119155768,-0.843813201551163,1,1
1.69413852142807,0.796004345172626,-0.757167392946364,-1.50037462651412,-1.64082206567079,-1.03427337882022,0.51275466978331,0.517938923824109,0.292771313562099,-1.00392591330887,1.64624359093724,-0.204314220336806,1.24452498042444,1.2773593239888,-1.43490874824649,-0.692658808263974,1,1
-1.18356945897429,-1.69179272752621,1.6961424741785,1.43124628164276,-1.68826203431357,-1.50147642606952,-0.651453550327359,1.20090446146327,0.456872106338457,0.373366828380827,-0.736345979258168,-1.24027364739667,-0.850140833762907,-1.63280559743805,-0.329156369285603,0.118955117209306,1,1
0.234321095608063,0.329385624469569,0.363283999153269,-0.327726263251365,-1.33784929648255,-1.14358586265087,1.53143686238014,-0.650228305294853,-0.312388743634396,1.02633485267715,1.29942090494078,0.141005588683148,-1.04212850893148,0.198611226684898,1.35328595648246,-0.187013065896426,1,1
1.59503864395726,0.412397768155651,0.757426070281955,0.844922100011387,-0.89424420731417,1.65728250260342,-0.651453550327359,0.268510159919973,-1.55868538745459,-1.28390615091448,-1.40379264890948,1.52228482476296,0.447394308666036,-0.397277696298515,1.24155588924292,0.711569534920718,1,1
1.50737336773308,0.497356103124256,-1.68213024223792,0.844922100011387,-0.956996422202493,-0.119931020457482,0.076176587241809,0.796802061956745,0.426755301500923,0.311579301564659,0.349176515124313,-0.204314220336806,1.12903937035957,0.359039950950878,0.21858328004846,0.019581293701814,1,1
-0.726185409109016,-0.880507660332426,0.0921850101525387,-1.50037462651412,1.67293760781773,1.25405690248719,0.221702614755643,-0.352579300910947,1.47872079002415,0.627212712598536,0.511363622837908,-1.24027364739667,-0.468400726751912,-0.478659007162112,1.35763003554187,-1.3309835816001,1,1
0.851789562926186,0.763286965448251,-1.57733865972659,0.844922100011387,-0.665741015661546,1.18999796999109,-0.214875467785858,-1.50315394090954,1.56295927032017,0.825722524933882,0.944391944327322,1.52228482476296,-0.224650082288904,0.750110649346008,1.06858976519598,-1.14413868267638,0,0
0.9165856366571,-1.40506208022454,0.269407060971431,-1.50037462651412,-1.27922443154768,0.0281232872397335,-0.942505605355026,-0.939026388371848,0.324294073929269,-1.25418825780037,0.0035522979552552,1.52228482476296,-1.32369036858585,-1.64667942284199,-0.758578278622756,1.3857456594209,0,0
-1.67525731257946,-1.02938588935039,1.49040437134166,-1.50037462651412,0.157192811978489,0.700539671683071,0.51275466978331,1.32594853842572,-1.65729938583179,1.09865650157216,-1.06515674155159,0.486325397703102,-1.19418803900672,-0.321529921841495,-1.1321615062123,-0.932917838335198,1,1
-0.718562341611261,1.33236976021729,1.6558999543999,0.258597918380011,1.23034426284709,-1.07013234704098,1.53143686238014,1.12301435897113,-1.36142821835273,-1.44006136308658,-0.464842764907028,1.52228482476296,0.247052853539648,1.14046636224258,-0.678143878962369,-1.54243764398715,1,1
0.764124286702008,0.849199006241224,0.169802089476833,0.258597918380011,0.612354647852426,0.637521344148297,1.38591083486631,-1.43315929562774,1.13858761612575,0.0375132819947374,-0.803269808717062,-1.24027364739667,-1.36820265283804,-0.856626672993374,-0.934647375052151,0.799800530008218,1,1
-1.05778884526134,-1.67545547109311,-0.116214709758428,0.258597918380011,-0.699832391240579,-0.795772807553009,0.367228642269476,-0.957163993535322,1.1240052166409,-0.227034832915463,-0.289723463358346,0.486325397703102,-1.02347046534465,-1.53525494424053,0.435894297326775,0.636711420641765,1,1
1.70938465642358,-0.858379928328887,1.57461824677045,-0.914050444882741,0.212340832253335,1.13249433460955,0.51275466978331,0.93140904877135,1.52331690504003,-0.996833989578395,0.0977246940419779,0.141005588683148,-0.910290833208591,-0.0100218122752703,0.304869708014761,0.348180230958192,1,1
-1.66382271133283,-0.976675929386782,0.631946186040844,0.258597918380011,0.738756350727834,-1.44576807800115,0.076176587241809,-0.049798337662939,0.210580694926294,-0.718414708168324,0.430091285622929,-0.54963402935676,-0.184519963086831,1.63975385109763,0.351772441222329,0.0119195567099069,1,1
-1.07303498025685,-0.780269692896215,-1.48227296238176,-1.50037462651412,0.784268188411631,0.929484389419244,-0.0693494402720245,0.89954727290457,1.24101866847771,-1.19594737660522,1.19913747415099,-0.54963402935676,-1.56605927484112,-1.49604713165458,-1.06565347132129,1.6183698594693,1,1
0.733632016710989,-0.861223264965136,-0.0900929988942067,1.43124628164276,0.572774083895419,-1.38990991438251,0.803806724810977,-1.00169670261288,1.10732299570401,-0.288461683112886,1.42591222249,0.141005588683148,0.0091823103736867,-1.47577614598896,1.02188588619813,-1.30268157863373,1,1
0.558301464262634,-1.50558192109912,-0.873248989765743,1.43124628164276,1.27449729556389,1.30175296508907,0.803806724810977,1.56714763856622,0.298658426001029,-1.64371528899749,-0.13778243446957,1.17696501574301,1.49682543782967,0.328837168360883,-0.219208935429024,0.0390989861893129,1,1
-0.489870316678624,-0.125113142349929,-0.0759264000585794,-0.327726263251365,1.27207556677895,-0.68614299274997,0.221702614755643,0.981435201168695,0.965659702539413,1.3202367051967,-1.44453900040487,1.52228482476296,-1.6394117478611,-0.857083806240562,-0.0846985604035382,0.224321608419287,1,1
-0.497493384176378,0.828340620755616,-0.125728820129923,0.258597918380011,0.27184055938999,0.520369017348589,-1.52460971541036,-1.04894474230303,-1.29386817645275,-1.19924142484426,1.03118661391615,0.141005588683148,0.464295119273528,-0.306607322996121,1.73244261674499,-1.6372905559894,1,1
0.623097537993548,0.389553430773061,0.314262986157811,1.43124628164276,-0.24028565253167,-0.0546238808865717,1.38591083486631,0.201510617398854,0.469625271718657,1.31017335507723,-0.0868400505891681,0.141005588683148,1.17483932862912,1.13786648094072,-0.743569129428912,-0.298366527278164,1,1
-0.459378046687605,0.619878486616821,-0.468523980575076,0.258597918380011,0.487002466371083,-0.472193461956105,-1.52460971541036,-1.34114230667223,1.54885223464957,1.23223592828989,0.155313758826201,-1.58559345641662,-0.640499188488105,-1.03312183698519,-0.356013620358763,0.9763103593511,1,1
1.27868134280044,-1.4407297868563,-1.13712956147913,-0.327726263251365,1.09380909495126,0.489528142366737,-1.37908368789653,-0.480926574809367,-1.16938475834678,-0.198331424260887,0.327775705212105,-0.204314220336806,-1.26809398864187,0.755651124442361,0.622089419996545,-0.0951855610174963,1,1
1.24818907280942,1.59013855255455,0.0418701147786013,1.43124628164276,-1.69752904959592,1.53029381997946,1.67696288989398,0.551960407783615,0.8296784843088,-0.0384007199490248,0.579661755219956,-1.58559345641662,-1.57394027439135,0.0173413772805365,1.3286644221379,1.29420234839633,1,1
0.382970911814278,1.19663243545195,1.17583692105324,-1.50037462651412,1.69080228014315,-1.59203694622214,-0.651453550327359,-0.589371183668271,-0.623918521945837,-0.718474448524472,1.35633176320767,1.17696501574301,0.50910162187549,1.39375041080512,-1.28225997925265,0.501917481394444,1,1
-0.116340009288648,1.08031534420175,0.598611068185703,-0.914050444882741,-1.0886614087295,1.43151611740689,-0.214875467785858,0.542043370216808,1.08059372378883,1.69518939500674,1.57317052704716,1.52228482476296,0.191150611014766,1.62747886575817,0.825046212223506,0.918845656393633,0,0
0.596416801751407,1.14262743650423,-0.532441356052466,0.258597918380011,-0.101527326145855,0.36425575846213,-0.0693494402720245,-0.885008487935925,0.668843560347694,0.562605656495135,1.53131321397116,-0.54963402935676,-0.928958317900632,-0.0497644364678683,1.4598547022149,1.05082960197442,1,1
-1.35127694392489,1.524738571382,1.5416427255497,1.43124628164276,1.27868591810763,1.04723030247021,-1.23355766038269,0.765285823425044,1.45517548875051,1.53866993066869,1.07451730612093,-1.24027364739667,1.16018479972144,0.292853838798961,-0.256283699976251,0.655580461211759,1,1
1.40065042276452,0.171981531024134,1.46066175054146,1.43124628164276,-0.943877636707187,-0.411652991296792,-0.505927522813525,-0.487318297040326,0.719412067410737,-0.326420324989615,1.35333106766096,1.17696501574301,0.826825840981021,0.846877135849769,-0.728134506668658,0.861422401060197,1,1
0.501128458029474,-1.02586282051378,-0.980561444621476,-0.327726263251365,-0.0790394276145707,-0.108575165348788,1.67696288989398,1.0052454008572,-0.31646226409361,1.29974999052977,-1.58089616766773,0.141005588683148,-0.765475671453657,-0.621285881834836,0.626502924232263,0.675553659292903,1,1
-0.501304917925255,0.424558004538742,-1.57077789474299,-1.50037462651412,-1.26149379545634,1.25924295772655,0.658280697297143,-1.2594193654101,-1.68818926551566,-0.210287801004986,1.21308442314605,1.52228482476296,0.888761352136098,-0.937259144117898,-0.868975948066038,0.177635571476464,1,1
-0.813850685333194,0.863679976650233,0.867083001291425,0.844922100011387,-0.359763445033807,-0.304941093991389,1.67696288989398,-0.479045214750334,0.997527880676791,1.24352859025869,-1.50187611085835,-0.894953838376714,-0.874505864388044,1.59903169460458,-0.390132468171589,0.232874308879007,1,1
-0.440320377943219,0.846393045108842,1.16683202839624,1.43124628164276,-1.10844261065179,0.107847982589259,0.51275466978331,-0.125885492248175,-0.322800731064611,-1.31232800081102,0.853399422090005,-1.24027364739667,0.617888434821149,-0.229673747310953,1.38582916017432,-1.0618726528422,1,1
1.65983471768817,0.092565837280981,1.65397379921184,-0.914050444882741,-0.467796848943845,-1.66464642210033,0.658280697297143,-0.264742415722144,0.577570352900839,0.444806135100733,-1.16253240907225,0.141005588683148,-1.31309233190943,-1.71109027365589,0.323693617226074,1.12975264996998,1,1
-0.280235960490372,-1.48492291060329,1.38296050002879,-0.327726263251365,-0.43400622192239,-1.18780376091135,0.367228642269476,-0.232704917862559,-1.36476637010194,0.590151876978833,-0.495902025799261,1.52228482476296,0.67675548809835,1.16265093878938,-1.39244261421658,-0.64162346431159,1,1
0.0361213406664436,-0.430962991306117,0.37813639333448,1.43124628164276,1.69483449798949,0.476589852044609,1.09485877983864,-0.192146761437845,1.33426833236677,0.51189332381094,-1.11073862067112,0.141005588683148,-0.896079099342669,0.344467099764864,-0.579264755519366,0.127011233283093,1,1
-1.19119252647205,1.48314525882473,0.133331534268501,1.43124628164276,1.70047598528398,0.735989214314938,1.38591083486631,1.69221291346369,-0.229412014134151,-0.214479876019101,-0.204602621398343,1.17696501574301,0.261335220389922,-1.13722793717916,0.451645001353996,-0.856785754627989,1,1
0.527809194271615,0.311955986643349,-1.61098638046027,-0.327726263251365,-1.32262698569024,0.273021257735257,-0.796979577841192,-1.06382293980417,1.43291246709226,0.608255700745836,-0.315438776085957,-0.204314220336806,-1.12607594519051,-1.61296880600929,-0.0533600791992216,0.677459572057561,0,0
0.371536310567646,0.151358739932343,-0.850980335811913,-0.327726263251365,0.776931501850882,-1.24047568082298,-0.360401495299692,0.929672072910356,0.702522160021861,-0.935370584375488,-1.58645969702652,1.17696501574301,0.793738603804009,-0.714742851813431,0.566228920308428,1.63758094500135,1,1
0.241944163105818,-0.787070150950747,-0.111317577885603,0.258597918380011,-1.53918725114188,-0.1996609248781,-1.23355766038269,0.178439621746515,-1.30845811184683,0.302389098372023,1.148028876978,-0.204314220336806,-1.51310386890971,1.47255797634318,0.916492626753998,1.04209856685348,0,0
-0.585158660400556,-0.440240141797948,0.475280880054196,1.43124628164276,-1.61322857091878,-0.510809893870382,1.67696288989398,-0.300133401909213,0.263545338440364,0.157860984995868,1.23081666488215,-1.24027364739667,-1.15051513525656,1.49181898685343,-0.0564175196980624,0.413560586813704,1,1
-0.493681850427501,1.39462110554964,0.227802857353239,0.844922100011387,-1.35509819339939,-0.0265133042447514,1.67696288989398,0.461578197161839,1.39940288450509,-0.661425499761027,0.997783085639556,-1.58559345641662,-1.08558971651482,-0.647649659817975,1.69776286548625,0.236220998062598,1,1
0.466824654289578,0.597561170944774,0.871693014365552,-0.914050444882741,1.59972942700763,1.26433611221323,0.221702614755643,1.22364459214261,1.02175237402856,0.938017814564799,1.20782096721196,1.17696501574301,-1.58086406091757,1.15650803087902,1.44735962349834,-0.0309979013698555,1,1
1.45782342899768,1.01866558431144,-0.735978519114327,-1.50037462651412,1.5151465763642,0.938865183917012,0.221702614755643,-0.116512502863017,-0.290121719939984,-1.4861718742484,0.869773212342036,1.52228482476296,0.859797783872267,-0.197950790020073,-1.51394057737799,-1.01001154212068,1,1
-0.383147371710059,-0.141115048484324,0.254549764383199,-1.50037462651412,-1.05075680739822,-1.44485379983313,0.221702614755643,1.26268243468162,1.55439329723456,-1.17162226245516,1.52192999943482,0.486325397703102,1.6781509937205,0.532402389625335,-0.79844834662076,-0.518309133513682,1,1
1.48831569898869,0.471443546202609,-1.40154375694193,0.844922100011387,-1.16156213421021,1.33317413237491,0.221702614755643,-1.40799130434599,-0.803222734328297,-0.130700481482782,0.259969128254982,-0.894953838376714,0.975593944044552,-0.567085851313694,-0.680267550780391,-0.317611137502586,1,1
1.25581214030718,-0.858354338429409,-0.270911883614406,-0.327726263251365,-0.890649668698347,-0.108836402081004,1.38591083486631,0.52931641720402,-0.437360044579123,1.33003576615743,0.281812938723117,0.141005588683148,1.26082155815309,0.0568220844009518,-1.08302140857685,1.53239233660935,1,1
1.61409631270165,0.733366645884663,0.897828864437837,-0.327726263251365,0.0540821979044322,0.828617434407899,1.09485877983864,-0.578798082006593,0.849156166418545,0.230534154771232,1.25081909884829,1.52228482476296,-1.70342602357098,-0.706848088928995,-0.640519887537626,-0.251648747258687,1,1
-0.840531421575335,-0.234248388413415,0.700685846147168,-0.327726263251365,0.240126674505826,-1.25174464488626,0.803806724810977,-0.393357529138906,-0.925730287440955,1.15752780739493,-0.533279029117049,-0.54963402935676,-1.31543382424438,-1.50650993897943,-0.249715025196285,0.300447567145608,1,1
-0.684258537871366,-0.18220692682349,1.733088652021,1.43124628164276,-0.955718800651652,0.576617836698881,0.367228642269476,0.245053686477253,0.0443600633606967,0.0305193459929191,-1.57940182393191,1.17696501574301,0.214687576566138,-1.23751988240596,-1.54289104520669,1.45626939294655,1,1
1.44257729400217,0.537870494796408,-0.742493705389244,-0.327726263251365,0.882235374593079,-0.920006026608234,1.53143686238014,-0.0705173973507227,0.777293205585033,0.960912992838286,0.866195750591779,-1.24027364739667,1.6674555185882,-0.717519701865185,-1.28046113205347,0.0675056111182709,1,1
1.32823128153585,1.53717109710359,0.0226624336523092,-0.327726263251365,-0.65355599936017,-0.223862670947147,0.94933275232481,-0.410454930724783,0.485989809314406,-0.635523620459408,-0.864682384544528,-0.54963402935676,0.567406330941368,1.63879261246274,-1.3880475640158,-0.850239896559693,1,1
-0.604216329144943,-1.50042780728665,-0.563136257735898,1.43124628164276,1.45079689944351,-1.67612640498216,0.076176587241809,-0.664898877241564,-1.19200859081208,1.06401641889737,-0.0970516809252372,-1.58559345641662,-0.426577711699052,1.60242390320274,-1.56102414213776,-0.404883545460326,1,1
1.04998931786781,1.14875446534914,-0.177350223862234,1.43124628164276,0.539054632229034,-1.21187746679606,-0.0693494402720245,0.408880521563522,0.436853534697315,-0.371955251451996,-0.914132132797773,0.486325397703102,-1.21734748374092,1.12809240252502,-0.0533622162590545,-0.42367630868577,1,1
-1.08446958150348,-0.70513092933044,1.26873746043971,0.844922100011387,-0.217974370152184,-1.41697775868176,0.94933275232481,0.018376038827878,0.241270087861166,0.173824139797197,1.13612161838303,-0.54963402935676,-1.19415587534709,-0.917442630596375,-0.565041255016629,0.74226627769245,1,1
-1.69431498132385,-0.177422333465318,0.668760272513265,0.258597918380011,0.996591808077635,-0.908229393812827,0.94933275232481,-0.612989969567024,0.190216594619444,-1.15619537644603,1.59465252849408,-0.204314220336806,-0.466061127799792,-0.198786600604498,1.51932797917081,-0.696681270291978,1,1
1.53024257022634,-1.64701209681455,1.35727492717685,1.43124628164276,1.09278753938581,-1.38963021154431,1.09485877983864,-1.0229354127239,1.1113076957001,1.42970075314197,-1.56213467582418,-1.58559345641662,0.751573154754966,-0.205039478852382,-1.36547782745369,0.795792413646998,1,1
-0.26880135924374,-0.674963101264646,-1.0008359617424,-0.914050444882741,-0.719071395481645,0.649625855349967,-1.52460971541036,0.949777786778068,-1.09404097989076,0.669184190099186,-0.938834403472151,-1.24027364739667,-1.6138988902055,-0.386544226429342,1.48672089369266,1.3422051975783,0,0
-1.41607301765581,0.0270349896720229,1.32573733480516,-0.327726263251365,-0.549944443698095,-1.63417265446339,1.24038480735248,1.03722980966131,0.855515876163756,1.21583396904932,-1.09194179592449,-0.54963402935676,1.23149773979942,-1.56230583251759,-1.42165368572989,-0.559343305826814,1,1
-0.150643813028544,-1.52769585589746,-1.50011519471017,0.258597918380011,1.49828506508015,0.3940882368902,-1.37908368789653,-0.992359234989652,0.88766115977628,-1.04512097089336,0.598309382766566,-1.24027364739667,1.54148916067251,0.120594214700804,0.423763694088872,-1.24936928830223,1,1
0.474447721787333,-0.0131361622356415,1.37866366410326,-1.50037462651412,-1.15102040400276,-1.24944110664347,-0.360401495299692,-0.826574138905867,0.756193637696636,-1.53197400780798,-0.256267727203772,-1.58559345641662,1.35857893654135,-1.4663055899074,-0.863236433043181,0.480451422243597,1,1
-1.21025019521643,1.50523760977086,-0.564722274283567,0.844922100011387,-1.57214859300166,1.52215762050038,-1.08803163286886,-0.904532533098482,0.0120563693088222,-0.595889148614952,-0.159868524996709,1.52228482476296,1.44255240225471,1.03960889014704,1.14294407378495,-0.474155812380402,0,0
0.57735913300702,-1.35630259444325,-0.615036643296904,0.258597918380011,-0.157156442923184,1.48058164243611,-0.0693494402720245,1.33115802033024,-0.367193424511373,0.0274479926336958,-1.20546494954525,-1.58559345641662,-1.67105948632921,0.659440858836956,-1.50851031753246,0.120993061830417,1,1
1.14146612784086,0.938757631355116,0.0709384468957997,1.43124628164276,1.03540279947017,-0.957294413036766,-0.796979577841192,0.94860763134758,-0.37015238701442,1.01965657704342,-0.304998986251408,0.141005588683148,1.66718994105783,-0.504212993328183,1.57843479459066,0.465364980797027,1,1
-1.55328823261539,-0.296688610998765,1.55958971047812,-0.327726263251365,0.933919651439566,0.382652528415439,-0.505927522813525,-1.47458403810303,0.794531826129228,-0.385707498603933,-0.694696316275394,-1.24027364739667,-0.453561027921244,0.507627481734169,-1.55776664931519,-0.312974329812151,1,1
-1.37414614641816,0.558247314571817,-1.54172818822858,-0.327726263251365,1.44186288276455,-1.63773712120504,-1.52460971541036,1.15136870932792,-0.0156640762758466,-0.829457859089476,0.381585030006823,-0.894953838376714,1.2908209864669,-0.915617755027627,-0.886160972876874,1.46407232611993,1,1
-0.181136083019562,-0.81707761140329,-0.484290965536343,-0.327726263251365,0.114726789759258,1.47608367595258,-0.360401495299692,-1.6052480638979,-0.563310001134024,-0.473164486268719,-0.995218128272874,-0.204314220336806,-1.07632058148661,-0.80490258707191,-0.113339885267442,-0.340915732733486,0,0
-0.585158660400556,-1.16790864217837,1.26742407210904,0.258597918380011,-1.37319923717135,0.0676333376417256,-0.942505605355026,-0.855841359674249,0.422461589876427,0.676645402924394,0.394237855475588,-0.894953838376714,-0.175497719275728,-0.636891852785586,0.89784162401047,-0.657996468669173,0,0
1.48831569898869,-1.16452949936003,-0.332079890048561,-0.327726263251365,0.30534244387762,-1.58530684770278,-0.0693494402720245,1.4503909701316,1.14896176744298,-0.599331560781143,-0.434271340389958,0.141005588683148,-1.57108016199032,1.02274342315801,1.57360036127271,1.32994176961686,1,1
-0.588970194149433,-1.47784242435221,-1.01595933306338,1.43124628164276,0.957030255220152,-0.554202895848398,-0.942505605355026,1.26105414691589,-1.51435732279486,1.63368449663451,-0.544186383557912,0.486325397703102,-1.58526066847149,-0.992419014866928,-0.238553248890475,-1.24606709808868,1,1
0.63453213924018,-1.07682868287308,-0.232258994794792,0.258597918380011,-1.39634090669936,-1.46945350803146,-1.37908368789653,0.973908385169829,1.61302582931786,-1.15932950461596,-0.686559084017151,1.52228482476296,1.54747112758066,0.217701731493033,0.902179840023534,-1.28763668431675,1,1
0.291494101841223,0.589747863750842,-0.368556140619511,-0.327726263251365,-1.12382579919793,-0.380405726244872,-0.360401495299692,-0.148003241569149,-1.39366454760271,0.848524270724445,0.600511069042452,0.141005588683148,1.08730961700252,-1.02755934821058,0.797735038344148,1.50189828693513,0,0
1.3358543490336,1.34706741273737,1.47180620568307,-1.50037462651412,-1.67472401633684,0.57388506698574,-0.505927522813525,-0.619554135879468,0.0318716985230654,0.279171539048926,0.211132721510675,-1.24027364739667,0.113427738973539,-0.736894114530238,0.257301983684789,-0.996271715453554,1,1
0.920397170405977,1.11178001303479,0.938721616350359,-1.50037462651412,0.322393617999564,-0.115304101944983,1.09485877983864,1.32068351967972,0.198337781972445,-0.957485501330964,1.22220258823666,1.17696501574301,0.0982778648415259,-0.90721682708713,0.672171475209375,-1.20435009060857,1,1
0.714574347966603,0.662581781646474,0.046719227489874,-0.914050444882741,1.32919994230389,-0.412179362584915,-1.08803163286886,0.543136902931405,-1.25093870015857,0.850321639381249,-0.91004197049416,-1.24027364739667,0.872777192154285,0.500300864252076,-1.58960678530072,0.125056716446201,1,1
-0.104905408042016,-1.33875606820257,1.72519677918299,-0.327726263251365,0.58694396980087,-1.32369041960387,-1.37908368789653,-0.709287194077605,1.41883871465433,-0.212699594934888,-1.61422016706722,0.141005588683148,-0.539192026463427,0.093791281214656,-0.19166195210957,-1.55377339552297,1,1
1.58360404271063,-0.716259476965132,-0.0916491872280904,-0.327726263251365,1.65659786679293,-0.890331404115372,-1.08803163286886,-0.12843691368723,-0.106431706075527,0.602984121606487,-1.11828817317794,1.17696501574301,0.918265123353691,0.762522336392528,1.00109211751529,0.416721478803079,1,1
-1.62570737384406,-0.644454590789694,-1.50541000572566,0.258597918380011,-1.50040966989643,-1.38919886558044,-0.651453550327359,1.32052551313251,-1.23407687446891,0.533032465847739,-0.554454925991527,1.17696501574301,-0.0420214485814021,-0.960619899751638,-0.0785691607875377,-0.157638821291284,1,1
0.47825925553621,-0.852875363669952,-0.796735161013592,0.258597918380011,1.38507993518117,1.04786572556558,-0.651453550327359,1.39657607375143,0.718302726162575,-1.38277316862379,-1.12656568145357,-1.24027364739667,0.488340489948563,-1.68511468840569,1.30473045475229,0.486837061347138,1,1
-1.16832332397878,0.0701275316015193,-0.193093307694648,-0.327726263251365,1.07957444350904,-1.26828011639776,0.221702614755643,0.550854474349877,0.552741123302467,1.15029048727316,-1.46257505070774,1.17696501574301,1.62222849582602,0.622329964429269,1.16661402926477,-0.738563784558507,1,1
0.821297292935167,0.141684214436715,-1.1627200449845,-0.914050444882741,-0.637450388798319,0.317026342575316,1.67696288989398,0.804597848245636,1.58118497256871,0.599777175351307,-0.198043370611392,0.831645206723056,-0.0895147340143881,-1.32180880508106,1.26988304414186,1.39799492378417,1,1
-1.16070025648103,-0.48050682087201,1.58346826289579,-0.327726263251365,1.62735182942896,-0.553374570443872,1.38591083486631,-1.59677533283325,-0.209291992393668,0.944001617833368,0.611345678433882,0.486325397703102,-0.27303514227501,-0.870015348970671,-1.27111940338551,-0.784476358282393,1,1
-0.855777556570844,-0.491291142363746,0.955791103044267,1.43124628164276,-0.727810155947173,-0.955656914845336,0.658280697297143,0.36137390985909,-0.805902212268787,-0.211915980566707,0.872190706483681,0.831645206723056,1.41730971996794,-0.665925152383948,-0.875671100281462,0.477049397858169,1,1
0.203828825617045,1.16203059029188,-0.77585078000696,0.258597918380011,1.3380296488374,0.468947900312433,-0.214875467785858,0.653699167276383,-1.51955939784089,-1.08958066839961,-0.360942060453291,1.52228482476296,1.40631921909223,0.850175081362311,-1.61894867690964,1.53418940451517,1,1
1.41589655776003,1.02530239760721,0.344340612377521,-0.327726263251365,1.30863723246677,-0.159705980293682,0.51275466978331,-1.6623146075091,0.792171803861014,-0.63407836606419,-0.0837405804150419,0.831645206723056,1.71792127299114,0.434610623824052,1.68338205217958,-0.336809118038374,1,1
0.63453213924018,-0.651457828347925,0.798105318312813,0.258597918380011,0.88579025874847,-0.355595893659114,-0.942505605355026,1.19014022081775,0.394327706887675,1.36383774193773,0.885819641744996,-1.58559345641662,0.186394003263855,-1.08324395496991,-0.903397084363643,-1.15969932509187,1,1
-1.316973140185,1.45884457069894,1.56163457051666,-0.327726263251365,0.218710845691117,0.308339449348186,-0.214875467785858,1.48258312237292,1.61465327213524,1.49077708626337,-0.521773011754655,1.17696501574301,-0.530199091285092,0.338361843924234,-0.449708668588159,-1.479542907451,1,1
-1.56472283386202,1.5947503049343,1.35447601570056,0.844922100011387,-1.30470715673687,-0.0416510524172778,-0.360401495299692,-0.908711965463922,0.720200448889039,-0.0934815788136383,0.988203603980902,0.141005588683148,-0.890475269227761,0.717322285807317,-0.769016726922375,1.59581142833481,0,0
-0.958688967790531,-0.585478000376917,0.0817182749250461,0.258597918380011,0.110505120876936,-0.688624688473902,1.53143686238014,1.19684959448404,1.47917180360379,-0.729303429822243,1.62639654732864,-1.58559345641662,-1.6060009318246,-0.379931649399876,-1.58362387968028,0.910650956379974,1,1
0.748878151706498,-0.489077073652712,0.982895575543383,-0.914050444882741,-0.491264666394563,0.191919676336472,-0.505927522813525,0.572366956721704,1.6797952006121,0.769389862837644,1.32271053727709,-1.58559345641662,0.796380464259132,-0.871226227621056,-0.816370417671981,1.44433256745932,0,0
0.493505390531719,0.0374922951252871,0.244797315869575,0.844922100011387,1.004510144,0.57241127833827,1.67696288989398,0.278570575288467,-0.254230609659632,0.893316343779316,-0.16918692115891,0.486325397703102,-0.914455958773721,0.61708242549888,-1.38129261273177,0.687662475023547,1,1
-0.223062954257213,1.55402652835848,0.212006599649788,1.43124628164276,0.887410283149098,-1.64225793299731,1.67696288989398,1.18760113618752,-1.20943739306102,1.06514163207394,0.270894865571207,1.52228482476296,0.379858503511527,0.383054044122306,-0.355510989299956,-0.537427231660529,1,1
-1.0311081090192,1.32836287563446,-1.30915563181865,-0.327726263251365,1.41122699618034,-0.129148007681445,0.367228642269476,-0.743573935187715,-1.05298460062586,-1.6590910740463,0.7493665818677,-1.24027364739667,1.45491911615151,-1.44877649451303,1.62803180656215,-1.29173542231772,1,1
0.398217046809787,-1.36614123503179,-1.26957523293856,1.43124628164276,-1.6660002203309,-1.53548708760264,-0.796979577841192,1.00654403865178,-0.632197190561313,-1.73324137858308,-0.533681300621269,0.141005588683148,1.57153373286007,0.5747969838512,0.697611649167466,1.47992770747454,1,1
-0.0058055305712066,-0.3556813715292,0.131529862504054,0.258597918380011,1.06251823520509,-1.09199839099202,0.803806724810977,-0.643431920460247,0.0221101638884927,-0.526613583767173,1.03878059657747,-0.204314220336806,-1.70896701232295,-0.0375386445909405,0.727539061051747,-0.0315211419312581,1,1
0.192394224370413,0.203731256226628,-0.773855923431685,0.844922100011387,1.50689686580853,0.196906589474198,-1.67013574292419,0.994768059925928,-1.3051689413201,-1.23741319936999,-0.227475121603324,-0.204314220336806,-0.624494965294322,0.872745168243715,-0.151479355425214,-0.35159158702628,1,0
-1.65619964383508,0.0287804675612622,-1.63461906043938,1.43124628164276,0.994490978228339,1.2500720838412,0.367228642269476,-0.170495087029121,-0.689403763705445,1.02872820900299,1.20514725387031,1.52228482476296,1.18016575009721,-1.06106829194778,1.0892393499172,0.271578013120685,1,1
0.661212875482321,-1.04821610529918,0.802933333089466,-0.914050444882741,-1.26969618744067,1.30732212315895,-1.52460971541036,-1.32781204830047,-0.668536956427283,0.0835678233379801,-0.86417662640101,0.141005588683148,0.1363861684984,-0.829076988814636,1.42522276331894,-1.34830809209664,0,0
0.836543427930676,1.26741178677525,-1.59485112363223,0.258597918380011,-1.437732164765,-1.4932449865925,1.38591083486631,-0.411354082429394,-1.71156622656159,1.09946213526234,-1.7146673049115,0.831645206723056,1.07656468445844,0.150789210018709,1.60975988056892,-0.651707497980475,1,1
-0.611839396642697,0.634048728472783,0.359874166540599,0.844922100011387,-1.6453369867727,-0.290273973075876,-1.52460971541036,-0.924102655107956,-0.509271018732763,-1.15261258587285,0.456715372324632,-0.204314220336806,1.2354715478043,-0.0608564098116551,-1.37853990714333,0.478119925025937,0,0
0.108540481895112,1.19460060390129,0.165082321153241,1.43124628164276,0.442945275613385,0.274418493511779,-0.360401495299692,-1.38466815009654,-1.32669453168815,0.411354290646098,-0.175149890974213,0.831645206723056,-0.189023137136204,-0.388633467531212,1.32600021604184,-1.37043345323867,1,1
-0.83290835407758,1.2672289898093,1.65727384333054,0.844922100011387,0.446131206484342,-1.22752173819271,1.09485877983864,-1.3508760589945,-0.24983387931393,0.247943155585049,-1.54535937800737,-0.204314220336806,-0.479138215341868,0.84753281843404,-0.941697523731041,-1.24970734137244,1,1
-0.112528475539771,0.882743831232235,-0.0258806129680017,0.844922100011387,1.67333994324166,0.90293319575173,0.367228642269476,0.969186693382691,-1.05062879693658,-0.584882789054472,-0.0503027574819042,1.52228482476296,-0.144602149599365,0.224473708690157,-0.345173693595967,0.0405602251444433,1,1
-1.1149618514945,-0.193820395297025,-1.48678072859468,1.43124628164276,-0.349571608068712,0.829902929320001,-0.360401495299692,1.32017091508041,1.09780072164199,0.0288230231921362,-1.16530653291961,0.141005588683148,0.539943845631264,0.724621915014464,-0.524596817948152,0.428553951728115,0,0
0.382970911814278,0.402838852786958,0.208478022327622,-1.50037462651412,-0.576767686034909,1.37807288510218,0.94933275232481,1.47857923282093,-1.44904830901613,0.278698937131078,0.446443210659317,0.831645206723056,-0.450779174905221,-1.18982588264075,0.617470719725145,-1.07178337364689,1,1
-0.0324862668133477,-1.16486801602038,1.2136723000014,-0.327726263251365,0.42810401350896,-1.70498734637891,1.38591083486631,1.2250811707503,1.24735201365823,1.32222515204041,-0.199066994761637,-1.24027364739667,0.963768161345878,0.788949676480378,0.349995718829235,-1.60088100238596,1,1
-1.34365387642714,0.622572981695106,1.75464569697609,0.258597918380011,1.11921843446695,-0.98767818691926,0.076176587241809,1.14291038793365,0.268112983212212,-1.5738107741888,-1.15637753347094,0.486325397703102,1.41121774959386,-0.130301739040252,-1.34349814763532,1.57982302563435,1,1
-0.146832279279667,-1.09909316404532,-0.212985818324238,0.258597918380011,1.50109782502962,1.11569709047619,1.67696288989398,-1.49445873190539,-0.150481638428441,1.09260534983882,-0.314769501604251,-0.894953838376714,-0.745072623189964,-1.60049866195636,0.990566878787733,-1.62010370146007,1,1
-0.611839396642697,0.693280023670292,-0.595200390857119,0.258597918380011,1.0419787621126,0.576137301354736,-0.214875467785858,1.00400644800637,0.162390038181643,1.63712550763655,-0.941150867419229,1.17696501574301,1.62278412581086,-0.910618525775812,-0.198355276560834,-1.70755709226143,1,1
-0.745243077853403,-0.923772588027255,1.44137022844238,0.844922100011387,-0.251217920338562,1.34723329053416,1.38591083486631,0.980310165600902,-0.433920833819418,0.774474240613118,0.528039491283529,1.52228482476296,0.435646795020896,-1.62803406149524,-1.7137896292548,-0.60311171488115,1,1
-0.966312035288286,-1.31396341540758,-1.0434495007543,1.43124628164276,0.464137302884599,-1.53722225339578,-1.52460971541036,-1.2781227391571,-1.28733830770809,0.793826046994585,-0.722951803058329,0.486325397703102,1.32164763558787,-0.146295953601426,-0.285459078473695,-0.94991719703701,1,1
0.565924531760388,-1.14773784874369,0.429867861259354,-0.327726263251365,1.22464819310909,0.322506462850448,1.24038480735248,0.560231716651923,0.904674057327662,-1.01000318003821,1.11839052072909,-0.894953838376714,-1.36383136341296,-0.596520419553143,0.0673205429582701,0.257120712034468,1,1
1.46544649649543,-1.71638545501585,-0.298528238447387,-0.914050444882741,-0.0315834288351396,0.226322167901823,0.076176587241809,-0.165460901726363,1.4611420338884,0.0496337236268404,-1.70493364324383,0.831645206723056,-0.851943664976751,1.67727210726811,-1.4828738398987,1.35927663792231,1,1
0.276247966845713,0.779608558247441,-1.56499565654906,0.258597918380011,-0.972574790021085,-1.6113146420502,1.38591083486631,1.38465364906062,1.53723280631543,0.684747813512705,-0.344548964338364,1.52228482476296,-0.61081511218402,1.26846073232919,-1.19788576000973,-0.060779407698662,1,1
0.257190298101327,0.827182984842674,-0.501457629916245,1.43124628164276,-1.13390466017183,0.0350226039632919,1.38591083486631,0.675922805655355,0.577836207907129,0.324729450949889,0.4021680564089,-1.24027364739667,-0.673930799944374,1.12124431029455,1.72069924029387,0.943650483580271,1,1
0.706951280468848,0.0698757207149148,-0.786474409599028,-0.327726263251365,-1.71640349497264,0.365767068961793,1.24038480735248,1.56122228968461,-0.316335772976008,-0.429450429538691,-1.67541941020021,1.52228482476296,-1.12816643384996,0.0057623636812408,1.29673039629294,1.41090231947619,1,1
1.49593876648645,-1.16139469822223,0.675297249614432,-0.327726263251365,0.750374403318949,-1.07515850200129,-1.67013574292419,-1.36945785880242,-0.0827593752874133,1.49806991378554,-1.00009807047986,0.831645206723056,1.2870744351523,1.05737394107774,-1.2595802253992,-1.06354030814183,1,1
1.58360404271063,-1.43235408614354,1.58772431464227,-1.50037462651412,-1.33529982536081,-0.792516968541872,-1.08803163286886,-1.5922394270568,0.530628784037553,0.0180753338380967,-0.610150173778569,0.486325397703102,-0.272315496623579,-0.799336137994933,0.288968852349132,-0.0360180004962343,1,1
-1.26361166770072,-1.6567083313938,-0.776684411331904,1.43124628164276,-0.879299590927102,0.471976013933869,1.24038480735248,1.63947799223353,1.10109174503894,1.60142030032867,-1.67808852689938,-0.204314220336806,1.61633472350544,0.21037494731696,-0.407615666151235,0.492536640195608,1,1
1.35872355152687,-1.14612311055424,1.1107583576009,0.258597918380011,-0.693668738274507,-0.120778576287352,1.38591083486631,-1.45512166400783,-0.439216517141011,0.191344223239514,0.156166862392688,-0.54963402935676,0.299498953003521,-0.366112097654834,0.162277218746203,-0.573745862734562,1,1
-1.10733878399675,1.37898324619725,-1.51540613941168,0.844922100011387,0.208093846401637,1.22190571963383,-0.796979577841192,-0.395157044752839,1.42291686545052,0.9884458551948,0.450354732276198,1.52228482476296,-1.24424440354792,-1.12766166357865,-0.0913389746654085,0.828323782304859,1,1
1.39302735526676,-0.882197449092376,0.161356246994093,-0.327726263251365,-0.349866684208453,-0.554610225480669,0.076176587241809,0.518531233878485,-0.61194527558498,0.810066646052847,-0.959277072514704,1.52228482476296,0.16919627374323,-1.46698803636217,-1.55467730900322,0.709944406214563,1,1
-0.844342955324212,-0.489612043838019,-1.46264623494832,-0.327726263251365,0.600721603930773,-0.815496981688865,0.076176587241809,1.31552521087461,0.0975414630023392,0.528053892452129,0.144955481579504,-1.58559345641662,1.7218283282356,0.202019392655908,-0.628727547178255,-0.267078430670138,1,1
1.62934244769715,-1.35646882152991,1.53646743593559,-0.914050444882741,-1.52581324519618,1.65895219933321,1.09485877983864,-0.851069749656971,1.57602055521152,-1.7168241642276,1.73736072072863,-0.54963402935676,0.236023405439138,-1.38097555864812,-1.28662666409517,-1.41226566241711,1,1
-0.89008136031074,-0.948974140460936,0.954062741450665,-1.50037462651412,-1.29118452518006,1.40492830134182,1.53143686238014,-1.63224430845903,1.49647193837438,-1.49812943537861,1.34521266457745,0.141005588683148,-1.71777968847875,0.751193929184752,-0.0274790215282324,-1.67484281592027,1,1
0.939454839150363,0.0848194238362957,0.57755497454018,-0.327726263251365,-0.0020341303246507,-1.63433512605852,1.24038480735248,0.0727839216896728,0.663809391295976,0.252500538049856,-1.5494213841573,0.141005588683148,1.51210581820649,1.45049741250369,1.42187108667537,-0.44495349980264,1,1
-1.65619964383508,0.393108805659698,1.15393270276973,-0.327726263251365,-0.559390515075464,0.921180974158642,-0.942505605355026,-0.10101622603647,-0.610956057370717,1.39965294032418,-1.30750257998368,-1.24027364739667,-0.909536847613725,-1.15940479507862,1.72749165503474,-1.43249532897348,0,0
-1.1149618514945,-0.868910487282295,0.541328314585762,0.844922100011387,-0.700755530826427,-1.35408595298894,1.09485877983864,-0.669853077489353,-0.973362586762598,0.320772426785704,-0.0265693831342847,1.17696501574301,0.663886003074289,-0.0979582776054269,1.54983541392826,0.972262017970708,1,1
0.756501219204253,-1.52227697247626,1.65772435001037,0.844922100011387,-1.48668785663925,-1.63952911610881,-0.0693494402720245,1.29419694851354,-1.45036020813928,-0.947412159677121,-0.897492205058733,-1.58559345641662,0.0622819114139479,0.822584844053538,1.69341649388401,-0.565349490968817,1,1
-0.718562341611261,-0.361594030870765,0.772086288469754,-0.914050444882741,1.36006482631194,-0.791256213459151,-0.651453550327359,0.862674592637045,0.708144032109964,-0.654899978053039,-1.47145698804999,-0.54963402935676,-0.595502890422588,-0.730699891811,-1.66866692702433,0.575135041047735,1,1
-1.1149618514945,-0.907735451799313,1.50390763079637,1.43124628164276,0.659617396959437,-0.806242096691199,-0.505927522813525,1.23952634432592,0.0034100737170727,0.397243690805627,-0.864803609024363,-0.54963402935676,-0.743933846463482,1.44807792943947,0.80564932310736,-0.523915999437874,1,1
-1.534230563871,-0.958750536796558,0.0884552679218969,-0.914050444882741,-1.2991578455251,1.08858949253347,0.803806724810977,-1.17240962585027,0.239817940216454,0.306577199960981,-1.54062393206797,-1.24027364739667,1.49712184067691,1.3370675180236,-0.775868162030442,1.02146701800219,1,1
-0.478435715431992,1.61929344093058,-1.30108910814962,-0.914050444882741,-1.4934969187361,0.71425044463409,-0.214875467785858,0.665543577991186,-0.103254633838874,1.55219631992459,0.0975294524985007,0.831645206723056,1.43873355866462,-1.35995775602037,1.27740766117349,1.33935129108655,0,1
1.5035618339842,0.422875585742404,0.126820471152811,0.844922100011387,1.63197559905039,1.64773247575236,1.09485877983864,1.64475134895669,-0.0670079931094878,0.0705114640041076,-0.0410842307827783,-1.24027364739667,0.0555346249385808,-1.62238582197203,1.09765617448176,1.16438567707642,1,1
0.897527967912713,0.21594487923503,-1.26702178518854,1.43124628164276,0.623045710829953,0.717163993030043,-0.214875467785858,0.386706706474525,0.236335289232417,-0.534048593100542,-1.73232291673141,-1.24027364739667,-0.827677973743319,1.63949615585958,-0.253685488592409,-0.0492089872299823,1,1
-1.21787326271419,-0.275431929959032,0.350206785121532,0.844922100011387,-0.28288365054728,-0.293200884695526,1.67696288989398,-1.13931070112596,1.41426507795003,0.0563002400530821,-0.0681123334371375,-1.24027364739667,-1.36929214959983,1.57081370091969,-0.0818966657935027,-1.42602322755997,1,1
-0.146832279279667,-0.22957154006844,-0.0318549197437075,-1.50037462651412,0.693669056209476,0.673803838676041,1.67696288989398,1.71638005759426,-1.62474455746243,0.963615109494634,0.0622060342952001,-1.58559345641662,-1.18118137093959,-0.265176867233921,-0.803088876218295,-0.436835575486012,1,1
-1.35127694392489,0.160319139466287,0.454689561356896,0.258597918380011,0.88123571426405,1.70923016496625,0.367228642269476,0.0971586287401129,1.02747469548794,0.109685310780305,0.362408214379992,-0.204314220336806,0.0871563636296175,-1.54277349264745,-0.720938440594332,-0.255522382552897,1,1
0.67645901047783,0.701917104023354,-1.67279007978777,0.258597918380011,0.962411860882885,0.712440400613592,-0.505927522813525,1.17697752393338,-0.384442222100112,-0.634637441733208,1.63591530981505,-0.54963402935676,-0.656561311520018,0.410495987967537,1.67774779643828,1.586310088427,1,1
1.16433533033412,0.72182345016546,-1.03095139794127,-1.50037462651412,-0.0753222172468674,0.890010286860645,-1.37908368789653,-1.21552650357121,0.832706125596879,-0.590985879421694,1.67992484038214,-1.24027364739667,-1.57835095127431,-0.708117494857867,1.35790396897756,0.22931417451,1,1
-0.600404795396065,-1.12541775937876,-0.0011602985854107,0.258597918380011,-0.240194999940183,1.49874171516416,0.658280697297143,0.57438860738863,1.53193951931769,0.861429220732703,0.0871038736372597,-1.58559345641662,-0.145524351714637,1.50292662967916,-1.05676563435362,0.488329880966885,1,1
1.31298514654034,0.0182646242416486,1.59367425666207,1.43124628164276,-1.67906127078358,-1.34265959826195,0.658280697297143,1.4283131899104,-0.673711965588918,-1.53626702210068,1.19936377470798,-1.58559345641662,0.863879409337728,1.01466767183121,-0.766944183640645,0.973565323094225,1,1
1.37778122027125,-0.288724240805594,-0.375306315612259,0.844922100011387,1.46600054832857,0.693981801280185,-1.37908368789653,0.109955080615034,-1.41803891347084,-0.812797604977931,-1.45679076076505,-1.24027364739667,1.36856349627909,0.516073487172662,-1.34508099386901,0.238613304157062,1,1
-0.634708599135961,1.30819124896377,-0.233725256170216,0.258597918380011,0.355561885778099,1.19707290095414,0.94933275232481,-0.733010700613449,-0.927811896881657,-1.2355343515345,0.101870678846537,-1.58559345641662,0.305782725611032,-0.73872800211748,1.70441149008655,0.342709681325863,1,1
-1.4503768213957,0.475523868289096,0.774650055649467,1.43124628164276,-1.01906288284577,1.55391361126109,-0.505927522813525,-1.29152304701702,-0.962861148799241,1.5138975699888,0.61821792373715,1.17696501574301,0.784461030321348,0.693677972007012,1.42150084224951,-0.8712845176101,0,0
0.802239624190781,0.131063801959852,0.389452285378478,0.844922100011387,1.44211293562108,-1.00736802295429,0.658280697297143,-0.707777593233331,0.822146126076105,-1.45414233120146,0.219207258361784,-1.24027364739667,-0.461492207748983,-0.722696554440957,0.191231674894883,-1.51225418070935,1,1
-1.67144577883059,-1.32147373879964,-0.669433281871843,1.43124628164276,1.42606515198291,0.0019714280091387,1.53143686238014,-0.503617209222745,-1.51315723422942,0.866193575128029,-0.948097966169934,-0.894953838376714,-0.0030711108452651,-1.587221497938,0.679010059940572,0.765188941888761,1,1
-0.745243077853403,0.385744269721045,-0.280807688743692,-1.50037462651412,1.681139484088,0.610503650461007,0.803806724810977,0.726311198907104,-1.55067574640259,0.422478120879164,-1.53545195225022,1.17696501574301,0.806432925985386,0.0309142092927938,0.869741611010289,1.20278499468061,1,1
1.49593876648645,-1.31517317831339,-0.95155473755698,-0.914050444882741,1.28564855945819,-0.881619283748039,1.53143686238014,-1.11417306881117,0.656471996645686,0.430740021000977,-0.40308302901341,-0.204314220336806,0.799604774540758,-0.0369660050676878,-1.01539222487824,-0.298339856975099,1,1
1.61028477895277,-0.549038158323029,1.6475721823545,-1.50037462651412,1.71068331449513,0.334595731417167,0.367228642269476,-1.36536280568471,0.18635251010542,0.88442528634672,0.508977624474204,0.831645206723056,-0.251802476347857,0.905867259205558,1.51662261266191,0.172309791741484,1,1
0.382970911814278,-1.22589146660763,-1.25395687544896,0.258597918380011,-0.876389638997261,-0.846783488746776,-1.67013574292419,-0.392580876157529,-0.290852757385239,-0.376116357994275,1.71145059252688,0.486325397703102,0.161436005884441,1.25873331385517,0.103389464788177,-0.65830275404538,1,1
-1.20262712771868,0.686747257496441,-0.416194597420691,0.844922100011387,1.17638396103879,-0.585358813584866,-0.360401495299692,-0.144170831868155,0.250398075841039,-0.375229354820607,-0.92778433627479,0.141005588683148,1.48011059926723,-0.498261949385294,-1.40119288970752,-0.166955286056419,1,1
1.0004393791324,-1.00507262011952,-1.61794015156112,1.43124628164276,1.11035426619284,-0.213051953641819,-0.651453550327359,0.443761080601687,0.799474463326221,-0.764346211010375,1.45310067076637,-1.24027364739667,0.467807787128163,-0.171734693709629,-0.345812172460124,-0.99654220884832,1,1
-1.62570737384406,-0.358715821686575,-0.937384841558306,0.258597918380011,-0.923609858341046,0.089003924886804,-0.360401495299692,0.717915396016628,-1.37024447355619,0.308992983124285,-1.51586889749568,-0.54963402935676,0.50449397554439,-0.09980791102016,0.362890476579964,0.89753781039875,0,0
1.39302735526676,1.39576572685946,1.00310489073054,0.258597918380011,-1.37878879346431,-0.186015938331593,-1.52460971541036,1.34746591184354,0.174561586978525,1.46225136523882,1.49923038883671,1.17696501574301,0.997176576691126,-0.602210921348608,-0.499146940772568,-0.0236397210149117,1,1
-0.394581972956691,-1.01181358775395,-1.0089491016223,-0.914050444882741,1.64759900207155,-0.0350088534236106,0.94933275232481,-0.731994030237854,1.10570854957283,1.4420308392786,1.15456012090684,0.486325397703102,-1.32461512566126,0.838437264736785,0.700875358961135,0.166266922467016,1,1
-0.562289457907292,0.0450522515039518,-1.4296037929938,0.258597918380011,-0.700030046748481,-0.705491079297685,0.221702614755643,0.0981432102494554,-0.480902105940347,0.674399221241403,-1.68123109704015,-0.894953838376714,0.0893504060404407,0.0778858326775463,1.33433559759215,-1.5871189641274,1,1
-0.329785899225777,-0.263255553822863,-0.0597796363806708,-0.914050444882741,1.27477680623286,-1.18653902530469,-0.651453550327359,-0.464972248557819,0.894845641062702,1.38021872944642,-0.712320487633558,0.141005588683148,1.60350663156306,1.4246765074451,0.952698632669985,0.42491450648253,1,1
-0.204005285512826,-1.66020787317368,-1.67306011413901,0.844922100011387,-1.70276761919146,-1.57108861925304,0.94933275232481,-1.72797438729237,1.17784290036474,1.57934172435242,-1.57634628370394,0.831645206723056,-0.469851518279031,0.518537749321514,0.504972858920954,-1.01797160081468,1,1
-0.882458292812985,1.03736980144989,-1.41326984236399,0.844922100011387,-1.64472012964192,-1.05901529716025,-1.67013574292419,0.27419222199272,1.09373089524622,0.994424770657156,1.72470582920399,0.831645206723056,-0.701317937127096,-0.988276742728175,0.0528595798369882,-0.396672827457597,1,1
-1.17594639147654,-1.48287809673954,1.09742073987285,1.43124628164276,-0.116565696541956,0.270756666342824,0.51275466978331,1.09293323255018,0.507930390264681,-0.350605256252642,-0.259183808185117,0.831645206723056,0.361014528662774,-1.15011626185315,-0.839909741539959,-0.295880232299103,1,1
0.63453213924018,-0.0717820708428351,0.971853079376404,-0.914050444882741,-0.896903188203994,0.974193508337439,1.67696288989398,-1.60667634783345,0.737988610331418,-0.0887631475519691,0.559761278081538,0.831645206723056,-0.957315100234013,-0.436685795044165,-0.145346466860314,-0.172070346630917,1,1
-0.912950562804004,0.229177443689242,1.47084278497364,-1.50037462651412,0.652824887948178,-1.15111252903705,0.367228642269476,-1.72080382427058,0.979526182307516,1.46729314201383,-0.935972324235243,1.52228482476296,0.204021365607827,-0.524183365403703,-0.706564862875276,-0.932787127954827,1,1
0.661212875482321,0.465102940532912,1.26028109876319,0.844922100011387,0.225903728699507,-1.36021660751614,1.09485877983864,0.788187803173664,0.794190440062285,0.55995181354338,1.50883060193253,0.141005588683148,-1.18438753704577,-0.31725988379371,1.51439511952242,1.20768531626264,1,1
0.63453213924018,0.67476081063466,0.665170601292394,1.43124628164276,-1.4507630855107,0.847319364674718,1.67696288989398,0.635919535589767,-0.174386183537929,1.08329779043523,-0.796236183499711,1.52228482476296,0.28673873958044,-1.08556172835681,1.42185181393536,-0.243854801593148,1,1
1.44257729400217,-0.841329719749211,-1.52591960266902,-1.50037462651412,-1.15827817969674,-0.682856805512432,-1.08803163286886,-0.327069734709892,-1.17912638059166,-1.36377326169259,-0.845022391949398,-0.894953838376714,0.365076875400093,1.64555960574419,-1.1816335711324,0.389631718826402,1,1
0.889904900414959,-1.68857285755056,1.01136253122774,0.844922100011387,-0.383903065595486,1.54399398546349,-1.37908368789653,0.558831089525177,-0.661885540365221,-1.09361052025838,-0.654953596390038,1.17696501574301,-0.27304964306931,-1.21575843790912,1.12844385504527,0.395829923245363,0,0
0.0399328744153209,0.795989874119549,1.22900555955843,0.844922100011387,-1.079350906905,0.726828352807095,0.658280697297143,1.56953056765945,-1.01384789650902,-0.571927576888628,-0.138104380369624,-0.894953838376714,-0.39671502663434,0.526573382489663,0.713729419967594,0.371929080595665,1,1
-0.356466635467918,0.142042150003656,1.06774603756177,1.43124628164276,1.0045283991689,-0.608445798873961,-0.360401495299692,-0.874328149264992,-0.484284960961741,-1.11327086010261,-1.68966285015796,-0.54963402935676,-0.872896264410887,-1.67163938033606,1.65709027929537,0.208072534653609,1,1
-0.478435715431992,1.18836478750455,0.058401516996537,1.43124628164276,-0.287644328034173,-0.736657457082588,-1.08803163286886,-0.881034950237434,-0.045081112442846,1.3811887419378,0.334916930073762,1.52228482476296,-0.576465959254892,-0.317846871238817,-0.116382222533262,1.11320605421042,1,1
-1.20643866146756,1.13707148530927,-0.898753872689341,-0.327726263251365,-1.39598451233766,0.0700832278973678,-0.214875467785858,-1.08781006277036,1.56806967788017,-1.01376714526078,-1.64376481683107,-1.58559345641662,0.0042397102874007,-0.653905236619759,0.780453701351481,1.07880327889904,0,0
1.67126931893481,1.21346746993317,1.22837746934516,0.258597918380011,-0.05311134202752,-1.4615457915697,-0.942505605355026,0.774915346336251,1.5694987757636,0.16810240416843,0.129996712177891,-1.24027364739667,-0.865263448105932,-0.403552417862487,0.0726985706316721,-0.280655761601125,1,1
1.35491201777799,-0.0340342241996263,0.817950405193915,0.258597918380011,-1.40489444511509,-1.32879132654656,-1.23355766038269,-0.509488389570301,0.917410914958324,-1.47025884405762,-0.154195559170148,0.141005588683148,0.990982463882046,-0.0046832762744035,-1.4810521895311,0.47114149581994,1,1
1.48831569898869,-0.561498774367125,1.6987672669744,-1.50037462651412,-1.27401481451838,-1.12833799764192,-0.796979577841192,1.69183052975386,1.6405117789047,-1.22885123260552,-0.906767719140129,-1.58559345641662,0.735011313721022,0.3469102330694,-1.55947272237854,-1.36113041796318,1,1
-1.22930786396082,1.03319124387042,-1.16692279940349,0.258597918380011,-0.893828139794544,0.934944944599568,0.94933275232481,0.742570024241336,1.70190195153252,-0.907752436479623,-0.601944078752735,1.17696501574301,-0.790181371888684,0.288950427944084,-1.29843747418632,-1.40257546731706,1,1
-1.30935007268724,-0.151740898972788,-0.92389085167601,-1.50037462651412,1.23573844772065,0.036177758371766,-0.796979577841192,-0.460343861556125,1.31465191560974,1.64663140340582,0.711739081003921,0.831645206723056,-1.38631152846088,0.451183188086429,-0.695346413779144,-0.0648744472940529,1,0
0.588793734253652,-1.08450564044326,-0.972052787445168,0.844922100011387,1.45932043995403,-1.69781725782032,0.221702614755643,-1.21613411709797,-1.45255738645636,1.00122791231017,-1.72089000197911,-1.24027364739667,-1.72363901361897,1.18612329557219,-0.823801340941002,1.37988525469037,1,1
1.33204281528473,1.25402982836295,1.04502255904411,-0.327726263251365,1.12144810034128,0.586254397810568,0.658280697297143,0.31781303329309,-0.262428456976973,0.572270814297219,-0.647799503760205,-1.24027364739667,0.345444127741129,1.33105831648578,0.801768060130241,0.519795390493573,1,1
-0.272612892992618,1.35009453192633,-1.05850556657424,-0.327726263251365,-0.569310012109361,-0.274476870830644,1.53143686238014,-0.711384935793908,0.108738032784474,1.41521434571171,0.623100902013617,0.831645206723056,-0.991152477886602,0.817345903436326,0.75879518635512,0.585853826775468,1,1
-1.51898442887549,-0.0994505788556032,-1.47615808707846,0.844922100011387,-0.781026511439711,0.0258245967737803,0.658280697297143,1.40368968564566,-1.2994590983388,1.55395283336765,-1.22225843998476,0.831645206723056,-1.68062142522249,-1.44523612986091,1.64386596603918,-1.17260119348996,1,1
-1.60283817135079,-1.45970689939083,1.76059028461936,1.43124628164276,0.169536132475996,-0.99652576606463,0.076176587241809,-0.203920310898693,1.05149376383294,-0.191747458621554,0.204028573127843,-1.58559345641662,-0.478783276845114,1.58737082384198,-0.646151974895478,-0.156354394725,1,1
0.0475559419130755,-0.372761285594513,-1.6214890077237,-0.914050444882741,0.762793364120206,0.16684100054088,-1.67013574292419,-0.719190091302469,-1.21497212793563,-0.628952340025635,-1.16403761428237,-0.204314220336806,1.61240927037201,1.53961657738847,1.52973816190235,-0.336872174244522,1,1
-0.585158660400556,1.07490838045922,1.19334631101139,-0.914050444882741,1.69552841150063,1.63927012795653,-1.52460971541036,0.305782918347735,-0.409126302389003,-0.671928808823691,-1.21356322822297,-1.24027364739667,0.668789582962474,0.729543445523851,0.401706397340769,0.976916129106436,1,1
-0.581347126651679,1.41700569514558,-0.438666488794834,0.258597918380011,-1.26496843168456,-1.48118402705719,0.803806724810977,-1.25843358844227,-1.48893159007286,-1.64295754880276,0.944566578699123,-1.58559345641662,1.25087305753191,0.0618623087230607,-0.005512231655433,-1.24083386358998,1,1
1.05380085161668,-1.01475147409495,1.21547593399879,1.43124628164276,-1.54761554564839,-0.756038571424173,-1.23355766038269,0.21224824968802,0.0760196913960273,-0.795839129363659,-0.822967319519303,-0.894953838376714,-1.22223875974963,-0.855191256840627,0.592219475294795,0.138884960217993,1,1
1.25581214030718,-1.49009463291888,0.218663482576897,-1.50037462651412,0.668333640914088,-0.897020326912166,0.076176587241809,-1.53853462695334,0.32483009811977,-0.533940631263286,-0.441177406817883,-0.894953838376714,-1.47006495245028,0.882994826460858,0.713177722198516,1.41820527094189,1,1
-0.162078414275176,1.33195328897564,1.42392720702991,-0.327726263251365,1.14194979791425,-0.877892892173477,-1.67013574292419,0.369299905265661,0.799230435376482,-1.63889494306178,0.796867378787892,1.52228482476296,-1.68427271733125,1.30061719311337,-1.12584667586422,1.35326440701004,1,1
1.21769680281841,-0.367263117966531,1.50923694349978,0.258597918380011,1.19046567795015,-0.429460448758723,-1.23355766038269,0.103533104709417,-0.559780335379105,1.29831989683435,-1.12703884755562,1.17696501574301,1.59043238137838,0.569668896213305,0.882797632231292,1.21534034490698,1,1
1.38921582151788,0.163299927204425,-1.67608552232976,0.844922100011387,0.613739641371393,1.08442417998432,-1.52460971541036,0.0709798960900847,0.302472895782147,1.17763661141534,0.103906072124356,1.52228482476296,-0.683016192199913,0.445542999764429,0.790841499966291,-0.425580324718346,1,1
0.623097537993548,1.64785951572361,-1.44575878187434,1.43124628164276,1.56032773118501,1.41086430841954,-1.23355766038269,0.636974853010735,0.795694773144004,-0.893562128542015,1.45320465653925,-1.58559345641662,-0.13047962046933,-1.05320739285759,1.73441887277144,1.52046959254732,1,1
-0.16970148177293,-1.49151852671415,-0.838121289750141,-0.327726263251365,0.0384785465361806,-1.03752903538061,0.51275466978331,-1.5789058552009,0.891470264399609,1.02031305173164,0.181106469027059,-1.24027364739667,-0.355866046443239,-0.486823610905904,1.43791518930212,1.0536496767868,1,1
-0.394581972956691,0.534373071238435,0.617030499551897,-1.50037462651412,1.42222763373929,0.136410949440393,-1.23355766038269,-0.14043727854611,-0.689664858812115,0.998269261732592,-1.58372350454291,1.17696501574301,0.809312038264235,0.768836303524542,0.650487642236261,1.21122975524903,1,1
0.657401341733443,-1.46525888969438,1.37752761167908,-1.50037462651412,1.60772144377889,0.460095267744663,-0.505927522813525,-0.194795499265984,-1.49308109899652,-0.603517808079347,0.306468112461462,-0.204314220336806,-0.649156378725514,-1.65847750822532,0.746465114433184,1.49040169905879,1,1
-0.112528475539771,-0.415793736699659,-0.110181123827916,-0.914050444882741,1.19324367788332,0.063637341035203,0.658280697297143,-0.140260698823443,-1.59640055315953,0.653933561546807,-1.43935977393267,1.17696501574301,0.132944316600747,0.487445259794365,1.55583780909429,1.50637761399345,1,1
-1.01967350777257,1.0758726044618,0.400498546765678,0.258597918380011,-0.652850422199307,-0.238693053320717,1.24038480735248,1.66134075951283,0.912162472033869,-0.760345015008463,-0.768450594854211,0.141005588683148,1.72889402928545,0.918461427793602,1.62925875949699,-0.889375772888765,1,1
1.43114269275553,-0.213803630333282,-1.05297418042219,0.844922100011387,-1.0428975595351,-1.07280765231842,1.53143686238014,-1.25045287019987,-0.4018794130912,-1.52297216741629,1.21505005929009,1.52228482476296,-0.184037781435076,-0.566190142380479,1.14349683012214,-1.27567819384043,1,1
-1.70956111631936,1.74925465963521,1.08818517769799,-0.327726263251365,0.16597850941969,-0.0521533101105871,1.09485877983864,0.65867743833297,-1.26559649808863,-0.0138385890987185,-1.71574696098452,1.52228482476296,0.187811021044769,-1.4547719001224,0.937113507375748,0.660306075399334,1,1
1.4540118952488,0.223539420052996,1.65211054486456,-1.50037462651412,-0.160731058121864,-0.351911606708811,1.24038480735248,-0.340426403757494,-1.09200473053964,-0.244697782798685,-1.48528234084998,-0.894953838376714,0.0187452249545624,1.09872709503491,-1.33566519235208,0.221465049630983,1,1
0.447766985545192,-0.604911090630857,-0.774768047351564,-0.327726263251365,1.29836505841361,1.00674458088717,-1.52460971541036,0.0396681612000013,0.905603585362956,-1.28723020345065,-0.484530911933975,0.831645206723056,1.06157191688816,-1.22906961041309,1.15512698659913,-0.58906610281723,1,1
-0.299293629234759,-0.956809443491923,0.0109806025852532,0.844922100011387,-1.37331260180219,0.896635644741829,-1.37908368789653,0.907953710755605,0.331219824110044,-0.0633110404880843,1.73830080139352,1.17696501574301,-0.798735383562875,-0.442127308504591,-0.844302003334015,0.638218315140406,0,1
0.806051157939658,-0.502673766310333,-1.40858107365048,-0.327726263251365,-0.831546453504018,-1.27255626199563,1.53143686238014,-1.18776686394678,-0.0036217796219143,1.53022149431769,-0.734413031843255,-1.24027364739667,-1.13310256852992,0.714250016636077,0.231718369815661,-1.50149372191101,1,1
-0.0706016043021207,-0.426016830259224,0.234349366474071,0.258597918380011,0.865664314882608,-1.4292480546952,0.367228642269476,0.912080272640514,0.414005969783082,0.773147828772729,-1.20478158748662,1.17696501574301,0.891293812411261,1.09139470312993,-0.317092314267404,-1.55233013917332,1,1
-0.535608721665151,-1.48403504614412,0.0386191545765385,-0.914050444882741,-1.39064347651673,1.39465495881836,-0.796979577841192,-1.48928044694993,-1.2533810166311,0.799123650698873,0.165712776985871,-0.54963402935676,-0.282699970380677,1.24741894786661,-0.524146071789787,-0.496650738501554,0,0
-1.19119252647205,-0.436321480081315,-1.20601837745062,-0.327726263251365,-0.615042684973537,0.110772445224199,-1.23355766038269,-0.0587653952453577,-0.629906435190616,0.863995751967621,0.0602834308575389,0.831645206723056,1.44497721539712,0.10646765916753,-0.646639853259078,-1.04825362701199,0,0
-0.943442832795022,-0.106663431055392,-0.172268478468019,1.43124628164276,-0.386973744075093,1.22117283055997,-0.0693494402720245,0.837556800996201,-0.440946106855428,0.819133862182824,-0.183081540878088,-0.204314220336806,0.509990337957269,-0.0810033217873104,1.24210175222924,0.755461265367511,1,1
-0.0515439355577342,0.793531620039283,-0.547248670128258,-0.914050444882741,0.42181364060988,-1.53387524377208,-1.67013574292419,-1.06592084073352,-0.645513583854548,-1.69792849469394,1.55397529531164,0.141005588683148,0.233149508004159,1.19907926141321,0.943150581089697,1.54426138229453,1,1
-0.520362586669642,0.563665112600386,0.104776129157732,0.844922100011387,-1.17372181781838,0.0797894825776624,0.658280697297143,0.937472125993669,1.24307931749666,1.44448887272104,-0.775353503957522,-0.54963402935676,-1.47988456640129,0.218718618072146,0.0919776831560326,0.559766229006922,1,1
-1.26742320144959,0.744875334061635,0.326452558072885,-0.914050444882741,1.23943746282359,0.124271634739356,-1.23355766038269,-1.15507786166325,0.271185077040444,1.11609698996815,-0.729309430187377,-0.204314220336806,0.809155851710224,0.272244657503544,0.580575843184169,0.536242914307577,1,1
0.825108826684044,-1.69419724689741,-1.67817852713508,-0.327726263251365,-0.179530459484224,1.23116802688368,-1.23355766038269,1.03558041501051,0.779121007135997,-0.81340841333449,-1.26425560924884,-1.58559345641662,0.655254039234583,-0.225006428089581,1.68936594067192,-1.6919384741775,0,0
1.34728895028023,-0.96532014722217,0.935497052863765,-0.327726263251365,1.43324415097184,-1.39792685405316,1.38591083486631,-0.108555211583018,-0.912674630942629,0.152681147153443,0.682480969797469,-0.894953838376714,0.495813405658048,-0.435209157824312,-0.344244409638426,0.046366617091995,1,1
0.47825925553621,0.580919669633983,0.768808711659109,1.43124628164276,-0.109700009197639,-0.905812879532796,1.53143686238014,0.638616548165634,-0.818684508399915,0.368924290956671,-0.631295686686703,-0.54963402935676,-0.795024562115914,-0.0649555774357799,0.18777629310933,1.09421555642517,1,1
-0.783358415342176,-0.0378832809204853,-0.435472657323674,-1.50037462651412,-0.772116125036051,-0.333570502852524,-0.505927522813525,1.4449009534496,-0.951723146888053,-1.30879076190033,1.05102021481329,-1.58559345641662,1.55948324117329,-0.462589668044796,0.126881932004886,0.533960374955232,0,0
0.333420973078873,-1.70481925342009,-1.5238249459929,1.43124628164276,-1.22972933994279,1.2488750430145,1.24038480735248,-0.318169538966282,0.637140185812218,-0.885009788580097,1.64171029566636,-0.894953838376714,-0.60860899359261,-0.535800618857063,1.5211473222732,-0.93159775100632,1,1
0.581170666755897,1.07824096804388,0.914402314513333,-0.327726263251365,-1.70408008680606,1.50052742317949,-0.360401495299692,-0.925958442133189,-0.526881301201624,-1.68629710927875,-1.60175873279888,-0.54963402935676,-1.19625339591813,1.69863209845321,-0.503514835402659,1.20206500352061,0,0
-1.42750761890244,0.967901211291208,1.60990000432651,-0.914050444882741,0.111143218358339,1.68602785004751,0.94933275232481,1.2708666757633,-0.334411577164747,1.23353597588993,1.71637418599823,1.17696501574301,1.69982431402176,-0.561003734741695,1.695348361596,1.60048212173614,1,1
1.35872355152687,0.186486369517593,-0.87357347159965,1.43124628164276,-1.34883642897086,1.57050242648972,0.94933275232481,-1.17307577229768,0.709748554213799,-1.68055041121409,-0.866377219785435,-0.894953838376714,0.864077066445213,-0.835375813507874,-0.665875852763211,-0.755559224378101,1,1
-0.242120623001599,-1.49187164846956,-0.583996052902018,1.43124628164276,-0.371266557852506,-1.71375311872772,0.367228642269476,0.454467979470026,1.6118641524154,-0.660187982372447,-0.286211698711333,-0.894953838376714,-0.285583332101651,-0.500133029415942,-1.34418355353986,-1.00271393146537,1,1
-0.912950562804004,0.945981226922449,-1.0692532929591,-1.50037462651412,0.3073444566696,-1.56985394080074,1.38591083486631,1.46515375891392,-1.16966700642618,-1.49529072969475,0.963659815516988,-0.54963402935676,1.52194425735091,0.313937152294497,-1.05848201859477,-0.550907926151926,1,1
0.0971058806484804,0.30939530883235,0.296171809934909,-0.327726263251365,-0.769898203774488,-1.22567189651971,0.658280697297143,0.60314064826862,-1.51034766834873,0.94684682198002,0.57079667605032,1.17696501574301,-1.40822465442922,1.41448491591907,-0.244862331765276,-1.49750132878347,1,1
-0.120151543037526,0.999766482988539,-1.16987926188615,-0.327726263251365,-1.11500791199805,-0.532283423909354,-0.796979577841192,-1.05508012994534,-1.05643555356737,1.44550245084331,0.966083721647059,1.17696501574301,-1.42021227026608,0.991304298376795,0.529563319005991,1.28785739868543,1,1
-0.390770439207814,0.894553097638537,-0.470526486471154,0.844922100011387,0.944409212339228,1.12510734578061,-1.37908368789653,-1.20540325472575,0.798488056231953,0.187662531257859,-0.124674215590096,-1.58559345641662,0.642804460162517,1.17819578538603,0.0690307514749992,1.47990234267818,1,1
0.302928703087855,1.07304325607739,0.713231872951644,-1.50037462651412,1.53550938792854,1.34126028580795,-1.08803163286886,-0.858938982223739,-1.05718643511512,-1.28231958868515,1.44707964479704,0.831645206723056,-1.10697092590086,1.23582500557308,-0.417888193990908,0.462399776956743,1,1
0.726008949213235,0.0805830815928653,0.23775083689142,0.844922100011387,-1.37190845852033,-1.09052037626265,0.51275466978331,-0.377106645279526,0.281251937071606,0.171496115231127,1.00628800295876,1.52228482476296,1.4568168945715,1.44726638221283,0.225652003620512,0.912828049126531,1,1
1.62553091394828,-1.23465819665762,-0.365395242115401,0.844922100011387,-1.18245530140106,0.40071582668998,1.53143686238014,-1.18158869754317,0.301734645003025,0.908418144704751,-0.673728319207563,-1.58559345641662,1.19050579231863,-0.908626189396179,1.18451971901981,0.583909049319863,1,1
1.19482760032514,0.613908990934824,-0.248043569272909,0.844922100011387,1.58092836009911,1.426379593031,-0.796979577841192,1.0306454363845,-0.714456299145851,0.728077712699639,1.5603585205022,-1.24027364739667,-0.661634784223796,-0.141169688577445,1.18495191440112,-0.417437056304957,1,1
-1.0311081090192,0.437408639414783,0.244679671862027,0.258597918380011,-1.58714752061636,-0.136520964449948,0.51275466978331,-0.496165886718916,-1.48957002920495,0.809010488132606,1.60430259065751,1.52228482476296,1.3586591338367,-0.39264682745612,0.794496928882887,0.458066134744207,1,1
-1.01967350777257,0.861491968707765,-1.68731619518848,0.844922100011387,1.64145618472912,-1.37748380446078,-0.505927522813525,1.50960747790297,-0.354617757843825,-0.79745151649676,-0.303884430797006,-0.204314220336806,-1.57550837643711,-0.404059862181551,1.57822797518108,1.16028131666879,1,1
0.81748575918629,-1.13173098933273,-1.43499964407044,1.43124628164276,-1.70099047201581,-0.156910653379819,-1.67013574292419,1.18540118288116,-1.08411787419809,-1.51095079954531,0.524068326373676,0.141005588683148,0.178676126147851,0.52531846900508,0.323250564831845,1.06948613130553,0,0
-1.6180843063463,-1.0443432284634,1.35316561360023,-0.914050444882741,1.28431600419494,-0.439491338640276,-1.37908368789653,1.41515234370846,-1.09205873600078,-1.24968356201386,1.0930570441004,-1.24027364739667,1.52071760437835,-0.335574663293675,-1.69495756295682,-1.4359717875749,1,1
-1.02729657527032,1.37743003855402,-1.43719086159209,1.43124628164276,-0.661209673968881,0.255991254071973,-0.651453550327359,-0.712806996739439,0.0691365813128198,1.55151411731384,1.10190662382894,1.52228482476296,1.24261556320865,0.401748062617996,-0.713574406278209,-0.124397155196686,0,0
0.992816311634646,0.888392074964666,0.747237257676852,1.43124628164276,1.50733247157966,-0.222905605420784,0.803806724810977,0.254447053055707,0.586111640176082,0.363742635837893,-1.70507225155313,-0.204314220336806,-0.489230155049896,-0.402676933447466,-0.584374227541447,-0.348798688753333,1,1
0.19620575811929,1.43948264036518,1.48785955301257,-0.327726263251365,-0.628162296727213,-1.67446212069095,1.67696288989398,-0.619431455024358,-1.46659868513819,0.761014437602134,0.443872649371184,-0.894953838376714,-1.08998096743453,-0.647221082525854,0.174699607238549,0.870456577244921,1,1
1.54930023897073,0.918819533599567,-0.767527410324578,0.258597918380011,0.530753770427485,1.69041413227379,1.67696288989398,-0.842856184241641,0.260539576197051,1.35548621724099,1.64849525586575,0.486325397703102,-0.994007585392569,-0.503043834614135,1.4134619924972,0.0088937739142613,1,1
-1.09971571649899,0.356204609339362,-0.420867359292316,0.844922100011387,-1.44201431174037,0.138444720029648,0.803806724810977,0.369986101025948,-0.880063919214169,1.19464722925666,-0.945909657955282,-1.58559345641662,0.0602969803216615,1.0459273224775,1.1821246968446,-0.512496041466301,1,1
-1.03873117651695,0.554622225315044,0.268334491952615,-0.327726263251365,-0.884484358055738,-0.102415692132049,1.67696288989398,1.10055139442245,0.586719249028054,-1.0085182515475,1.02609696635204,-0.204314220336806,0.345631742888857,0.349233740975325,-0.917134183413976,0.713501532669015,1,1
-0.627085531638206,1.37296703138605,1.35473171981532,-1.50037462651412,0.940828743832844,1.55473625431075,0.94933275232481,-1.40868591521389,1.05693786901366,-1.56540012621353,0.1126802264335,-0.894953838376714,-1.61044766348679,1.63103864331715,0.0779171343987491,-0.0866612445195905,1,1
-1.47324602388897,0.292307803627942,1.5638111273143,-1.50037462651412,0.0992173321194569,-1.19723579582697,-0.796979577841192,-0.77766481060665,1.04594050716511,1.44600753497612,-0.980428010207676,-1.24027364739667,-0.289868025947086,1.1452527718454,0.562103858124474,-0.832453160723683,1,1
0.809862691688535,0.478910154812412,0.861020537865671,-0.327726263251365,1.47085092372325,-1.08224060046051,1.09485877983864,-1.02233559766678,-0.455377640461448,1.64237648741113,-1.57606208157746,-0.894953838376714,1.1559179030074,-0.0469467342596073,1.69970245576793,1.34624160565209,1,1
0.825108826684044,-1.17840995022244,-1.40683175748333,-0.914050444882741,-0.244081457811141,1.04964356973104,-0.942505605355026,1.03250245388151,0.222584484095205,0.203390685295777,0.901375952761011,1.52228482476296,-0.183117250599645,-0.883518805757327,-1.61303988856709,-1.32600345705674,0,0
-1.11877338524338,-0.0729444955049266,0.616470396346115,-0.327726263251365,1.27106872363684,-0.835578288855982,-0.214875467785858,1.50020417028249,1.00020076277627,1.31845375698652,-0.648417351981889,-0.54963402935676,-1.13748195917948,0.599644426482372,-0.114404891026952,-1.65243369076983,1,1
1.64840011644154,0.771451039968423,-0.282588345474529,-0.327726263251365,-0.174675771603622,1.0193673440773,-1.08803163286886,-1.45598573704516,-1.51675612130331,-0.961929498005831,-0.441817280896817,-1.24027364739667,1.58765067055645,0.78089938291948,1.70177112835262,-1.21990971716389,1,1
0.0742366781552166,-0.779794798447056,-0.0728119906245499,0.258597918380011,1.64700733361817,-0.798705105321744,-0.0693494402720245,-0.419343368358793,0.354306434369518,-1.38140035480482,-0.0586250287485954,-1.24027364739667,-0.80069200224821,-0.121201095585343,1.66399866802343,-1.15207922136284,1,1
-1.52660749637325,-1.01899498169454,-1.53698013215651,-1.50037462651412,1.58031593978006,-1.61988241160476,-1.67013574292419,1.43486460917121,1.14728143773939,-0.0311377020155271,0.0181351984191721,-0.894953838376714,1.04506926032477,-0.926323469779885,-0.57569987902412,0.134935877740301,1,1
1.52261950272859,-0.630455618069066,-1.04407465458423,-1.50037462651412,-0.586281855381768,0.0470558841811197,0.94933275232481,-0.539108218813543,-0.446806830457317,1.05026680211207,-1.03384542135301,-1.24027364739667,-1.05209222095057,0.19865094276396,-1.72142912407194,0.433395314771949,1,1
-1.39320381516254,-0.88232355933716,1.03798514785112,0.844922100011387,1.32641491939241,-1.05657700537682,-0.214875467785858,0.735685646264721,-0.161583227172915,0.50662438575567,0.589357261187275,0.141005588683148,-0.256497187080347,-0.844155525097347,0.311228619275036,-0.172487883242404,1,1
-0.337408966723532,-0.974913303786688,-0.13096213889674,1.43124628164276,1.19480299238462,0.876797274309348,0.367228642269476,-1.38420109324247,0.674053877680697,0.446423697844171,0.665887318090592,-1.24027364739667,-0.0232425418664958,1.51418382815422,1.28198376495039,-1.01276222317174,1,1
0.912774102908222,-0.243826669223118,-0.659930083533725,-0.327726263251365,-0.993207686982399,0.474912413628263,0.51275466978331,-0.193587055081068,-1.49246023793201,-1.70641161680577,-1.25711231209496,-1.58559345641662,0.0121802020534193,0.444895527623765,-0.597973878499277,-1.26019826330629,1,1
-1.1492656552344,1.43812459610048,-0.373882156123265,-0.327726263251365,0.427641883053708,1.44788073150634,-1.37908368789653,0.0104822502759432,-0.401202704753112,-0.664365923005878,0.108003841580801,0.831645206723056,0.06711597804631,-0.713201267554579,1.51524939787416,-0.0228140856196745,1,1
0.687893611724462,0.0424564182938838,1.25987846774571,-0.914050444882741,-1.46726419786146,0.963419686367848,-0.214875467785858,0.891570082509687,-0.710034036403457,1.49590748484082,0.374834506721584,1.52228482476296,-0.944037354748897,-0.975098972404846,-0.568854394250552,0.229265300842819,0,0
-0.4098281079522,-1.06891085740855,0.893793559526373,-1.50037462651412,1.15735663253596,-1.11139366937479,-0.214875467785858,-0.732440578113244,-1.66723406047718,-1.30070363056102,-1.10351175783586,-0.54963402935676,0.0651793654418961,0.746795255118844,0.392528073102965,-0.669728673977408,1,1
0.100917414397358,-1.4552775014905,-0.761859744899931,-0.914050444882741,-1.11733840916375,1.02257538450725,-0.360401495299692,-0.817777371515943,-1.0525660115758,0.755687892649033,1.37157370900801,-1.24027364739667,-0.0534522629436869,0.716103143067206,0.78000921786281,-0.956837746381593,0,0
-1.47324602388897,0.700964106662262,-1.29956980308245,0.258597918380011,-1.47367990061682,0.476763967537009,-1.52460971541036,-0.683450639794896,-0.366009211768507,0.870109640149232,-0.0670307996992863,-0.54963402935676,-1.00032400467073,0.33576494464307,-0.524809640186059,-1.43756955933465,0,0
0.95851250789475,-0.390268391801626,-0.832426882907871,0.844922100011387,-0.342096796025683,0.570526913946924,1.09485877983864,0.191975581078598,-1.0475654885339,0.77814941498654,-1.35242567710316,-1.24027364739667,1.70325951278871,0.394773494883309,-0.501283745580077,-1.6243943513054,1,1
-0.341220500472409,1.13861273415082,1.49035436110895,-0.914050444882741,0.26492054073934,1.13318611735159,-1.08803163286886,1.30148860720449,0.343227275950908,1.66882964663593,-0.585769380235357,-0.204314220336806,1.27792612841881,0.358918994737963,-0.0932110411701102,-1.35113681966196,1,1
0.424897783051928,0.573350626926713,0.312331966940091,-1.50037462651412,1.21989942691831,0.242782155990554,1.53143686238014,1.14539503713414,-0.184783757620234,-0.345830162866315,-0.0875295024484872,0.486325397703102,1.3542776411025,-0.478894793166672,1.17210710165408,0.836323996875679,1,1
-0.46700111418536,1.04950013804729,0.145237467843055,0.258597918380011,1.62981137076804,-0.128693964886946,1.53143686238014,-1.53218122688762,-1.59000648837468,0.602272542894698,-1.7189796042185,0.141005588683148,0.653626228936593,1.5053030269919,-1.37209413284974,-0.532029776398517,1,1
1.21769680281841,-0.776300773780439,0.363752976234702,-0.327726263251365,-0.207183188433513,0.459206593367596,-0.651453550327359,1.31170951536124,-0.781023042404045,-1.09446594879833,-1.64291180036543,-1.24027364739667,-1.1696637692435,-0.0692943786224233,0.466244979020008,-1.62035719492452,1,1
1.09191618910546,0.6877406977238,-0.436369180666242,0.258597918380011,-1.50929570622958,-0.707666202843325,0.076176587241809,-1.40345000169692,-1.65870830478636,-0.378818618932776,-1.56039601993467,-0.54963402935676,0.246152674932712,-1.64669159941879,0.625154497731833,0.0322324431986181,1,1
-1.17594639147654,-0.80375612433268,1.09561863376307,1.43124628164276,0.856446310784801,-1.10511913769141,0.367228642269476,-0.294176710272909,-0.495649017879944,-0.0598127147219409,0.126266798600172,0.831645206723056,1.12488373067798,-0.51925200008609,0.21123811765809,0.128146946257731,1,1
-0.893892894059617,1.54687950487607,0.109831043280783,-0.914050444882741,0.224560311701227,0.390116947604961,-1.52460971541036,0.91838188306102,-0.835732509795125,-1.02093215497753,-0.579856039222582,0.486325397703102,-1.58990672615835,-1.26878117105664,1.52068312761603,-0.240971972790368,1,1
-0.0553554693066115,0.492780363748746,-1.30218843516216,-1.50037462651412,-0.178331185033048,-0.928542314183331,-0.0693494402720245,-1.45055322059752,0.637851791187669,1.38238931249112,1.36682743668138,0.486325397703102,-0.0044414239356356,-0.467620363439741,0.364082806131929,-1.33413338696514,1,1
1.68270392018144,-0.593246312717545,-1.25940733562311,-0.914050444882741,-0.654532605796824,-1.45889137692782,1.67696288989398,-1.59295865008859,-0.669865767300763,0.720373092599979,0.200003275280473,-0.54963402935676,-0.350319057098288,0.37401924119081,0.476975663869419,0.880627090832804,1,1
1.04236625037005,-0.784777527004358,0.156973447907955,-0.327726263251365,0.0089140626182338,-1.73231501608883,-0.651453550327359,-0.589828017129462,-0.437185027594207,-0.781531120404548,0.901287245946724,-1.58559345641662,-0.988513022605041,-1.63866087407367,0.356354683800223,0.654141326766684,1,1
-0.501304917925255,-1.05844208282863,1.54527992285438,-0.327726263251365,-0.553499708704878,0.36162955218203,1.24038480735248,0.795486927886488,0.76542676414174,-1.29833185665086,0.646991384673071,0.486325397703102,-0.412310776771419,1.27429124952563,0.779914644284701,-0.357709937916776,1,1
-1.59140357010416,0.695687637771719,-0.636694290372634,-1.50037462651412,0.883571956540637,-0.486506560250631,0.94933275232481,0.0744107299497678,-0.07397538377991,-0.767258238425606,0.0640079058540445,0.141005588683148,1.68697829742478,0.381053449536394,-1.2523672423189,-0.405539257607425,1,1
0.840354961679554,-0.961669859669274,1.31246960147674,1.43124628164276,0.151459919925989,0.857726327737844,1.53143686238014,-0.288448115854763,0.185441365056685,0.396637664564748,0.84824988199989,0.831645206723056,0.784291777219414,-0.701374963078071,1.37669321644348,-1.17857633304823,1,1
-0.627085531638206,0.349755084198215,0.946228095931397,0.844922100011387,1.29523703879282,-0.441622281647508,-1.67013574292419,1.08350188353765,1.16385090311552,1.1031453910519,0.149229590235692,-0.204314220336806,-0.685325004649557,-0.646956466433887,-1.57427435398602,0.875752471272442,1,1
-0.55085485666066,-0.80176056799775,-0.846965243580993,0.258597918380011,0.150258335396206,-0.0597878284940169,-0.651453550327359,0.922901653031202,-1.01507826276842,-0.0194982598488358,-0.407322202669196,0.831645206723056,0.375398614457767,-0.11607246703654,0.498341683515355,0.346454187893957,0,0
-0.0782246717998753,0.581910954113532,-1.58146459511573,0.258597918380011,-0.898456846179542,-0.331687088892509,-0.360401495299692,0.989872421872473,1.67157597302995,-1.41107456263061,-0.231361956933806,1.52228482476296,-0.868741157173848,-0.863874929858153,0.410819053522523,-1.41969182888058,0,1
0.104728948146235,1.11461482777416,-1.35394244742011,-0.327726263251365,1.20675937225316,0.507212815774545,0.076176587241809,-0.14045335337926,1.365645790109,-0.901154494009925,1.17599949156433,0.831645206723056,0.394436608890662,-1.70163483379472,-1.00046076922318,-0.414999045649797,1,1
-0.623273997889329,0.986064205995675,0.822573765287179,-0.914050444882741,0.197235688015922,-0.507211618513941,-1.08803163286886,-1.66552877179477,-0.741485282715563,-0.568331356379764,0.214121346711686,1.17696501574301,1.38407306110208,-1.62528085821176,-1.58044575873196,1.39142483147334,1,1
-1.16451179022991,0.926257951898242,-1.01417809716805,-0.914050444882741,-1.00639680668508,1.58626187523122,1.38591083486631,-1.13663446727378,1.34103318113956,0.442311853847566,-0.435840678033213,-1.58559345641662,0.207252752482443,-0.487015568594373,-1.24049808302025,-0.159550775198954,1,1
-0.0972823405442618,-1.06960028392756,-0.418159998921278,1.43124628164276,0.424953495851187,1.49109990086906,-0.505927522813525,0.834888114185749,0.863724474549082,-0.910432828769395,-1.12625757154609,-0.894953838376714,0.819311806007212,-1.28961228181082,-0.780291423400229,-0.597656562034178,1,1
-1.64095350883957,-1.41553202172167,0.0348531663997573,0.844922100011387,-0.488102496199401,1.18750161640849,-0.360401495299692,0.87601509294883,1.47091225125531,-0.954593136193794,-0.0232334817148472,0.141005588683148,-0.151866074657441,-1.63969471284344,1.33452860291872,0.498428861635095,0,1
-1.64476504258845,0.710689318246643,0.812064449955409,-0.914050444882741,1.18379043124561,1.43650292159305,0.221702614755643,1.63504162552007,0.647977542782315,-0.773042533891768,-0.872318862772379,-0.54963402935676,0.0936500244930551,1.23672088275019,1.24316646082659,-1.01688339047389,1,1
1.21769680281841,-0.440594322145062,-1.31440283021115,0.258597918380011,-0.159752055069878,-0.186795211311147,1.67696288989398,-1.07411270511392,0.59076941085631,0.290859994966828,1.58517071299607,0.831645206723056,0.686590764416659,-0.774357420611264,-1.50026232525676,0.0859892844590713,1,1
0.53543226176937,-0.217724823197294,-0.296263728799752,-0.914050444882741,0.778554923309356,0.113949055572465,-0.214875467785858,-1.30709339399818,-1.71369977988546,-0.0560976122030419,-0.0385260714868238,1.52228482476296,1.09354730609499,0.012657013025339,-0.719331031010376,0.58690685461626,1,1
-0.299293629234759,-1.61484956781192,-0.0228943960269647,0.844922100011387,-1.38875559696566,0.822520763551363,0.221702614755643,-1.25214615869892,-0.0956326729496419,1.15603126016834,-1.72315901536733,-1.58559345641662,0.563030688576642,-1.09993507003568,1.35950924019058,1.22407621213147,1,1
-1.04635424401471,-0.819376506437308,0.17075511648307,0.258597918380011,-0.356506765802149,0.664219872959693,-1.37908368789653,-1.09281223817304,-1.03781238808935,0.656935271035475,-1.42984055301869,-0.204314220336806,1.66614827990023,-1.55596577528803,-0.901592487625609,0.665907079141521,0,1
-0.973935102786041,-1.60604848586765,1.13470555458489,-0.914050444882741,1.66072478835518,1.33444682544809,1.24038480735248,0.0976600551122355,-0.612600184691848,0.548885835610892,-0.760762108457902,-0.54963402935676,1.11927504596125,0.843521828430294,1.72899014020821,-0.393183188936209,1,1
0.200017291868167,1.33834458649194,-1.11140042387171,0.258597918380011,1.06030962555989,0.733763973526358,0.51275466978331,1.64513143371311,1.63596249998473,-1.22993408899132,-1.43233708708733,-1.58559345641662,0.971301408962226,-1.28708550031217,-0.831675736055538,0.924740399099258,1,1
-1.2826693364451,-0.875720756248461,1.09813478361108,-0.327726263251365,-1.16751036603098,1.703805997381,1.09485877983864,0.30882999763439,-1.43195708505482,-1.57523677772808,1.36982663290752,1.52228482476296,1.20695472968361,-1.6281697849809,0.839137711659239,1.37368358608154,1,1
-1.27885780269622,0.217542343304515,0.698871317907774,-0.327726263251365,-0.762759251216872,-0.533510980239995,0.658280697297143,0.0776377920019988,0.755647687812086,0.0042250698802943,1.23139356228801,0.141005588683148,-0.748888876717767,0.301732445544702,-0.276604253998766,-0.0722747391461306,1,1
-0.867212157817476,-1.58758166334921,0.223006198161298,1.43124628164276,-0.583948972656127,1.13571793103708,-1.08803163286886,0.599536530561501,-1.13165077195415,-1.51822990490926,1.63857762765681,1.52228482476296,-0.225716419460394,-1.67027030861293,-1.24947394964859,-1.69913941245011,0,1
0.870847231670572,0.598899605741154,0.721966661069513,-0.327726263251365,0.517216311032057,0.669349599985613,-0.796979577841192,-1.47681178167975,-1.70017912505049,-0.502780225989223,0.714555237084232,-0.894953838376714,0.233565055127223,-0.217058181527832,-0.837515361088166,1.31358867343419,1,1
1.4540118952488,-0.598415761426007,-0.276635092792284,-0.914050444882741,0.883513185571848,0.647821950803016,0.658280697297143,1.09140239342029,-0.0035684011649055,-1.67635742125668,0.501366023604984,-0.204314220336806,-0.120485624131934,-0.723838377187741,0.617429269370124,-1.1458959691661,1,1
0.741255084208744,1.40358163470554,-1.2269931315939,0.844922100011387,0.857858296675381,-0.61161705028139,1.09485877983864,0.507824060283619,-1.17193370503163,-1.15297413516909,1.47304479519616,0.141005588683148,1.2151272991549,-0.618729318936007,-0.553770277516868,-1.28036084781617,1,1
1.7055731226747,1.36945074065472,0.604699761639379,0.258597918380011,0.0345942959624813,0.972423802103211,1.38591083486631,-1.13990886631728,1.5901165453642,-1.38373022974713,1.55306451368921,-0.54963402935676,-1.63037685411531,-1.70315701301357,0.371488091973593,-0.656950633613173,1,1
-0.70712774036463,-0.590534164328068,0.114645201755828,-1.50037462651412,1.06841764480722,1.3678575463829,-0.214875467785858,0.451833234624178,-1.02603911034441,1.01484676463176,1.31225123662138,1.52228482476296,-0.998742654748311,1.59786624691765,-1.00943400166719,-0.4083979632296,1,1
-1.50373829387998,1.41417404970678,0.513038506924032,-0.327726263251365,-0.215477333962278,-0.981255364312293,-0.0693494402720245,0.332303012940266,-1.0660882352046,-0.564919969983258,1.25628131414557,1.52228482476296,1.33391832049518,0.0602264200070482,-0.167398392656248,1.03328628209014,1,1
1.60647324520389,1.74568632320392,-0.533723289399766,-0.327726263251365,-1.29138592975085,0.420811284239976,1.67696288989398,-1.50825496255742,-1.61512633140307,-1.49320678640851,0.593066217636568,0.141005588683148,-1.51927581016094,0.251146517444713,0.0531654873314303,-0.376773741692407,1,1
0.737443550459867,1.15109611739574,1.44211100988296,-1.50037462651412,0.222047727216336,-0.383195091252286,-1.52460971541036,-0.808273740917154,-0.592893474976644,-0.845010784043192,-1.74881930118653,0.486325397703102,-0.936959008702573,0.5728820602739,-0.291413450034232,-1.54678588714124,1,1
1.3358543490336,1.21884838865469,0.332411076475469,-1.50037462651412,1.55443828892111,1.67508379572742,0.94933275232481,-0.378718083870558,-1.64279058761445,0.604407431356023,-0.253336774393716,-1.24027364739667,-0.505958612882684,1.02449693237863,-1.03580893920176,0.471538986120369,1,1
1.2520006065583,-0.856177401362209,-1.4110596937492,-0.914050444882741,1.00717801392368,-0.0844929388941197,-1.08803163286886,-0.884630698838243,-0.0122643367696865,0.822612042141332,0.467110349501043,0.486325397703102,0.879665394084857,0.37280472509525,-0.122455565036179,0.592744742197141,1,1
0.0323098069175663,0.284979617283548,-0.145393048966695,0.258597918380011,0.271030146064191,-0.947588706073664,-0.214875467785858,-0.890612297518091,0.0108280160152973,-1.3507453659713,0.157692975447224,0.486325397703102,0.218712251554365,0.903090646426669,0.679035892969698,1.08431403966045,1,1
1.63315398144603,-1.48911154755831,0.91934657344124,-0.327726263251365,0.504987200154537,-0.418603328920598,1.53143686238014,0.251734580178408,-1.54274348680674,0.936985024442399,1.11527759277147,-1.24027364739667,1.58676416084031,-0.174270197548143,1.62138540325568,-0.343488991601298,1,1
-1.09590418275011,-1.39278160554678,1.05056171757112,0.844922100011387,1.47975838129852,0.518456951827509,0.94933275232481,-0.10189260265738,-0.901148430856624,-0.480061888329211,1.10750382484558,-0.894953838376714,-0.933883467429195,-0.440498068542071,1.01377523333964,-1.41873745948562,1,1
-0.264989825494863,1.75521044484254,0.0101855739762789,-0.914050444882741,-0.24548514458941,-1.47207226171174,-0.796979577841192,0.578531301291084,1.13211722919794,0.592510641780238,0.33786835840286,-0.894953838376714,1.30066899627673,1.11252489102579,-1.16207984532125,0.186568145671324,1,1
-1.38176921391591,-0.585837705472182,1.40001836746576,-0.914050444882741,-0.578527030232771,0.345376328376134,1.24038480735248,1.57999504567746,-0.137073700082546,0.565160458634968,-1.67756605235455,-1.58559345641662,-0.742983600528215,1.25748446435013,-0.776723745196332,-1.29867653498769,1,1
-1.50373829387998,0.882145063525623,-0.777999914881112,0.844922100011387,1.64011379072464,1.47414126111151,1.38591083486631,0.555198027965759,-0.233010336524723,0.989172684465348,-0.463681289270347,-1.58559345641662,-0.872757592048724,-1.24292112995389,-1.44840524602528,-1.65591381091287,1,1
0.100917414397358,1.08579918343031,-0.281563814909459,0.844922100011387,1.24918888295502,1.1955460382168,-0.942505605355026,0.283420418423848,0.674221742831903,0.654332069974951,-0.95475357881557,1.52228482476296,0.0043410971168321,0.148546410884049,-1.25153539679265,0.961808526879582,1,1
1.3358543490336,1.2646485100297,1.41338818297051,1.43124628164276,-0.607213187293136,-1.50106749021836,-0.214875467785858,1.20295837799951,0.729531355070563,-1.63205462812954,-0.570420266313262,0.141005588683148,-1.47729204928379,0.633097507465449,-0.853007187165547,-0.327866977980032,1,1
-1.03491964276808,1.75080760866013,1.40526004530024,0.844922100011387,-0.123747791455565,1.68831987949497,0.221702614755643,0.456536128361184,0.891221111401317,0.0371577857669281,0.402909658547457,1.17696501574301,-0.391302159395344,-1.42923192198486,-1.03023347026007,0.0901204421764583,1,1
-0.223062954257213,-0.882337985957998,0.673983014038217,-1.50037462651412,-0.291052451983786,0.673112235003242,-1.23355766038269,-1.15941201422401,1.12653935371637,-1.18988547555611,-1.52215785813634,1.17696501574301,-0.490608375449687,1.47843422923194,-0.981308833180672,0.563966190073582,0,0
-0.383147371710059,-1.58280554436208,1.275789657938,-0.327726263251365,-1.20476596722773,-1.17511527935572,-0.651453550327359,-0.642642388617063,-0.927976022443158,1.60172826655986,-1.67669934577029,-1.58559345641662,-1.16895437826892,0.071041416804749,-0.921993978771331,-0.336058431472505,1,1
-1.68288038007722,-0.291393760751872,-1.39935203856318,1.43124628164276,1.57339373364335,-1.69144698023192,-0.505927522813525,0.807384281668864,-1.49762580523664,-0.878511071611377,-0.227629171878733,0.486325397703102,1.26138651516395,0.501856937437307,-0.679799213681972,-1.53884368181899,1,1
1.46163496274655,-1.27033126815103,1.29667942416295,-1.50037462651412,-0.328035206137395,-1.14410117263375,-1.52460971541036,0.824780311137342,-0.419648685721549,-0.307976444896663,1.01898486481428,0.141005588683148,-0.38581283588422,-1.10394372689003,-1.28639978870337,-0.845792126775958,1,1
-0.520362586669642,-1.64522716182908,-0.594084899776967,1.43124628164276,1.29001996916252,1.15355840352749,-0.214875467785858,1.68599600114975,1.21107700155561,-1.08388330349612,-1.6471451086742,-0.54963402935676,1.68150735464073,-0.807705002759711,-0.758940232003496,-1.04655352510695,1,1
1.17958146532963,-0.468176194627709,-1.08829162288396,-0.327726263251365,-1.06646132451783,-1.65966999806814,1.09485877983864,0.438876386236522,-1.45762272102301,-1.29960754245177,1.21286046878763,-0.894953838376714,1.39635585021053,-1.30068089123491,0.663484877378626,1.64522972970823,1,1
1.46925803024431,1.00595912566815,-0.876288737957657,1.43124628164276,0.165122260960045,-0.930957707803813,1.38591083486631,1.38303138434604,0.252408495132184,0.320035901112573,-0.412832426797833,1.17696501574301,-1.04856639543237,-0.809203410051235,-0.902486416235268,0.827475886661562,1,1
-0.0248631993155931,0.248338931551439,-0.255966435335306,-1.50037462651412,-1.63463228017415,0.874934399030803,-0.796979577841192,-1.5438384322575,0.682141276822568,-0.0541896175965907,-1.34121746346734,1.52228482476296,0.0277428445618052,-0.0242072315473911,-1.1261605596918,-0.162385390593535,0,0
1.21007373532065,-0.634108014545538,-0.835227096401842,0.258597918380011,0.908335281879695,0.285112943467651,-1.23355766038269,0.228435974348065,-0.072294158767604,-0.465820210152933,0.228884164008018,-0.204314220336806,0.363082342161352,1.14859822145891,-1.48695851242772,-1.49678249383441,1,1
-0.463189580436482,0.555350979650533,-0.594266623379124,-0.327726263251365,0.278633192585818,0.962549237383737,1.67696288989398,1.45335828344713,-0.849245072495688,-1.47037987436793,1.57391970351251,0.831645206723056,1.11628492159861,0.117831034713455,0.0106417444864529,-1.31636912392717,1,1
-1.50754982762886,-0.91534513698318,-1.2388686058112,-0.914050444882741,0.4321048872027,0.836501559135262,0.221702614755643,-0.737914971499196,-0.604948455495767,0.789006723141115,0.141566083055939,-0.54963402935676,1.34757098277755,-0.87634495452187,1.19552439336081,1.07977182760163,1,1
1.18720453282739,-1.67324104716398,-0.678982650477271,-0.327726263251365,-1.53927174812985,-1.55988647788162,1.67696288989398,-1.19642257969828,-1.4795218513789,-1.7467085523762,0.645249481168126,-0.54963402935676,0.440130757705287,-1.56319679774881,-1.517026581808,1.53541744590993,1,1
-0.802416084086562,0.938453473735415,0.280013062044615,-0.327726263251365,-0.991978101682488,1.34076148558747,-1.67013574292419,-0.518768435358767,-0.720773901461077,-0.177547116617097,1.09883315328852,0.141005588683148,-1.60240118272534,0.421130932207923,0.157377157436134,-1.60684326091707,0,0
-0.840531421575335,0.448793615234185,-0.173006566867223,-0.327726263251365,-1.46160100995641,-0.952027445662906,1.67696288989398,1.0113241779101,-1.57318963952861,0.429932805340873,1.0391371484938,0.141005588683148,-0.0549655760336778,-0.272482849038597,0.532553024690139,1.41492454245118,1,1
0.493505390531719,0.931311921602241,-0.503436400082764,0.258597918380011,-0.724455411891156,0.172388692698578,-0.0693494402720245,-1.43950416152621,0.768830396822224,-0.27114956600968,-1.49889329070096,-0.894953838376714,1.34466018737989,1.66663231712917,0.331069803450299,-0.406404294246991,1,1
-1.51898442887549,-1.58772549987879,0.884947515187238,-1.50037462651412,0.438458102973706,0.485553359177528,0.94933275232481,0.346611310468348,1.35840002884441,-1.3287125758325,0.835231495579187,-1.24027364739667,0.752542266196615,0.963449876813004,1.31899922722913,-0.980238134740602,1,1
0.607851402998038,1.19185387944048,1.39571984426899,-0.914050444882741,0.22803927561434,-1.15324651282303,-1.08803163286886,-1.26308523647894,0.450085301664492,0.935885604082265,1.56374622834102,1.17696501574301,1.29380673426506,1.06175717155793,1.28010162831108,-1.3631822472608,1,1
0.588793734253652,0.434108779166274,0.920851085580951,-1.50037462651412,0.385936081575529,1.62920296654629,-0.651453550327359,-0.224260159401149,0.529727365735289,-0.641960796971038,0.694238379933211,-1.24027364739667,0.613769017350388,-1.67450653877051,-1.52294751510027,0.938314488621084,1,1
-0.70712774036463,0.238639290586711,-0.55455626697141,1.43124628164276,0.169864474720475,-0.0523717540066227,-0.214875467785858,1.61314422675348,-0.104112651786309,-1.29902955960094,1.16880554461135,1.17696501574301,-1.57152890984469,0.95669777776806,-0.471012869469871,-0.102707848768371,0,0
-0.120151543037526,0.451826648640994,0.877966367812718,1.43124628164276,-0.779025983818869,-1.5356269295757,1.38591083486631,-1.05693960295744,-1.18971950010039,0.144075900996102,-0.0575114045472278,0.831645206723056,1.63324857270561,-1.04767866929209,0.602572835949098,1.14688728486453,1,1
1.34728895028023,1.28697054360804,-1.17981703861809,1.43124628164276,-0.877003484683229,1.49494163111829,-1.23355766038269,-1.61506914866455,-1.69906708817123,-1.70046342772428,-0.639334333486405,1.52228482476296,1.45986577680058,0.296802269954145,1.57821480072099,-0.937184564601633,1,1
-1.34746541017602,0.320618767991513,-1.25505579696708,-1.50037462651412,-1.24611249746015,0.285654917155976,0.367228642269476,-0.253111298138926,-0.54427609456724,-0.641544934322943,0.608918716694011,0.486325397703102,-1.28522483071225,-0.178785414802685,1.06630737826776,0.618000468126259,1,1
-1.37795768016703,0.299772742445872,-0.507228258460431,0.844922100011387,1.19981672732203,0.674718698261877,1.09485877983864,0.268178085738646,0.855249958362388,0.840002153201566,-0.0342697238757757,-0.204314220336806,-1.33339637954084,0.248024782019518,-1.10970133845359,-1.30856182090743,1,1
-1.41607301765581,1.72660799429497,1.09768644360855,0.258597918380011,0.400809079401984,0.075173353639209,-0.0693494402720245,-0.702328644265922,1.57282588525233,1.40288259526842,1.37446300058996,-0.894953838376714,0.145519700848684,-1.2579170925305,-0.754180576517929,-1.40608862325202,1,1
-0.615650930391574,0.911906453529591,-0.852050797788397,0.844922100011387,-1.07623532110051,1.14171351698018,1.09485877983864,0.143728697472797,-0.245116690905544,0.288076016300317,1.65088108497584,-1.24027364739667,0.901552454457648,-0.146236977267815,0.923949679447587,-1.25604243184305,1,1
-1.25598860020296,-0.183083476905458,-1.48798952373969,1.43124628164276,-1.1081886604482,-1.62006903771104,1.38591083486631,1.56958555256601,-0.470730211597941,-1.01126291240949,1.11064845395401,0.831645206723056,-0.398703206386458,-1.58958028112358,-0.088083586433451,1.06602757898961,1,1
1.38921582151788,0.740109143375556,-1.25022257115109,0.258597918380011,1.28214131143104,-0.809575489548495,1.53143686238014,-0.652957563963828,-0.194036146179343,-1.00296720480845,1.71482851237643,-1.24027364739667,-1.25122462345047,-1.5756445473035,0.174617723863972,0.539114534625561,1,1
0.158090420630517,-0.367870681040876,1.27497142869997,-1.50037462651412,0.834513282425223,-0.116136324204366,1.24038480735248,-0.661076089965572,-0.256484372766737,0.330253959320566,-0.536930960438995,0.831645206723056,0.0465903115546541,0.544065324988209,0.388296241693518,-1.14410191070367,1,1
0.0094406044243025,-0.926289305002469,0.493617634859659,1.43124628164276,0.548248616977917,-1.47030052417293,-0.360401495299692,-0.0606414870768452,0.423870168896092,-0.354327098638924,1.37609342371396,-0.204314220336806,-0.553421971173073,1.55439651555644,-1.36363826308121,-0.391937374351772,1,1
0.192394224370413,0.355147950973975,-0.828248735476265,-1.50037462651412,-0.319269585936723,0.697848743333178,1.67696288989398,0.0521028923966548,0.795694970402826,-1.15139275936946,-0.601365291962779,1.17696501574301,-0.504149366223241,0.955314694078502,1.24395507219284,0.910597756039801,1,1
-1.08446958150348,1.50896888321371,0.221009103687057,0.258597918380011,-0.81699648488801,-0.377928629680221,0.51275466978331,-1.72816748613642,0.970194610643322,0.967654511630304,-1.34190718363897,-0.54963402935676,0.512856173462776,-0.104085692482942,1.2688035517676,-0.732591089965998,1,1
-1.01967350777257,1.51230299933165,0.124743108852426,-1.50037462651412,1.64770291613715,-0.794796366457361,1.53143686238014,0.400428024760888,0.50534918551092,-1.07158548432268,0.417172259252501,0.831645206723056,1.34745079847073,-1.52453208740447,-0.0992924959097212,1.45227898762728,1,1
0.0742366781552166,-0.532675445242845,0.568823394701645,-1.50037462651412,1.02176378001758,-1.72258315589719,-0.651453550327359,1.7218424617285,-0.222316167361328,-0.64995973696385,-0.164317563393437,0.486325397703102,0.213200956624713,-1.56182519226205,0.450190115084295,1.42938173876454,1,1
1.08810465535658,0.114255699411553,-0.897761503238847,-0.914050444882741,-0.680261369437721,0.745820122109349,1.09485877983864,-0.721413617850939,1.53735689642817,-1.55369790956313,1.46676314708791,0.831645206723056,0.660672309540723,-1.17388764703634,0.564721200716881,0.186013146349144,1,1
1.42351962525778,-0.986324183899498,1.29462328351829,0.844922100011387,1.19464298599834,1.13851403633708,-0.651453550327359,0.452161005943628,0.716267186065121,0.668882009076004,-0.0342910093674983,-0.204314220336806,0.564749684756834,1.6372690742843,-1.06420169744295,0.457832061988346,1,1
-1.6866919138261,1.74385262218204,-0.63316391332184,0.844922100011387,0.890167894868951,-0.373184007466687,-0.942505605355026,-1.71688998140212,-0.260320003285721,-0.810982388374763,1.48749926501146,-1.24027364739667,0.187376253476764,-0.346373587614007,-1.33144200370351,0.530859663774926,1,1
-0.455566512938728,1.69331199907307,0.70322411742292,0.844922100011387,-0.696402439099929,0.209686111769906,-1.37908368789653,0.360425165093772,-0.191895638723739,-0.958279581522105,-1.47961874168539,0.486325397703102,-0.64640495942567,1.18220381222975,-1.64986660795874,-0.826112840368044,0,0
1.24056600531167,0.538520326571225,-1.65168067673927,-0.327726263251365,-0.251634018487095,-0.949771480077279,-0.651453550327359,-0.184301121567513,1.0836053636749,-0.713456714221855,1.14807742260959,-0.894953838376714,-0.413891775505074,0.706992293194653,1.44115115025414,-0.45880054740472,1,1
0.851789562926186,1.07796034749439,-0.413345312496689,-0.914050444882741,-1.07815069787138,0.409444521975869,1.53143686238014,0.103981019489948,-0.212641949133027,1.26888793176941,0.898554067046615,1.52228482476296,-0.629251059589374,0.364279479827275,-0.523778880039405,-1.24730672308695,1,1
-1.13783105398776,0.766934552366822,-0.486101087508015,1.43124628164276,-1.33545360204516,-1.69240695218756,-0.360401495299692,0.151130917299867,0.0474480363970508,0.0320782480351671,0.761779872015588,1.52228482476296,1.45806062671891,1.54108768556874,-1.42412967089748,1.46468039387141,1,1
-1.38939228141367,0.342285195122373,0.179984874572904,1.43124628164276,0.765915558494711,-0.0506906419549726,-1.08803163286886,-1.11995236232045,-0.724315556292629,-1.21869978922778,-0.513287444127069,1.52228482476296,1.14284712518093,-0.924641287580027,-0.107743915470737,0.773657551147952,1,1
-1.15307718898327,-1.53754433365981,-1.45505296784055,1.43124628164276,-0.797977990243342,0.485268518572689,-0.214875467785858,0.934190001580041,1.15549923599053,0.922795523352538,0.984685780493939,1.52228482476296,0.285191492658007,-0.153117847152254,-1.45948728355643,-1.55525910421284,0,0
0.665024409231198,-0.139656207606682,1.03665754472052,0.844922100011387,1.10015523468945,1.4292384773036,-1.23355766038269,0.191189665565799,0.0680946423240105,-1.0430706709364,-0.0653857135052579,-1.24027364739667,1.43983506149451,1.25546504610418,-1.42613968619228,0.173935742062686,1,0
-0.261178291745986,0.626545986737055,-0.951273392173005,0.844922100011387,1.70320934452928,-0.42040112386756,0.658280697297143,-0.796973608313817,0.171984211346023,-0.334480316884554,0.745092821885291,-0.894953838376714,1.35022764273063,0.179826648000257,-0.0277656933750067,-0.535277970387531,1,1
0.375347844316523,0.636106231836452,0.643852513321239,-0.914050444882741,-1.45373794661891,0.902099381324688,-1.37908368789653,1.51409256635878,1.29891813845197,0.205931688934597,0.175515862953458,-0.54963402935676,1.49342630406611,-0.869534465258389,0.0413547416124514,1.08798175504761,0,0
-0.627085531638206,-0.423964502506675,1.08209058509571,-1.50037462651412,-0.0919562689441819,0.324997649198185,0.803806724810977,-1.6886521170002,1.43574761012485,0.26277612079375,-1.20420463838756,1.52228482476296,-0.955045211932143,-0.998519387922356,0.288392663659117,-0.532781095303155,1,1
0.954700974145872,1.55601557921595,0.243867181206904,0.844922100011387,1.03833188788403,1.45962735426528,-0.651453550327359,0.78167154939063,1.10494257308438,-1.52729310874786,-1.52880963833161,0.486325397703102,0.764381699119421,0.871068080564582,0.552274660074497,0.499687173898965,1,1
-1.4008268826603,-1.14052044961253,0.86560511711871,1.43124628164276,0.99329018131758,-0.361686498334834,1.67696288989398,-0.412340165590445,-1.50109512958105,1.13925114851251,-0.474666636190265,1.52228482476296,0.388819720275671,-1.67260290201593,0.593695306792144,-1.14487040414681,1,1
0.245755696854695,0.0191237093571241,0.591136872637461,-1.50037462651412,0.893827145744751,-0.634839373469562,-0.0693494402720245,0.0771416432697128,-0.20244817030365,-0.10194077623102,1.50551953183599,-1.58559345641662,0.821013658828418,1.42548867273495,-0.221389449687821,0.206138846431458,1,1
1.7055731226747,0.682604361355651,-0.472833249248563,0.844922100011387,-0.518064073025681,1.32226212371171,1.24038480735248,-0.723139676934887,-0.546491427803516,1.66874561731523,0.0969093927634664,0.141005588683148,-0.810737331769699,-1.6532559010326,0.508004390456764,-0.704364187347712,1,1
1.39302735526676,0.704375667129465,1.10170213993709,0.258597918380011,-0.157850591276442,-1.56456172546971,0.51275466978331,-0.620115026273181,-0.992320864500558,0.724695624954411,1.04910425249409,0.141005588683148,0.685668123271013,0.452129648488077,-0.665729851467329,-1.14779889112908,1,1
0.989004777885768,0.535490741816293,-0.684107105395548,-0.327726263251365,0.326913630669158,-1.26433328061957,0.221702614755643,-1.68036473168235,1.39603529211496,1.68023531683083,0.258434264261357,0.831645206723056,-0.302781330767478,0.361939945112751,-0.192594617220478,0.414123193602683,1,1
0.280059500594591,-0.764662021526971,0.276293542987023,0.844922100011387,1.62877412775146,-1.45031485935922,1.24038480735248,0.795208018002014,1.33117855712746,-0.192086662387571,1.59329765156695,-1.24027364739667,1.16876751502012,0.271421238398991,-0.358823139676399,0.480749970184283,1,1
1.13003152659423,-1.17935070844234,0.881285329740372,0.258597918380011,-0.591741944533701,1.1705577272253,0.51275466978331,0.729232321059449,-0.127618654881695,-1.27810120584971,-0.463242302552143,-1.24027364739667,1.03444689893163,-0.0862572238246295,-0.58130022771356,1.66571670376643,1,1
-0.242120623001599,0.491269164370859,-0.391467917630909,-0.914050444882741,1.45427529342975,-1.69767840944352,-1.23355766038269,0.533729344967776,-1.26347344688869,0.758964518434214,-1.55504939774458,-1.58559345641662,-0.991173759076252,1.21321569154536,-0.894969151856074,0.585474448491185,1,1
0.981381710388014,0.363680638777457,-0.656090843479873,0.258597918380011,-0.791639763749057,1.234458729392,-1.67013574292419,1.30823027261345,-1.679695912407,0.934185165277923,0.973882334746936,-0.894953838376714,-1.08656506521116,0.549546389568497,-1.44966940812808,0.0581676121274925,1,1
0.0818597456529712,-1.09873533266432,-0.112250991229685,-0.914050444882741,1.68076264208035,-0.179463205817026,-1.67013574292419,1.38899757143198,-0.219764053903359,1.1949275124216,0.711028569047798,0.486325397703102,0.765174883414093,0.970675739476731,0.0312171151986618,1.42256869250239,1,1
-1.25980013395184,0.732246414370681,1.13332615367565,0.844922100011387,0.5855711477317,-1.72035599179977,1.38591083486631,0.194565918765059,-1.58837912567698,-0.72008775170409,0.0892185043401268,0.831645206723056,0.18504787016097,-1.31951343636878,0.139923782518786,1.13264564155118,1,1
-0.204005285512826,-0.138236614319049,1.52218801052682,-0.914050444882741,-0.124672272908903,-0.350428915737783,0.367228642269476,0.63925792371464,0.367808802680734,0.0066045532750595,-0.613745376845536,0.486325397703102,0.208394266609336,-1.54505799767712,-0.5568929917635,0.171731682429962,1,1
0.314363304334486,0.602079725003073,0.185538586698553,0.258597918380011,0.39019786230289,-1.09063601922811,1.09485877983864,-1.69480160116371,0.363869400652113,1.21114791400687,-1.09647452508226,1.17696501574301,0.885821123421699,-1.61850639056106,1.65928030862419,0.0431769351269393,1,1
-0.718562341611261,1.1927156035128,0.589768031021588,-0.327726263251365,-0.780735450672663,0.417034010846241,1.09485877983864,1.19874478224816,1.36164260296905,1.23626067423682,-0.0689523243079308,0.831645206723056,1.24118590447326,-1.2106160069173,0.208080094555393,1.52345508774455,1,1
1.35491201777799,-1.13226232354795,1.42963168872923,-1.50037462651412,-0.775092421759938,0.606382851009543,-1.37908368789653,1.09507166293613,-1.07290928316786,-1.67784565969604,0.573838123932386,0.831645206723056,-0.895421886048087,0.575925167823069,1.3584500719109,0.406793983010074,1,1
-0.737620010355648,-1.65665295596745,-1.36540569193973,-1.50037462651412,-1.32685829022998,-0.0545367426401389,0.221702614755643,-1.6627598173113,-0.450113235022675,0.563107842926389,0.268685895221459,-1.24027364739667,0.202614516226231,-0.0186221955564454,0.253547949255084,0.739040496128221,1,1
1.0842931216077,0.989815934980024,-0.901613283792375,-0.327726263251365,-1.32515525680321,-1.5946216995154,-0.505927522813525,0.147390773814919,1.22635103767364,0.322667633149133,-0.225470775861032,-1.58559345641662,1.1509496304428,0.868907106149891,-1.06353212826406,-1.41664754616957,1,1
-0.851966022821967,0.39988115526556,0.754518666277198,1.43124628164276,-0.522609561222253,0.526348158784698,0.94933275232481,1.40766100392311,-0.0967145717589443,-1.47760822944149,0.131716023685296,0.141005588683148,1.30300594111135,-1.05758735102319,1.65504908821764,0.754600401479682,1,1
-1.51136136137774,0.713094748023221,1.15340504382969,-1.50037462651412,0.903646159046163,1.16686719548377,-0.651453550327359,-1.10458992551399,-1.52048912611034,1.46340035931135,-1.37714620183878,0.486325397703102,-0.727389664698059,-0.455318601770341,1.34571643723255,-0.804754020639957,1,1
1.59122711020838,1.19545936166484,1.26901149649307,0.844922100011387,0.3715814027446,0.747521990704489,-1.52460971541036,-0.51137384529909,-1.34513091952516,-0.220228969596066,0.677420736127929,0.141005588683148,-1.36300787221546,1.33717746544647,-0.0887805268641846,-1.31744369955488,1,1
0.192394224370413,1.07237764210305,-0.265904625336789,1.43124628164276,-1.36454281484682,1.12524477252432,-1.23355766038269,-0.586163649272173,1.06806070297009,0.574711187256217,0.811678451129413,0.486325397703102,-0.916720598458209,1.49946065326856,-0.879423911721973,1.20615864561462,0,0
0.215263426863677,1.62297552547983,-1.39738395821377,0.844922100011387,1.21069149463109,-1.0434052457697,-1.67013574292419,-0.4999583920324,0.828492781347149,1.29899013376741,-1.71440677210912,0.831645206723056,1.55518299268978,1.45139334780688,-0.950058180386375,0.661392833049235,1,1
1.54167717147298,0.143011924147253,-0.187150544298362,0.258597918380011,0.348896656835803,1.32827744590104,-0.214875467785858,-1.5878100887825,1.28245443063108,-1.31512553710251,-0.809008204896159,-1.24027364739667,-0.120161688905751,1.095928254884,1.07093461113188,-0.313588385634739,1,1
-0.3259743654769,-0.0221907121467316,-0.906281322538642,0.258597918380011,1.58382399087375,-0.624165396003135,-1.08803163286886,-0.766410883774615,-1.31739109267249,1.20537414182135,-1.4324977853416,-1.58559345641662,-0.272448515388517,0.648885029808415,-1.48202876834036,-0.231594519967575,1,1
-0.646143200382593,-0.323795021792038,-0.696280638681254,1.43124628164276,0.585302445274774,-1.68804050770128,-1.52460971541036,-0.711547532408805,0.885912153204546,0.748532227083525,1.73423368365764,1.52228482476296,-1.67888066905618,1.42372144225136,0.489044545350058,-1.03700906140546,1,1
0.546866863016002,-1.18811074959352,0.974611595989599,1.43124628164276,-1.11517771130771,1.17152823805945,0.076176587241809,1.26639115640337,0.524236385549895,1.14893354005784,0.319208772524384,0.831645206723056,-1.54732005095358,0.738059549131169,0.496231703760773,-1.68177906311782,1,1
1.00806244663015,0.270718653685628,-1.44535966772832,1.43124628164276,-0.0893858946077388,1.51064960922815,0.658280697297143,-0.513205949459257,-0.927829738739593,-0.0484379808979456,-0.126749878520087,0.831645206723056,0.59509520397168,1.56208801542823,-1.08938148654966,-0.513671577002754,1,1
-1.11115031774562,-0.758657299190193,1.16673115105384,1.43124628164276,0.510799410256744,0.524382236270204,0.658280697297143,-0.183786973983879,1.6190957311439,-1.6507520309428,-0.136315529363479,0.831645206723056,0.32154011167831,-1.63136124922646,0.720650264144847,-1.2044293053116,1,1
0.695516679222216,1.4850288964426,-0.222273660872244,-0.914050444882741,-1.61984935777942,-0.936851521173166,0.803806724810977,-0.414062157201782,0.233179841426366,0.561715340143927,1.61730245184785,1.52228482476296,0.271945108369587,1.45109409433914,0.722361430527992,-0.264904140639262,1,1
-1.48849215888448,0.307574773143427,0.362607946553938,1.43124628164276,-1.66572505169891,-0.866884571531459,1.24038480735248,-1.31489872267792,1.38890599832612,-0.466262354528705,0.55166064409657,0.486325397703102,-1.34161074966723,0.193503118764292,-0.508820822459702,1.15170434428808,1,1
1.05761238536556,0.341177661033325,-1.39629915389923,1.43124628164276,-1.27241503987809,-0.126663435308021,-0.505927522813525,1.69759314810175,1.22479785348749,-0.369420714491276,-1.16499300059454,-1.24027364739667,-0.503146233103933,-1.33231288175431,-0.0468528775274601,-1.32013722555847,1,1
-1.22549633021194,-0.48733688146491,-0.53594515269967,0.258597918380011,-0.852417687022765,1.3590894087987,-0.942505605355026,1.12767303637024,-0.581540245031234,-0.234503699281518,-0.188186670629485,-0.54963402935676,1.09338475086935,-0.977915285792378,1.16358496796995,-1.3992034924743,0,0
1.09191618910546,-1.54227566498115,-1.39613004785269,0.844922100011387,-0.241341114830845,-1.21881282958707,1.09485877983864,0.140792366123927,0.115046458623474,-0.0551273975042077,0.951265304129077,1.17696501574301,-1.11758733534678,1.21228410628159,0.0909540095799116,1.38641039958808,1,1
1.0347431828723,-1.61277868617719,1.63201977295205,0.258597918380011,-0.0424704409863676,1.11151776561447,-1.37908368789653,-0.0828222059478656,-0.244143496793447,0.531910613306636,-0.274889419223665,0.831645206723056,1.33731989377392,0.0229485855808294,0.420090520564258,0.84684341604206,1,1
1.64840011644154,-0.249104922736294,1.09615570282754,-1.50037462651412,-1.24278744154082,-0.730593487175487,-0.651453550327359,0.516051442404218,0.709597315344365,0.757110926419128,-0.672660817541358,-0.54963402935676,-1.30291837980626,1.66135264564371,-0.291465114859959,-1.5321807709839,1,1
-1.27504626894735,-1.42883324887193,-0.111255049823221,-0.914050444882741,0.596316207995553,1.05161229472408,-1.37908368789653,-0.602175608917281,0.293923188266843,0.930996880097273,1.70971366530854,0.831645206723056,-1.13757235063988,-1.31260752962172,-1.2032077531336,-1.44108356591288,1,1
-0.916762096552881,0.389954709397093,-0.931052865361918,-0.914050444882741,0.330931845693159,1.43640275595595,-1.67013574292419,-1.55872431502921,0.969835758436342,0.565502217175967,1.51547393661112,1.52228482476296,-0.0671971315655418,-0.298797746144184,1.73627009642622,0.639850193592915,1,1
0.291494101841223,1.34456842832223,1.53446027934889,0.844922100011387,-0.705390575991328,-0.261371936926285,1.09485877983864,-0.332387824391017,-1.68523669961871,1.02351010122461,1.53617471756661,0.141005588683148,1.55449065083613,-0.575916902976708,0.119997393195314,-0.441534375114859,1,1
0.272436433096836,1.35133057042452,-0.510807264505931,1.43124628164276,-1.67002040938577,-0.476508692545231,0.076176587241809,1.6754963357679,0.636500317388236,-1.34281255231409,-1.29425689337859,1.17696501574301,-0.581233835291672,0.0573817591425763,-0.555883389498597,0.774770825259191,1,1
0.390593979312032,0.571730067274292,-1.14854280486759,0.258597918380011,-1.45020617162911,1.02968335954446,1.24038480735248,-1.10126867747637,-0.629827747127372,1.13929690474779,-0.935746270785537,-1.58559345641662,0.558752689327966,0.46054599314878,0.751397157635892,-0.324280001248301,1,1
-0.810039151584317,-0.987731302974667,0.248338787333737,-1.50037462651412,-0.371379879958374,0.090012657668272,-1.08803163286886,0.0950169390121675,-0.955548434045876,-0.421992033325973,-0.209476805006728,0.141005588683148,0.317531197936651,0.55743972124064,0.42932213561206,1.61220404041467,0,0
-0.642331666633715,1.28196838510854,1.57030105657631,0.258597918380011,-1.18800655701549,0.623920411451113,0.51275466978331,-1.70338168612129,1.02611672238478,0.0694421397430497,1.15373006178891,-0.54963402935676,-1.20530030341572,-1.71210399493614,-0.914586786806691,0.672480738606044,1,1
-0.345032034221286,1.36239975960719,-1.69438235571774,1.43124628164276,-0.422479654666094,0.411620552849894,1.24038480735248,-1.31019452579097,-1.4191840014948,-0.260492157202179,0.820665429858245,-0.894953838376714,-0.863501458831222,-1.41080395426071,1.31658206234585,-1.55436706509911,1,1
-0.947254366543899,-1.03849843773178,-0.880612941334406,1.43124628164276,0.44101253643713,-1.20747363448307,1.67696288989398,0.301071625579386,-0.940994137230237,-0.114838297021735,1.21502311337549,-0.204314220336806,1.50195312208993,-1.59604470543405,-1.47584705256118,-0.578494711019389,1,1
1.17576993158076,0.844682120666945,1.55180072694421,-0.327726263251365,0.162946439263851,1.17634725273667,0.51275466978331,-0.702688215724802,-1.02590996643678,-0.775731344565271,1.46349217490322,1.52228482476296,-1.083185560939,1.25503948353248,0.376927394962389,0.222813358145289,1,1
-0.653766267880347,-0.725550135142426,-1.11345739522884,0.258597918380011,-0.922800777194738,-1.05971680211667,1.67696288989398,1.40429727075937,-0.28378528204408,-1.17679283019665,0.974226436190159,0.831645206723056,0.686364657653131,-0.639783247262031,-0.0658638029605026,-1.22691336244964,1,1
-0.817662219082071,1.07178346817445,-1.3143603576821,0.844922100011387,-0.535832658972236,1.4777842885334,-0.0693494402720245,-0.325969391592867,-0.618591944981297,-1.40273893453703,-0.839586501745674,1.52228482476296,1.62176036369699,-0.454973530765049,-0.619102934309055,-1.70594743006639,1,1
0.169525021877149,1.74944809245283,0.272730998033385,0.258597918380011,0.392399062270196,-0.870926525349604,0.076176587241809,-1.012292323539,0.74871671570765,-0.19929822230515,-0.756843722012701,0.141005588683148,-1.30975929182086,-0.168647478206192,1.14146988489764,-1.44198541724784,1,1
-1.69812651507273,-1.61876059596957,1.2857346035068,-0.914050444882741,1.24029811989536,0.794229122105334,-1.23355766038269,0.156973821998062,0.676258061705279,-1.33200502334748,-0.522542397053856,-1.58559345641662,-0.339708593563482,1.2024719595334,0.552155462998791,0.0875708307069221,1,1
0.825108826684044,1.40165475480286,-0.050552402535374,-1.50037462651412,0.870523441808343,-0.753495947846456,-0.505927522813525,1.02080648004665,-0.607828439261985,-0.916180458844213,-0.695230726107361,0.141005588683148,-0.947559236660574,-1.66786894025554,0.909764928993497,0.458797400738481,1,1
-0.0286747330644704,0.444919278225622,1.74670916773315,0.844922100011387,0.184116444827365,-0.639352503582146,0.51275466978331,-1.6656311170641,-0.224868489845728,-1.30298772316753,-0.883869880582796,0.486325397703102,-0.955781709916328,-1.30887098153515,-0.284920439575417,-1.39525108837857,1,1
-1.60283817135079,1.66637470977438,0.651264081564937,-0.327726263251365,-0.47238203690782,-0.666169330126127,-1.67013574292419,0.0181698220612541,-1.01157567908444,-1.38805991539936,0.875389512407415,0.141005588683148,-1.31156341563114,0.638324072105346,1.54340975994316,0.571897721850749,1,1
-1.29791547144061,-0.103978516343136,-1.45040348411385,-1.50037462651412,-0.462906686170192,0.842502442812371,-1.08803163286886,0.946169657585237,0.578259982577248,1.29782092541721,-1.63563841781315,-0.894953838376714,0.528692030807754,1.59630738486961,-0.527208227302329,0.406784059819859,0,0
0.611662936746916,1.22761211060024,1.7406930212526,-1.50037462651412,1.30406401165853,0.184180906638361,1.24038480735248,-1.37407866263875,-0.3648443799147,0.573906273411997,0.791190607558492,1.17696501574301,0.864414309517363,0.492676816466313,0.118294281441522,1.51633178389759,1,1
1.05761238536556,-1.50604238753846,-0.290957149826236,-0.914050444882741,-1.58213428880261,1.30782781545489,-1.08803163286886,1.39430058157993,-1.26943111000082,1.44125256265097,1.12379502241476,1.52228482476296,0.623182890229994,-0.81908555652917,1.51310194480428,1.17525294930145,1,1
1.35491201777799,-0.555750553125477,-0.709457970194492,-0.914050444882741,1.67701197487844,-0.675227531917124,1.67696288989398,-0.816638313155014,-1.28852799896921,0.46966559650887,-1.52361821131247,1.52228482476296,1.48288926153008,0.0701981781982653,-1.43328268247473,1.52782998208414,1,1
-1.42750761890244,-1.48994514881527,0.229981817330186,-0.914050444882741,0.565343507396857,0.649910078381848,0.94933275232481,-1.14194588569486,-0.618647258508509,1.16407171429696,-1.53828584817402,-0.54963402935676,-1.21897939251091,1.63441629553442,-1.34451821353428,1.60643217339458,1,1
1.48069263149094,1.67320198452573,-0.650742054834711,0.844922100011387,0.622925988024494,0.859923162506469,-0.505927522813525,0.308222395431223,0.840951093709371,0.161555190999991,-0.756780393671602,-0.204314220336806,-0.61488608852526,0.0984229430807073,1.72283194105634,-0.199309704277595,1,1
-1.15688872273215,1.12169863072882,-1.40739530932432,0.258597918380011,-1.586413700162,-1.21232027597612,-0.651453550327359,-1.12660935753007,-1.63800775187326,-0.160291188735462,-1.02643202337083,-0.204314220336806,-0.529119462005023,-0.432825079924099,1.64385410757702,-0.0373937246581253,1,1
-1.22549633021194,1.24557946751086,-1.70272497966402,-1.50037462651412,0.363192915585994,-0.354066551237879,0.94933275232481,0.621515950341037,-0.840318433517491,0.0684027309026728,0.276539663421746,-0.894953838376714,-0.919291262763133,-0.398737514228466,0.9520385896926,-0.746521490207722,1,1
1.5378656377241,1.54303756540536,-0.146159384668067,0.258597918380011,-0.0516164705449759,-0.0707644534366487,0.803806724810977,-0.0352366416275806,-1.16756917241133,-0.654875343891944,0.606165899452501,-1.24027364739667,-1.23102842341601,1.60710284475475,-0.0440384810233383,0.0331507184758751,1,1
-1.55328823261539,-1.42695934706507,1.1989708008087,0.258597918380011,-1.35356946820934,-0.508768117227328,0.367228642269476,-1.35202297778294,1.55924743911761,0.518150772195285,0.461795477941376,0.831645206723056,-0.036142041677491,0.754333356670341,0.0317380682850997,-1.19652177664138,1,1
-0.356466635467918,-0.380521781881865,0.280122022460768,-0.914050444882741,-0.762216616290025,-0.624443966100369,-1.23355766038269,1.42787132288807,0.696560775511849,1.34892314923617,-0.505558543648361,0.486325397703102,1.16997396257296,0.64523145659413,-0.830384610659816,0.593466412259878,1,1
-1.55709976636427,-1.47595168387399,1.76283573036804,0.258597918380011,1.34149832177496,0.630710601458004,0.367228642269476,0.599014104425549,-0.924603396651902,0.950137647413263,-0.0126091826471293,-0.204314220336806,1.58653878877984,-0.918995208944123,-0.222309787136829,-1.62890425302914,1,1
-1.58378050260641,-0.989259131516148,-0.71138872278034,-1.50037462651412,0.172396742847846,-0.990495927770474,0.076176587241809,0.158363735072864,-1.0131128736761,-0.162479375537478,0.48223623792248,-1.58559345641662,-1.27564803635534,0.206371466595502,-0.227096480409203,-0.90462889372837,1,1
-1.64857657633732,-0.924581838675089,-0.733588440931636,-1.50037462651412,-0.296760287942177,0.709852493557191,0.803806724810977,-0.436222234854344,1.22114858992219,1.54600093333374,-1.33705566399228,1.52228482476296,1.13084118016646,-0.490436976422825,-1.59645484979708,-0.999354221258868,1,1
0.867035697921695,-0.0897087508472212,-1.1528322003513,1.43124628164276,-1.4672647466376,1.48730043768545,1.09485877983864,-1.26575832850111,-1.07229945847894,1.655417259192,-0.952323512085599,-1.58559345641662,1.13577993159563,-0.890993549922278,-0.151540763787282,1.50942949084957,1,1
-1.13020798649001,-0.788084734478509,-1.13784804728236,-0.327726263251365,0.736233349812525,0.213060953047048,-1.08803163286886,0.717870607021174,1.69861663317635,-0.0544641273712894,1.35771325388739,0.831645206723056,-0.375100511230271,1.36142435419678,-0.0592608386286828,-1.21650407085881,1,1
-0.272612892992618,-1.37167773229144,-0.717154531695637,0.844922100011387,0.697515778168898,0.372361151094833,0.803806724810977,1.08551961122052,-0.756080116043122,1.23592588447414,-0.558054572545031,-0.54963402935676,-1.34262788804183,-0.399664622165657,0.58508892104219,1.34747406417311,1,1
0.527809194271615,-1.14005361140043,1.04606550590867,0.258597918380011,0.392441688526136,-1.49672926450988,-0.651453550327359,-1.29707559494681,-1.43597263240626,-1.75048047541739,1.04548469260847,-0.54963402935676,1.70955982435994,-0.744628189253424,0.0677409117863924,-1.28712348359937,1,1
0.569736065509265,-1.21045194826292,1.43825641546285,0.844922100011387,0.0359291955247844,1.24417365893723,-1.67013574292419,-0.019768470083019,0.64731371013523,-1.53554699838669,-0.877261820449772,1.17696501574301,0.549648056689662,1.48573289980794,1.26377487068565,0.522195775822373,0,0
0.684082077975584,1.66530972101066,1.67905988832501,0.844922100011387,-0.226791916671471,-0.750765899381559,0.94933275232481,-0.0534425113173419,0.368107075125717,-1.68928753320836,-1.60890530581821,-1.24027364739667,1.68246297483032,-1.03828514795965,-0.448085603306834,-0.614987077365862,1,1
1.61790784645052,0.920829519295798,-0.90088015799712,0.844922100011387,0.321083120510486,0.384822621712436,1.53143686238014,-0.520841409965787,1.70810552287573,0.918218370075221,-0.0056098564715285,-0.204314220336806,-0.0467138318272777,0.845716280083297,-0.302038837721509,-0.628337145265449,1,1
-0.4098281079522,1.64679966164358,1.35330273103372,1.43124628164276,-0.915176026700657,1.63912862871465,0.658280697297143,1.00129872341888,1.02901658154209,-1.48996780432806,1.36465362804468,0.141005588683148,-0.35354432779095,0.526911477603222,0.258388500482996,1.71699573366804,1,1
-1.61046123884855,-0.191975128359636,-0.567565810436112,0.844922100011387,1.51650526966435,0.317471594911128,-1.52460971541036,-1.38813816596736,-0.25283837691906,-1.70782989624697,1.10883980802417,0.141005588683148,-0.86690551361038,1.44711526546068,-1.01916329465693,-0.937577461551664,1,1
1.43114269275553,-0.753935327398749,-1.31575976492238,1.43124628164276,0.305705050085795,0.762630435043018,0.94933275232481,-1.02273379325654,0.598098460587468,-1.25504902128568,-0.87044891369703,1.52228482476296,1.68723666765522,1.14315935465606,-0.358230589467246,-1.01830072585411,1,1
-0.619462464140452,1.05664511940221,1.31414982139674,-1.50037462651412,-0.647924696705809,-0.19995656885354,0.51275466978331,-1.72734708664583,1.08315410744581,-0.703257960614825,1.42565169363067,-0.894953838376714,-0.845845617305909,0.707517389304587,0.655709408037705,0.311256579781848,1,1
0.748878151706498,-0.58717957949727,0.501683794712365,0.258597918380011,-0.172187237793631,-1.52624481846925,0.803806724810977,-0.440916600133185,0.0387005045838221,-0.153099695562581,-0.0778996464425534,1.52228482476296,-1.64184282272469,-0.635385967790973,-0.294794148771263,0.83176231558321,1,1
1.07285852036107,-0.680753284909897,-1.13553030372394,1.43124628164276,1.05077511526865,1.0137592039285,-1.52460971541036,-0.724288240670805,-0.78847142904315,-1.53989637618217,-1.58318796456412,0.141005588683148,0.0532231378511642,-0.0133043317978563,1.41944524055561,1.66279733826712,1,1
-1.07303498025685,-0.913646385876196,-0.21476384398432,-0.327726263251365,-1.16175545172667,-1.61364221323186,-0.942505605355026,1.27027742263905,-1.00402891813992,-0.0340367054827178,-1.65683964791288,1.52228482476296,-0.416471256091977,1.52964138671092,0.410194026772682,0.696533832766704,1,1
0.611662936746916,-1.27173011483669,-0.709961035763544,0.844922100011387,-0.710984782964766,0.679764817793385,-0.796979577841192,0.850509643664221,-0.711508502793585,-0.905507686427379,-0.0590350412037832,1.52228482476296,-0.817663403101007,-1.63681125030351,-1.18876561440394,0.216848796780672,0,0
-0.69188160536912,-0.830218537476016,0.851404152899209,-0.327726263251365,0.617327658918033,-1.65525224498085,-0.942505605355026,-1.4402960707404,1.18693676620827,-0.81413051204738,0.154881287064802,-0.204314220336806,0.476862295053161,1.01353312530219,-0.0327579897556181,-0.308200350787979,1,1
1.14146612784086,-0.485961032507762,-0.132846746333403,-1.50037462651412,-0.633164288178714,1.23669157493651,-0.942505605355026,0.833694756502986,-0.419073459175191,1.08749429462815,-1.4751486497013,0.831645206723056,-0.460804949068062,-0.851094421143867,0.928054650040784,0.331118949510142,1,1
1.41589655776003,0.623787606716258,1.72835530039897,-1.50037462651412,1.00548798058112,-1.19111805368627,-0.505927522813525,0.606616701379349,-0.741102940667161,1.66062857131276,1.46865532652499,-0.54963402935676,-0.329064180761144,-1.08066105219154,0.507353442762843,0.35078925611932,1,1
0.0208752056709344,-1.50544768724805,-1.51754162933512,-0.914050444882741,-1.26880636651107,0.0376045892710734,-0.651453550327359,-0.757035540130329,1.04207206894485,-0.156005467316676,0.755623896669262,1.52228482476296,-1.64433025145533,-0.918409918713526,1.3454689477142,-0.96621694163309,0,0
0.897527967912713,-0.990255658700833,-0.474620356965993,0.844922100011387,0.903064547373759,0.323149837323695,1.67696288989398,-1.67934440637604,-1.61597317443971,-0.649508719451411,1.04592496105074,1.52228482476296,0.318917454363938,-1.5111957974858,0.876795092734227,0.592701903805829,1,1
-0.18494761676844,1.09401270330374,-0.033914201633238,-0.914050444882741,-1.48214085013522,-0.157834834877184,1.38591083486631,-1.33398841634648,0.314241504221147,1.4679573919602,0.286638285936976,-0.894953838376714,-1.30086250919995,1.69284246928532,-1.50802894682041,-1.0118940857818,1,1
0.100917414397358,-1.21168346042748,0.0398351929674717,-0.327726263251365,-1.67368674046787,-0.560185703525556,1.24038480735248,-0.867129177136618,1.2747282066118,-0.0289444128244084,0.5645511593175,0.141005588683148,-0.982685527394865,1.27315228041791,-1.33169206541082,-0.030366883920509,1,1
0.962324041643627,-0.530098935127002,-0.610354012237077,0.258597918380011,1.36866784893101,-0.122455245282607,-0.505927522813525,1.09579541621424,-0.317241324148567,0.769537285433628,-0.398920861213211,1.52228482476296,0.763045581006858,0.0742934594505024,0.52953819802551,-0.821296644181592,1,1
0.703139746719971,1.28775643185609,0.82516592339288,-0.914050444882741,0.280094264288898,-0.661297990924565,-0.0693494402720245,-0.121104027787671,-0.80067454017703,-0.330090735477485,0.619605466670385,1.17696501574301,-0.637787240479359,0.741227010839536,-0.895533397635731,-0.639341928145285,1,1
0.413463181805296,-1.18381254644625,1.33055113991672,-1.50037462651412,-0.508335605022451,-0.224753458177031,0.803806724810977,1.44832698169749,-0.0369143508690279,-1.06357812728497,1.66416471703775,0.831645206723056,-1.15817211554722,0.196441128865982,0.315040620684917,0.395621863133023,1,1
0.482070789285088,-1.43520094627064,1.55274428227684,0.844922100011387,-0.917927017499699,-0.497654895010025,1.53143686238014,1.00062868157505,0.738444169652665,0.507428369535567,0.509234190838236,1.52228482476296,0.278520821836359,1.07281088259633,1.02311530641455,-1.49294028135885,1,1
-1.21787326271419,-0.03597274828277,1.08862469605185,-0.327726263251365,0.402205245798423,0.216531430104448,-0.942505605355026,-0.738386252923585,0.0485880234362552,0.542011813638548,-0.560475289049028,0.831645206723056,-0.978871461409369,1.18687086649595,0.277266574146007,-1.67324080816253,1,1
1.4197080915089,-0.670180270857211,1.24661293287235,1.43124628164276,0.0315992038719757,-0.914499909794888,1.53143686238014,1.1953470394593,-1.69936294273278,-0.168787068976579,-0.757565616994005,-0.894953838376714,-0.784380869861034,-0.916465236483322,-0.282045539798135,-1.26559827363648,1,1
-0.329785899225777,0.23868460960886,0.204509224947414,-1.50037462651412,1.68943081736281,1.67201207273156,-1.23355766038269,-1.32857629125619,-1.45660653562099,-0.829488039636417,1.61231189024975,-1.58559345641662,0.430839700671442,-0.13642069730144,0.517487479568759,-1.13467241493738,1,1
0.973758642890259,1.07583898299975,1.1608509275391,1.43124628164276,1.66063736212373,-0.0085679876178542,-0.796979577841192,-1.60779160311362,0.751670589639884,1.12191694652924,-1.10787767867361,-0.894953838376714,0.841932561537433,0.465391823355723,-1.22392396539085,-1.03441286608176,1,1
1.40827349026227,-1.24571837079116,-0.653533465776192,0.258597918380011,0.464516315747953,-1.06527421752382,0.803806724810977,0.375013389740791,-0.352039215120256,-0.810842781239265,1.06309950902148,-0.894953838376714,0.841231594952443,1.64630941612096,0.784034645774231,0.945815663627935,1,1
0.928020237903731,0.298897634176701,-0.323659682681092,0.844922100011387,-0.195578970394423,-0.0905775991531362,1.09485877983864,-0.549136838661409,0.969568906176997,0.52180305954864,-0.128412733019062,0.141005588683148,-0.0516116861318472,0.629821902789496,0.69332522294932,-0.178514482536993,1,1
-0.600404795396065,0.0370556277284753,-0.606959957655988,0.258597918380011,-0.0297583517758056,1.2508514639477,-1.08803163286886,-0.591802842512039,0.504954598884769,-0.433430534949906,-0.203560746505934,-0.894953838376714,-0.148543574709204,1.3685826070844,0.0606403429067727,-0.09918213020767,0,0
-0.299293629234759,-1.22158437326912,-0.0843212571275606,0.258597918380011,0.627533905973712,-1.65909301690081,0.803806724810977,0.647518254132473,0.271510271088826,-0.126079051901876,0.858096074340052,-1.24027364739667,1.00766835456412,1.19149997578988,-0.755550223736925,0.500319814601424,1,1
1.31298514654034,0.449683019865805,-0.715789464358388,0.844922100011387,-1.368012462397,0.60705582220958,-0.360401495299692,1.21177169190253,1.37000763163166,-1.03282707764347,-1.23706062558693,1.17696501574301,-1.05472632790748,0.283972735823175,1.04163695825242,0.791736760023112,1,1
-1.60283817135079,-0.770400287834264,1.63225498095895,0.844922100011387,-0.588977253628231,0.153699069891923,-0.651453550327359,-0.616916711079505,-1.6523709546747,0.488655725814103,-0.124800343018981,0.141005588683148,-1.19635227960596,1.35490468528465,0.0472915829076294,-1.70255096058178,0,0
-1.14545412148552,-0.0244936655775381,-0.621090580419167,1.43124628164276,-1.45836718284764,-1.15004311285162,-1.67013574292419,-0.607085079435833,-1.19316098419716,-0.982734070878507,-1.62919868951802,-0.204314220336806,0.58121828780217,-0.41937246009334,-1.51647136267799,1.23042509139533,1,1
1.25581214030718,-1.43681855575604,-1.36715036417732,0.258597918380011,-1.46493358024083,1.08224210340991,0.367228642269476,0.116305163270824,0.41870538145436,-0.080118342229441,0.588535383360868,-0.894953838376714,-0.303896727673235,-0.412973508849079,1.46100499090402,1.68318312268237,1,1
-0.585158660400556,-0.122872083168349,0.122094888181343,-0.327726263251365,-1.0441906156836,-0.463299451857239,-1.37908368789653,0.52966065941545,-1.49952347223585,-0.626278254543984,-1.55041233893337,0.486325397703102,0.738352220725363,0.967594024789361,0.938232148732352,-1.29589194877496,1,1
-1.67144577883059,-0.656097637687091,-1.50936520588939,1.43124628164276,-0.0499840634481526,-0.72198287862105,0.367228642269476,-1.03005449100616,0.489433460844587,1.5796435514475,-1.44937111032419,0.486325397703102,-0.83425064710382,-1.25413596240668,0.304544170156625,0.523510973434156,1,1
0.23813262935694,1.14052896989712,-1.32373919123519,0.844922100011387,0.978942643102583,1.11893044448007,0.221702614755643,1.4285260625809,1.65418305678347,1.64429642409386,1.19810452518774,-0.54963402935676,-0.597451745493975,-0.665447190796713,-0.20812464034416,-1.70631368614926,1,1
0.863224164172817,-1.52490071706613,-0.945686325660215,-1.50037462651412,-0.0491505486224999,0.46569761019621,-1.67013574292419,0.533931371270528,1.29250523131404,0.849896776696362,-0.206372583789969,1.52228482476296,1.38584531477341,0.375084583057701,1.60404246217402,-1.54606977734241,0,0
-1.2826693364451,-0.265569205613642,-0.0948698905176768,1.43124628164276,-0.564502761005755,1.36056401902631,1.24038480735248,0.43259611196805,0.303796564237146,1.65018817411537,-1.05205316834913,-1.24027364739667,-0.261756105283617,-0.272806949721722,0.963537007357325,-0.734905830699587,1,1
-1.00061583902818,-0.1268860006809,-0.202886372982813,-0.914050444882741,-1.43404311050537,0.435925435460501,-0.651453550327359,1.39914004897141,1.34459888051752,-1.37267616174201,0.316558779845551,-1.24027364739667,0.325447011376411,1.51667697626403,0.131972445682678,1.19494527368424,0,0
1.36253508527574,0.80143080826367,1.06986374970778,-0.327726263251365,0.173451730144864,0.818128208068713,-0.796979577841192,1.40977228325502,-1.32629631893219,1.67938701311857,0.0603821357844008,0.831645206723056,-1.3542383832527,1.57779433183953,0.5413353486857,0.528393386823139,1,1
1.12240845909647,0.276570259995365,0.860712825750723,1.43124628164276,-0.785072724598107,1.14759791887019,-0.505927522813525,-1.26336749273691,-0.164035152346794,-1.40738876829599,-0.318371359308693,-0.54963402935676,-1.10399800881047,0.0107966924102237,-0.748839897053574,-0.182079342427659,1,1
-0.84815448907309,0.600170489525176,-0.226965332387248,0.844922100011387,0.395501013332419,-1.54562889397862,0.803806724810977,-1.23037256268587,-0.253389300356711,-0.324145695169625,1.40985951548234,0.486325397703102,-1.59978759372335,0.136179189899166,-1.04343797666459,-0.206906904204738,1,1
-0.531797187916274,0.982665541726193,-0.54863952403982,0.844922100011387,1.63992888595733,0.939511250713584,-0.0693494402720245,0.906411560638565,-0.570131019879604,-0.937161069903468,0.864806909234258,-0.894953838376714,-0.252341661354348,0.773960371450734,-0.774583759834868,-0.112528622590496,1,1
-1.33984234267826,1.27920386327024,-0.608502889768553,-0.327726263251365,-1.33455399139494,0.380189758547913,-0.651453550327359,1.58163297775608,-1.7249059838285,1.54574697242007,-1.22463840825554,1.17696501574301,1.7057861099138,-0.144954151152861,-0.705930201884533,-0.645419227547989,0,0
-1.50373829387998,-0.630286065747496,0.980611784348207,-0.914050444882741,-0.988243760595831,-1.49474788133234,-0.651453550327359,0.575834647711149,1.33447570556007,0.441109056331659,0.240336492038524,1.52228482476296,1.30674836707135,-1.06319602767303,0.841303668195911,1.30257645338369,1,1
0.661212875482321,0.150281853099346,-1.52682422089366,1.43124628164276,-0.0917521709845816,0.0179884165630241,-0.942505605355026,-0.308139916920772,0.94529098175279,0.306830972586639,-1.44428575231023,1.17696501574301,0.47096864792978,0.850749316938997,-1.23625189534378,0.237467444953679,0,0
0.81748575918629,1.20226082890119,-1.66315289318729,1.43124628164276,1.61047540121621,-1.45013004077672,-1.37908368789653,0.634580444834332,0.516519999542213,1.69714788876449,-0.899404389427609,0.486325397703102,1.26243277074951,0.819186703597302,0.972428973362396,-0.0510088899711763,1,1
1.17576993158076,1.72233152891523,1.05545844554953,0.258597918380011,0.934406321730432,0.801347936606222,-1.52460971541036,-0.940319580215885,-1.28268502233358,0.359964317149713,1.42538808557723,0.486325397703102,0.336601250908588,-0.874566307177183,0.0917925459662955,-0.1158870099264,1,1
-0.165889948024053,1.37432999378425,-0.0504254255226195,-1.50037462651412,1.36868734161789,0.148647947794319,0.221702614755643,1.72395180469401,-0.426722496359845,0.47712483550368,-0.13953460660895,-1.58559345641662,-0.445195866914809,1.14614739126602,-0.389150787645617,1.50233918466556,1,1
-1.4503768213957,-0.429729096400272,-1.25309982054117,0.844922100011387,-0.570554836342843,1.55113991370727,-0.651453550327359,-0.239664876363263,1.44883141721502,-1.61154274479379,1.36333976961601,1.52228482476296,-1.12232119643866,0.392533181975198,-0.680778220897089,0.77301297451143,0,0
-0.524174120418519,-1.04367698701459,-0.889500734826939,1.43124628164276,1.69094472155232,-1.10326472794877,-0.942505605355026,1.49436379841496,0.393132276611749,1.21651394105963,-1.1742913567216,0.831645206723056,0.540823241137648,-0.904397424790009,0.0564734332803824,-1.21680381487622,1,1
-0.611839396642697,-0.0190673403422563,1.53115666634975,1.43124628164276,-1.36368999685708,0.353753730882063,-1.23355766038269,-0.240659585823203,0.346703551447733,1.60216203580496,-1.03679447362596,-1.24027364739667,-1.05466892012448,0.524478105066281,-0.621458594672785,-0.212504279449866,0,0
1.19101606657627,0.859361667812602,1.27760419579935,1.43124628164276,-1.53497074712738,-1.00525657740302,-1.08803163286886,1.48208005903553,1.41036565003266,1.56820116345363,-0.52136448980476,0.831645206723056,-0.276421220346124,-0.913650024505284,-0.233669887388241,-0.723317195382456,1,1
0.375347844316523,-0.0080054135013353,0.757592667386701,-0.914050444882741,1.22225486265998,0.38142491504084,1.24038480735248,-0.570119707600813,0.197047101078213,-0.999127844375858,-0.474180884139845,-1.24027364739667,1.14001397209662,-0.80496139656323,0.838798309409051,1.67779926781395,1,1
1.14908919533861,-0.040698809895919,-0.0327851676499529,-1.50037462651412,1.46843185673892,0.755533819919292,0.076176587241809,0.901542313621107,0.326828187868146,-0.982423193175599,0.850195917579539,-1.58559345641662,-1.27603418108017,1.19802077843267,0.447256718722045,-0.286667576923903,1,1
-1.1492656552344,1.19572209435858,0.0995410384812539,1.43124628164276,-1.40576295453224,0.754343899925605,-0.505927522813525,1.56127243315251,-0.538301429420469,-0.495732595017572,0.340414535718318,0.831645206723056,-1.27675522092832,1.47807249720326,0.869864380504745,-1.48130421485222,0,0
0.066613610657462,-0.464774067355728,1.67960646224807,-0.327726263251365,-1.32729496795062,1.07396490342535,0.076176587241809,0.504710485661715,-0.449952897831311,-0.68965983346026,0.179088569088979,-0.54963402935676,-0.945928110430191,-0.833661074250168,0.748578350894628,-0.301049271536666,1,1
1.10335079035209,1.27081722829941,1.64670033737444,0.844922100011387,-1.60298419641663,1.20652778432401,-0.505927522813525,0.614116049658978,0.628991536885945,-0.70562016310093,0.350776555302759,1.52228482476296,0.190050849180228,1.47312143799374,1.10229508943943,-0.609953430161665,1,1
-0.783358415342176,-0.306670018767623,-0.959997411448344,0.258597918380011,-1.35793684065632,-1.46799867278466,1.67696288989398,-1.37651173490368,-0.625122526162269,0.334925452151766,0.804462747238264,0.141005588683148,-0.851165541924218,-0.895814510356506,-1.02274126212755,0.346484241494633,1,1
0.158090420630517,-0.580287276959422,1.10950321032537,-0.327726263251365,-0.997538083455453,-0.551559771528513,1.67696288989398,-0.0902506928721072,0.194554461233511,1.0309028798669,1.36582298551666,1.52228482476296,0.0210686730230845,-1.31351400850157,1.72607201447165,-0.937456056099142,1,1
1.52261950272859,-0.142353079332791,-1.02260798524721,0.844922100011387,1.61550048232569,0.63313137285767,0.51275466978331,1.33872891936658,-0.766748567873047,1.48643418874994,-0.304980411339593,1.52228482476296,-0.676842728320315,-1.51644443353006,-0.0732016633687181,-1.59094986803132,1,1
0.219074960612554,0.931814549435213,-0.966011622965082,-0.914050444882741,0.577314670379125,-0.0164359436396918,-0.0693494402720245,-0.898412475432926,-1.15507143255248,-1.5313623153182,1.0516690321643,-1.58559345641662,0.0316276555033244,-0.884423051637501,0.766798781864921,-1.38501750386567,1,1
-0.322162831728022,-1.28453468870488,0.64057103006817,-1.50037462651412,0.95757100032958,-1.0772850469646,-1.52460971541036,0.997907979088096,-0.165036962275426,-0.80160313343065,-0.0241454930996513,1.17696501574301,-0.761304254972179,-0.392478848861516,0.626548018366365,-0.741277090894477,1,1
0.123786616890622,-1.0393146021929,-0.301005814402879,-1.50037462651412,0.949279630424358,0.170035988035938,0.94933275232481,0.607689346366223,-0.978819782897666,-0.881361664377832,0.769118936203924,0.486325397703102,1.67489017431911,1.47139382334685,0.239914538592822,-0.517234625203909,1,1
-0.947254366543899,1.58997876479908,1.52782389924151,0.844922100011387,0.12116128741998,-0.330478884872639,0.51275466978331,-0.960498888559033,1.36011384273527,-0.525627103006507,1.30294078075638,-0.204314220336806,-0.0152811261103902,-0.884269216937165,1.72847364114925,1.15385436720587,1,1
-1.12639645274113,-1.11219261969599,-1.39853072037797,-0.327726263251365,1.02262053808,-0.390418378133743,1.67696288989398,-0.753339800606065,-0.682895416115276,-0.293295990283686,-1.64184605935206,0.141005588683148,0.855049149702412,-0.460466134644182,-0.968606065398943,-0.786233045028288,1,1
0.0018175369265479,0.253724888380614,0.0689832157413321,0.258597918380011,0.329796398244612,1.05563486913095,0.076176587241809,-0.251872743799097,0.326068678983122,-0.415419607304688,0.15595385335324,-0.894953838376714,0.705568485679029,0.806710468891345,-0.260426309020606,-1.60635214158351,1,1
0.19620575811929,0.294075855162907,1.48259186720574,-0.914050444882741,-0.636404093390964,-0.329918396833565,-1.08803163286886,-1.2994644163228,-0.820855670494864,1.5398470430484,1.70329905357468,1.17696501574301,-0.0227679322231324,-0.678339693094862,-1.27897029694575,0.969199298403196,0,1
-1.43513068640019,-0.018259688364232,1.4325493725553,0.844922100011387,0.210602425608149,-1.64308016889052,1.53143686238014,1.43092357774075,-0.839478504937569,-0.248858494459754,-0.0202049466884374,-1.24027364739667,-0.895775112411223,0.635591786115651,-1.09152624677138,1.27233650637026,1,1
1.00425091288128,0.521931332718828,-1.16401700314171,-0.914050444882741,0.115784574881528,-1.53417767957644,1.67696288989398,0.82815837813648,-0.521403275890891,0.148683848103063,1.26617465391611,1.52228482476296,0.0471528266825082,-0.231521363589154,0.748545001818306,-0.0222837807045957,1,1
-0.585158660400556,-0.922976635485512,-0.434252447570112,-1.50037462651412,1.11181336702164,1.21580882983093,-0.942505605355026,-0.468701501725242,1.41980311912249,0.833024401468118,-1.10474086293923,-1.58559345641662,0.63767320802079,-1.04138337912264,-1.704709862123,-0.735159485209577,1,1
-1.64857657633732,0.201262513687019,0.442692877171839,1.43124628164276,1.6555230825791,1.57535110395622,1.24038480735248,-0.694889027678982,-0.381071519488846,0.751238346810363,0.3574572410336,-1.58559345641662,-0.129042531179232,0.806377173381446,1.36125673956258,0.939658358111346,1,1
0.729820482962112,-0.427270555000529,-1.15406373844348,1.43124628164276,-0.304915580871744,0.637564863784476,1.67696288989398,0.65573005578004,1.09488921241358,0.257641681745543,1.2871516880299,1.52228482476296,-1.44010785173437,-1.62362635400071,0.472152214322374,-1.68402236969391,1,1
-0.886269826561863,0.580860368819305,1.65452120852044,0.258597918380011,0.905484701290973,-0.478859639897083,0.658280697297143,-0.263442078274716,-1.0480141262239,1.22270098207916,-0.246290884911768,-1.24027364739667,-1.66188899727127,-0.711813202999294,-0.193991268845189,1.46178215233811,1,1
-1.48086909138672,-1.23152744067939,1.46948997326562,-0.914050444882741,-1.37423553748913,1.49955240062131,0.658280697297143,-0.938501050634622,-1.56016831615846,0.400791228265393,-0.0534141966625724,0.141005588683148,-0.587029213905196,-0.49237425413395,-0.573501371568858,1.26069721915543,1,1
0.63453213924018,0.264694760207311,-1.12782212370815,0.844922100011387,0.951656698773206,0.549343184120503,0.658280697297143,-0.242901764830686,0.95892971087586,1.27107012567424,-1.46779205958553,0.141005588683148,-1.2032147422896,-0.141677589751294,-1.2840163128592,0.158280313854101,1,1
-1.55328823261539,-1.07813927853806,-1.28687977240883,0.258597918380011,-0.441039204973535,1.17477339316947,-1.37908368789653,1.2851825619989,0.135370850165418,-0.715514644443278,-1.60704695605103,1.17696501574301,1.41883956947151,0.620129154643691,1.47122525386864,-0.76041187480483,0,0
-1.6180843063463,-0.752979127791637,-1.41103885924866,-0.327726263251365,-1.58163072781561,0.90438053014903,0.076176587241809,-1.49525270857178,0.0043549188114442,-1.30851761084872,-0.11636947432062,1.52228482476296,-1.11439131743536,-0.137598808157534,0.746321727345748,-1.60170516086487,1,1
-1.56472283386202,-0.961690101666233,1.45106194069812,1.43124628164276,-0.469107634134817,-0.427968769963681,-0.0693494402720245,-0.45694453112607,-0.790757313485069,1.07922210061947,1.19338281771813,-0.54963402935676,-0.356701636618592,0.326113535965683,-0.556068607919349,1.72233304593633,1,1
1.34728895028023,-1.08661045432608,-1.03517726863689,0.844922100011387,0.380758932264608,-0.0849429490661655,-0.942505605355026,1.60054403578498,-1.47723831810274,-0.438528047674125,1.50040115523453,0.831645206723056,0.745563369966197,0.331114204254988,-1.47573188533969,0.905055439831444,1,1
-1.21406172896531,1.15212442330835,-0.261813969829328,-0.914050444882741,-1.30729245619875,-1.09293985761225,1.38591083486631,-1.68152296180281,-0.0673047083547497,0.494228740440875,0.547457623540575,-0.54963402935676,1.10401051450742,-0.433636134448422,-0.59317350376691,-0.550278953656207,1,1
0.184771156872658,-0.728377770297766,-0.148701777752441,0.258597918380011,1.45733473424001,-0.728142860806991,1.24038480735248,1.35218584562436,1.25272989984715,0.79370175964186,1.13370230324982,-0.894953838376714,-0.0673247993049512,1.49346905924077,-1.08182985027813,-1.6483627214659,1,1
-0.840531421575335,1.50528341366286,0.372844080872379,0.844922100011387,-1.45012201539942,0.946666151365976,0.076176587241809,-0.434514246211621,-1.31340437694372,-0.632352407054685,0.813768783213136,-0.54963402935676,-1.09600025708626,1.56867867898123,1.00252161817769,0.482986194242429,1,1
-1.30172700518949,1.65433924443676,-1.45852943141753,0.258597918380011,1.47785076786271,1.34581567364932,0.221702614755643,-1.07642770366759,1.46546682848036,-0.0125689841216085,0.697151657100049,-1.58559345641662,-0.784668720371676,0.283243481928673,0.771530350133315,1.67792077840541,1,1
-1.05778884526134,0.266028700348837,-0.920090969516572,0.258597918380011,0.712241602115745,0.761772329574885,-0.796979577841192,-1.68101063431813,-0.782091746187655,1.34111429548407,0.933218831120796,1.17696501574301,-0.271079655051007,-1.47015881250305,0.0043681049154634,0.715986702702832,1,0
-0.0553554693066115,-1.22533721695365,1.52763627227406,0.258597918380011,-0.584304978387372,-0.131552950906392,-1.08803163286886,-1.4886153142394,0.102097140510903,1.2885550189103,0.0115231264627041,-0.204314220336806,-0.459674313176739,-0.0285694316254157,1.34746977255348,-1.42683862232664,0,0
0.108540481895112,-0.41899992091478,1.44747211380717,-0.914050444882741,-0.374624215987072,-1.43617239880871,0.221702614755643,-1.13765149901715,-1.49718694048756,0.835538215285525,-0.154009628877558,0.486325397703102,-0.514898874854069,-1.08271503943889,-1.09552694374444,-0.331759068909214,1,1
-1.32459620768275,1.05469172913193,1.00595127094705,0.844922100011387,0.827912472365972,-1.53802055371726,0.803806724810977,-1.64488397041317,-0.26585421828431,0.882016713552976,-1.19825006138915,-0.894953838376714,-1.266931157242,-0.0557662847048851,-0.155672551440463,-1.33928747518016,1,1
1.5874155764595,-0.443925175945641,-1.6403001464698,-1.50037462651412,0.349252114471038,-0.44455367448778,-1.23355766038269,-0.569550151048898,-1.29322478557768,1.35069285438001,1.19457101247011,-0.204314220336806,1.44353517109366,-1.068747804124,0.740425151474925,1.42098641063666,1,1
0.283871034343468,-1.42029498592325,-0.571901571806443,-1.50037462651412,0.590309149498778,-0.136210944945403,-1.67013574292419,-1.57739386510995,-1.56084060735014,0.790302265102407,-1.59851328751329,1.52228482476296,-1.62105327119604,0.702568254327854,-1.48658889823747,-0.578794822626126,1,1
-0.665200869126979,0.215619163517155,0.473387372985698,-0.914050444882741,-0.380071582996224,0.364390012839256,-0.796979577841192,0.664865010973415,1.59386488416834,-0.587636748127328,-0.819756368962449,-0.54963402935676,-0.198124748854188,-1.44012578453239,-0.430363058851527,0.80640740160499,0,1
0.623097537993548,1.21971725789864,-0.751874723226074,-0.914050444882741,-0.0411890688727253,-1.71186589212941,1.09485877983864,1.10370954180486,0.781776171313586,-1.34755863093935,0.0625939615700532,0.486325397703102,1.67596234018795,1.55991526098867,0.259020030928059,-1.42348374733055,1,1
-1.54566516511764,1.04840296453231,1.45155872675522,1.43124628164276,1.68348685106114,1.67568593802675,0.076176587241809,1.34118314970748,0.743872285912194,-0.301805632803983,1.64115194244499,-0.204314220336806,0.563976030863875,-1.04505771246725,-0.45071265298512,-1.27317914992766,1,1
1.40065042276452,-1.11347583588405,0.493986417075851,0.258597918380011,-0.982069013899016,-0.480339096387267,-1.23355766038269,0.169223581596948,-1.41462159000375,-1.46369627758722,0.992420940604718,-1.24027364739667,-0.491528578462046,0.554095095622936,-0.0578591866986,0.621161725796246,1,1
-1.64857657633732,0.619505682229141,-1.45793420388337,0.844922100011387,-0.281509158079393,1.18773162979301,0.076176587241809,1.5457109834488,1.46608378628568,-1.36496543100016,-0.46598343973419,-0.894953838376714,-1.21752687711028,1.43501000637714,0.385311714609952,1.18489340977686,1,1
-0.455566512938728,-0.955441081902298,1.44954038505149,0.844922100011387,-0.714462739641007,0.108906173890337,-1.23355766038269,-1.71334366095434,-0.113295396324872,1.53298728115847,0.74070637205426,0.831645206723056,1.61890969964509,-0.864581198818271,-0.445214301103075,-1.02211678999672,0,0
0.455390053042946,-0.963439186788794,1.61890098851229,-0.327726263251365,0.911396171963178,-1.28481893045964,-1.37908368789653,-1.26867348213839,1.20141338288853,0.580369724393434,1.50055882826592,-0.894953838376714,-1.67575205422484,1.49458824957382,-1.35420511193918,-0.276555887180513,1,1
1.42351962525778,1.32053564828697,-1.4377694074398,-0.327726263251365,0.907621239186419,1.01364276266311,-0.651453550327359,-0.717402665270307,-1.68232151139273,1.1906675306942,0.128881730437911,0.486325397703102,0.639115911637179,-0.380696501821186,-1.23838788229621,0.414665940695166,1,1
0.180959623123781,-0.853878269800942,0.141347490544984,-1.50037462651412,-0.712325081173523,0.71135578811004,1.09485877983864,1.00019909796776,-0.701462981007756,0.465800166575526,-0.140022941877568,-0.204314220336806,1.32847603359931,1.58475331945068,0.104294573934373,1.02262864325954,1,1
1.39302735526676,-0.80659301188207,-0.654018428515617,-0.327726263251365,-1.43735012558398,0.08296078914314,-0.651453550327359,1.3339963172365,1.69514083937882,-0.313419901747978,0.178193351978849,0.486325397703102,-1.63699481098762,1.62198610641283,-1.11610810327916,0.444846171069863,1,1
-1.66763424508171,-1.72104748485599,-0.343247861820176,-0.327726263251365,-1.67767139883302,0.0385747767226959,0.658280697297143,0.408254072903803,-0.256267506519826,-1.67966924355809,-0.665682958768473,1.52228482476296,0.790991277841412,-1.07013375847028,1.36130184945255,-1.3865797139887,1,1
-0.501304917925255,1.30868598459519,-1.08370792265984,-1.50037462651412,-0.248550275802619,-1.43282927972432,0.367228642269476,-0.405408361316027,1.32576807219401,1.55266215453,1.41661065907252,1.17696501574301,1.74018565416936,1.13986055305417,1.16851188751475,0.151357495086591,1,1
0.543055329267124,1.03680112595401,0.300117376249606,1.43124628164276,-0.30733732564307,0.525383966524059,-1.23355766038269,0.573520506151812,-0.599148357617104,-1.52069299870248,1.0319436770055,0.486325397703102,0.494323846267685,-1.05177655575151,-0.512281114963521,1.32626861123705,0,0
-0.89008136031074,0.461280942940349,1.61963973699232,-1.50037462651412,1.67841092210165,1.40530516962473,-0.942505605355026,-1.10628243671033,0.0785474986075408,0.352104577943638,0.711125040797537,0.141005588683148,-0.285957700732294,-0.938289306425291,1.15743078184682,1.26926385551601,1,1
-0.421262709198832,0.889394882994583,0.0396234813069424,-0.327726263251365,-0.103062569061812,-1.41296594024422,1.67696288989398,-0.146871160716472,1.20805877298635,-1.41208683624812,0.304353053476155,-1.58559345641662,1.30857822181066,-1.42741800370791,0.125718283031068,0.296409315439967,1,1
1.24437753906055,-1.19383048899109,-1.41970086469937,0.844922100011387,-0.83608678163744,-0.826343559138683,1.38591083486631,0.0251806756853011,0.35498032929084,-0.780176925293591,1.63373122123188,-0.54963402935676,0.1978963411549,-1.17854581649091,-1.17046227817429,1.70814440902791,1,1
0.806051157939658,-0.127261505168121,0.445749127964659,-0.327726263251365,1.34464151409169,1.37451373266762,-0.942505605355026,-1.3696359870637,0.764940502318995,-1.12168685111138,-0.71399677070846,0.831645206723056,0.87515736156359,0.456356845700253,0.406422390728175,-1.35324303560116,1,1
-1.40463841640918,-0.500240087640076,-0.525997984507973,0.258597918380011,-0.0300091912077225,-0.754569108219591,-0.360401495299692,-1.6155675637857,-0.939712591671918,0.156061890963196,-0.76491862003408,-1.58559345641662,0.314436397210352,-0.172491788975537,0.632440898162105,-0.069415616293365,1,1
1.05761238536556,-1.39675644188046,1.26517756098804,0.258597918380011,0.341366639303859,0.51881968307087,-1.23355766038269,0.865387951031933,-1.19022095028449,1.31384645803766,-0.908196150185638,0.141005588683148,-1.59145157412034,1.00189010710677,-1.43084848488725,0.949915179670402,1,1
0.135221218137253,-0.0304270771235016,-0.197929259294403,0.258597918380011,-1.38830041809321,0.108394403835162,-0.505927522813525,0.119267902103054,-0.93465302582702,0.440526872298406,0.837959484836912,-1.24027364739667,-0.984974275904847,-0.575496315517146,-0.632078439575612,-1.22978550452282,0,0
-0.287859027988127,1.48305138014422,-1.03790101386092,1.43124628164276,-0.401535680232728,0.320313997699921,0.51275466978331,-0.582058852499496,-0.0323138234543175,0.539738223177696,1.03195705321602,1.17696501574301,-1.45107356806699,1.61257125852834,-1.70283452182924,1.62926485600433,1,1
0.992816311634646,-1.5838213846162,-1.04392362496956,-0.914050444882741,1.52668941712065,-0.301699284639664,-0.796979577841192,-0.218384734540512,1.02516678569348,1.3897548861876,0.332389025708438,0.831645206723056,-1.35421906983536,-1.54514769091987,-0.62523367048764,-0.49755838582855,1,1
-0.951065900292777,-0.708342378331856,0.962443407284158,0.258597918380011,0.308147007499405,-0.700658282297056,0.221702614755643,1.58448538359956,-0.509871643111314,0.835774908111667,0.524149484864759,1.17696501574301,-1.67082982378355,-1.50024919009838,-0.559351754411483,-0.510988175939548,1,1
0.333420973078873,-1.00058443844257,-0.785227240580953,0.844922100011387,-0.533498881080015,-1.56701117678844,-0.942505605355026,-0.399597928167702,0.214157049056267,1.24049645670778,-0.534868421627287,1.17696501574301,-0.263461029185792,0.694043388027803,0.461842492622126,-0.981745017483142,1,1
0.0628020769085847,-0.894003404811333,0.95712656457735,1.43124628164276,0.432371452066016,0.830060314408167,-1.67013574292419,-1.37445770969168,1.03838098231458,-0.320879883418698,-1.61548542966842,-1.24027364739667,-1.10461380432981,1.3338825718789,-1.03191056680288,-0.724536653691147,1,1
-1.37414614641816,1.44020023264661,-0.992582757214059,-0.914050444882741,1.41053507774436,0.836305032559929,0.803806724810977,-0.127029527516527,-0.90556430909958,1.23841434274735,-0.868014144282883,-1.24027364739667,1.24370307593669,1.01754876508333,-1.61723822851806,0.270879636454202,1,1
-0.69188160536912,-0.0933240173861042,-0.590380783441573,-0.914050444882741,-0.775721953644367,0.576639247186771,-0.0693494402720245,0.511872765506566,1.30681820134858,0.476088143977287,0.287616758064475,1.17696501574301,0.877226971696566,-0.0330734936651656,-0.627985382900363,-0.23868425081915,1,1
0.783181955446394,-0.099486597909427,-0.0909217404684843,0.258597918380011,0.0182516994054927,0.483298851785526,1.38591083486631,-1.69094034508,1.54758619503783,-1.29606968080873,1.08664102495886,-1.24027364739667,0.263789657801992,-0.789809853350224,1.13883488257435,-1.04986393048466,1,1
0.463013120540701,0.925297897205279,1.56829256357557,-0.327726263251365,1.57638696152823,-0.894541285036735,0.367228642269476,-0.581706026582801,-1.59176196875009,-1.63259590366548,0.96174332676626,-0.54963402935676,-0.0281025571684604,-1.67032544825046,-0.33866639490325,1.06684791508365,1,1
0.150467353132763,-1.1853207942616,1.52847346296178,-1.50037462651412,-1.12472328240305,-1.6572389511483,-1.67013574292419,-0.369806183754983,-1.52259154057858,-0.919493993248628,-1.12715150856745,-1.24027364739667,-0.836788127959285,0.0344091436063403,-0.283413307335844,-1.5006603573238,1,1
1.62934244769715,-0.0264750214668792,-0.989163093402565,-0.327726263251365,0.755272817005523,1.05205752443251,0.367228642269476,-0.126639263600623,-1.41321342080372,-0.453004796061457,-1.57463536049268,-1.58559345641662,-0.0769036573981942,-0.0818127242118261,-0.0965620938623627,1.15454945513222,1,1
0.33723250682775,-0.225946787926309,-0.463492764959026,-0.327726263251365,0.393944266667335,-0.0420958181716919,0.367228642269476,-0.687896468007147,0.94206890279831,1.14190241811931,1.21814276780047,1.52228482476296,0.499827656146917,-0.533396635105374,0.883051671294717,-0.769495474393441,1,1
-1.534230563871,0.355352763050837,-1.18878084598725,-0.914050444882741,0.617901716368535,-0.677069359415395,0.51275466978331,0.577249925864439,-1.07535514353108,0.807362683556803,-1.4902592641001,0.486325397703102,0.988881941166572,0.270258296183939,-0.0584623376012578,-0.0099185843929804,1,1
-0.615650930391574,1.75752655161166,0.0636324220003603,-0.914050444882741,-0.510421710830985,-1.38303650382537,1.24038480735248,1.53947487239033,0.766670173300362,1.55105998525065,-0.379870351682853,-0.204314220336806,-1.44095083502043,0.788353026966692,-1.40524209293518,-0.404682682571961,1,1
1.2520006065583,0.956198016808321,-0.107956145939876,1.43124628164276,-0.638694450661681,-1.51812851910339,-1.67013574292419,1.43309502051407,-0.210117102849989,0.175017623948092,-1.42512787027631,-0.894953838376714,0.733032363318327,0.692370745532548,-1.00642423248612,0.24686220788347,1,1
-1.6523881100862,-0.337799440870327,1.42090175166554,1.43124628164276,0.633478947022524,-0.532267489226835,-1.37908368789653,0.568490276360316,1.1463645636614,0.829927692155808,0.216830383119858,0.831645206723056,0.851880494012628,-0.811766974062128,-1.07052508265322,1.0216443210292,1,1
0.996627845383523,1.15853933576193,1.52247842718494,-0.914050444882741,-0.976502501060078,1.03835090434332,-0.0693494402720245,0.0228943933624867,1.05123545383924,-0.810963433486123,-0.484627710349115,-0.204314220336806,0.214520609576573,0.295110651684694,0.037982644172826,1.68622516949512,1,1
-0.18494761676844,-1.12884980896981,-0.375450975251267,0.844922100011387,-0.275330678791463,1.43107130426178,-0.796979577841192,1.1276381748173,1.57018483626668,0.593188672596462,-1.04674824249238,-1.58559345641662,-0.980901560293217,-1.205225150327,-1.61779781309328,-0.662517471131933,0,0
1.31298514654034,-1.6172364202575,0.0002550995571649,0.844922100011387,-1.07052034082237,1.35536944708882,-1.08803163286886,1.16269993517203,-0.863454866141161,0.685480227370735,0.325586284194023,1.17696501574301,0.145887661605413,-1.29861655629042,-0.7389100518573,0.189119270703452,1,1
-1.38558074766479,-1.01135395039938,1.40518895665031,-1.50037462651412,-1.68841626418354,1.43547126989933,-1.67013574292419,1.14065523810812,-0.93831840256785,1.17957665509319,-0.484434240359079,-0.204314220336806,0.0193585199280844,0.984401449109974,0.38211260777516,-0.112686837816642,0,0
-0.760489212848912,-0.537877167241069,1.0942320587057,-0.914050444882741,1.61543432348119,1.3931782950958,-1.67013574292419,-1.18613711753109,-1.61738937039886,0.0959308413733965,-1.17153292487351,-0.894953838376714,-0.0742723623889576,0.667822790062447,-0.492815703971735,1.719254407493,1,1
-0.223062954257213,0.0547182978151822,-1.6949866331709,0.258597918380011,-0.23394210581759,0.0822326785771524,0.367228642269476,-1.64480394410255,-0.316099942383611,0.487006708980021,0.692260922383564,0.141005588683148,-0.126542988503669,0.92278719117659,0.730350011312433,1.06606996377192,1,1
1.26724674155381,0.418796504701911,-0.596031122914462,1.43124628164276,1.61300304752322,-0.978267663478588,-0.651453550327359,1.67278006114441,-0.149030621716318,-1.06184077386976,1.17008261710643,0.831645206723056,-1.33986717836304,-1.1925503242847,-0.366118283589211,-0.349615469117483,1,1
-0.436508844194341,1.44776107633197,-0.24274807481945,-0.914050444882741,-1.23490043714467,1.01530006512269,-0.214875467785858,1.59124268973705,1.58684562734416,0.791784243401025,-0.797744269653067,-1.24027364739667,-1.08990448875177,1.42695457962099,1.67110679951198,-0.0753154894927612,0,0
0.684082077975584,0.052187478420319,-0.90981818113742,0.844922100011387,0.30080038732926,-0.997915154578732,0.221702614755643,0.222048953609077,1.12757984466229,1.1448332097638,-1.1029053940187,-0.894953838376714,-1.38666904085781,-1.25905787703619,1.62294657075293,-0.869122996165882,1,1
0.264813365599082,0.0223142692155791,-1.01451890236091,-0.914050444882741,-1.02655137732553,-0.81361026215276,1.53143686238014,1.70696977046642,-1.15278253068911,0.295057927542479,-1.49143832210756,0.486325397703102,-0.883233899156018,1.27372908904618,1.04952527289093,0.881589337195294,1,1
-1.19119252647205,-1.54835710882143,-1.57645002556744,0.844922100011387,0.997148747234445,-0.930588996035289,0.076176587241809,0.936195329817728,1.01666547762116,-1.36529994054499,0.090503708148647,-1.24027364739667,-0.810399436535002,-0.505442448575629,1.58495618916414,1.1908466895515,1,1
1.65221165019042,-1.60174721653716,0.526913978438932,-0.914050444882741,0.975262359333416,0.0400538944209193,0.94933275232481,0.0592518441418066,-1.11326194773097,-0.680465567172801,1.15080991527545,-0.204314220336806,-0.874222669932724,-1.35418455698134,-1.01204204758362,1.60257936895584,1,1
0.908962569159345,0.196030899311748,-0.795915576935937,0.258597918380011,-1.3301128186237,-0.625426184289066,-0.0693494402720245,-0.384296880252089,-1.45852798703325,-0.115541783647175,-0.87796029065284,1.17696501574301,-0.992660150909932,-0.730942886873353,0.880052613575494,0.230454037251712,1,1
1.48831569898869,-0.197414179629156,-1.52586986144386,-1.50037462651412,1.41621477724833,-1.20310771353442,1.38591083486631,0.320717138696041,1.14920728981986,0.584799413173686,-0.14457471005273,0.486325397703102,0.826533424962778,-1.09292733804455,-0.607115158506101,0.590895267446067,1,1
0.184771156872658,1.19903027362793,-0.905431341563946,0.258597918380011,-1.04834586357963,-0.172897750512344,0.94933275232481,0.0537855341490999,1.62615392039154,-0.654522431223833,-1.19244886086828,-0.894953838376714,1.11491451341575,-0.0301430309997762,0.791262620011168,-0.181261550323533,1,1
1.43876576025329,-1.16377392374384,1.07758168226274,0.844922100011387,0.388778811181268,1.27666416440596,-1.23355766038269,1.70952893085224,-1.42297090494585,1.15136029163294,-0.34181303466475,-1.24027364739667,-0.589691591296701,1.5476840346705,-0.426149932238319,0.379298623751898,1,1
1.05761238536556,-1.6363617884462,1.24977008546215,1.43124628164276,1.66894251286101,0.231511782007595,-1.23355766038269,-0.0339957565429618,1.0696758767378,-0.475787785925327,-1.70045359558002,1.52228482476296,-0.665929915855345,-0.589676043073935,-0.718802175976951,-0.515768858328138,1,1
0.104728948146235,-0.159594889397112,-0.0298640917700781,1.43124628164276,1.3142983624172,1.29192129821993,-1.37908368789653,1.1626441606691,1.22520830357824,-1.61827342853497,1.42842413036643,1.17696501574301,1.20324612913442,0.38720516126659,1.60021561511209,0.821232135669976,1,1
0.550678396764879,-0.896329978586094,-0.262558147257018,-0.327726263251365,1.56908114983432,-1.05938235244758,-0.942505605355026,1.08540877734274,-1.31775369317678,0.990567810298397,0.610081353102624,1.17696501574301,0.439804306106437,1.34825592955439,-0.994348381146194,-1.63657744527028,1,1
-0.863400624068599,-1.55054626600574,1.68866878627566,0.258597918380011,-0.540036430832324,-1.15894623094518,-1.08803163286886,-1.48555505941386,-0.752816309771447,0.470398458135692,-0.591299830934008,1.17696501574301,-0.706478417198338,0.448984422364943,0.906539859714142,-1.61678924390457,1,1
-0.295482095485881,0.800010726499519,-1.01106978852406,-0.914050444882741,-1.35426773112151,0.24882199350402,-0.214875467785858,-1.43151658319128,0.794023290340077,1.01822084160685,1.32521856560256,1.52228482476296,0.750886725996289,-0.471691965143019,0.615884425747119,0.747090279212958,0,0
-0.181136083019562,-1.33471253831516,-0.959683993292656,-1.50037462651412,-1.06992869895459,-0.137908857091953,-0.505927522813525,0.552614205283266,1.04840168733734,-0.555321521525543,-1.11512132874359,-0.894953838376714,-0.529050090557628,1.68892193275651,-0.670102390375038,1.48465758325811,0,0
-0.0248631993155931,0.395082683006384,-0.693951036583778,-0.914050444882741,0.0023746274600191,0.54028046499875,-1.37908368789653,-0.835375919256663,-0.509939396721234,-1.70581673193111,-1.47926973028126,-1.58559345641662,0.31019313649546,-1.0724238210049,-0.133578223330614,0.458776237636786,0,0
0.15427888688164,-0.744598105717946,-1.10765233210001,-0.914050444882741,1.00798882287248,1.00351779412867,-0.505927522813525,0.544705854978892,-1.17634988613092,-1.51089731019658,1.53988348727477,1.17696501574301,1.7186681342869,0.0818549423914738,-1.22626714399791,0.782866267403002,1,1
0.630720605491302,-1.11914199647291,-0.390044957179382,0.258597918380011,-1.20113160192973,0.854268347911141,-0.0693494402720245,-1.23192996346868,0.501020804895078,-1.37875359419846,-0.674465779151155,0.486325397703102,-0.678189316708086,1.02169136392201,1.46999889877491,1.11770423604117,1,1
-0.672823936624734,-0.400880074113532,1.45589174824902,-1.50037462651412,0.549390670560424,1.51216522088003,-1.37908368789653,-0.357496168344987,0.685182891025773,1.02930376859965,1.5166491110748,-1.24027364739667,1.50324765629092,-1.71432774708582,1.63252064302123,-0.471337719409878,1,1
0.291494101841223,1.06762362792208,0.429586267557002,-0.327726263251365,-0.605378702492839,-0.362104300023756,1.09485877983864,-1.37795264256922,0.003949810123842,-0.720137317057966,0.473925812753491,0.141005588683148,-0.612086883037808,0.696340495295314,0.816098304884781,-1.34296498393705,1,1
-1.10733878399675,-0.357900233088711,-0.276882356418845,-0.914050444882741,-0.544834426310584,-1.02315635717382,0.658280697297143,-0.75575804442855,-1.22782452335826,1.69874552693318,1.6706652714975,1.17696501574301,0.149710332304888,-0.800610395527518,1.22129168117641,1.49294030541427,1,1
-1.13401952023889,0.891149607849971,1.53777965118335,-1.50037462651412,0.556900784716885,0.163844991632816,1.24038480735248,-1.42704184435449,1.17463492551675,0.866904818917824,0.878685682638615,0.831645206723056,-0.128818748172441,-1.13321301174563,-1.43526271249427,1.51177215910753,1,1
0.649778274235689,-1.28633066522589,-1.53935640058506,-0.327726263251365,-0.112690365229603,-1.35267906981866,-0.0693494402720245,1.62908387291122,0.490448211333159,0.320818571078575,-1.38578218274726,0.141005588683148,0.992110063272536,-0.774160998980867,-0.391245003810899,-0.195762085326471,1,1
-0.996804305279304,0.967768345501601,-0.977339014683591,-0.914050444882741,1.07258374976796,-0.739040323435538,0.803806724810977,-0.364457879688243,1.25938522254037,1.64915290486136,1.22397435869276,0.141005588683148,-1.51236464873052,1.60635673884188,-0.575406795515647,-0.968079532965126,1,1
1.38540428776901,-0.898228688320627,0.257800740930531,-1.50037462651412,-1.18132790625349,-1.017983856106,-1.23355766038269,1.38872457263334,1.4785110228967,-0.668477036318878,-1.23761947740757,0.831645206723056,0.450897901933638,1.34899275823069,0.235762323133258,1.3529017218263,1,1
-1.33984234267826,0.635623976606601,0.430297533720536,0.258597918380011,0.996716397577367,-0.367936163833611,-0.360401495299692,1.63113835708741,1.04142170482478,-1.19184987161875,0.664690773755914,1.17696501574301,0.914094860148229,-0.98189121301725,-1.08626088903676,0.720641105709427,1,1
-1.21406172896531,0.246948983139673,-1.57029190909466,1.43124628164276,-1.49628190094211,-1.35104786733709,0.803806724810977,1.4177308580618,1.5667328464017,0.793568994376991,-0.0055858925015116,0.831645206723056,-0.0866383445653421,-1.31434091634494,0.230322279594123,-1.68632572116158,1,1
1.35491201777799,1.51232109799397,-0.307821563243619,1.43124628164276,-1.05032376118206,-1.62451941603459,-0.651453550327359,-0.156966294764157,1.55162300273908,-0.801238797702946,0.718956621880416,-1.58559345641662,-1.35905814044484,-0.46497797813658,0.545532433673044,-1.34431922773013,1,1
-1.06160037901022,-0.374514919310678,0.547004233836387,-0.914050444882741,0.537086267431144,0.528639985362838,-0.505927522813525,0.965119730788449,0.401425974093031,1.57072185578647,0.919087198563069,-1.24027364739667,-0.875162100922155,0.319282112863683,-1.26295573940523,1.66518684543983,1,1
-1.01586197402369,-1.49290987746928,0.71690497404592,-0.914050444882741,1.21992930646731,0.368277558575851,0.94933275232481,-1.20050000019818,0.775180799593523,1.66460781877903,1.05425266016833,0.141005588683148,0.633166772395429,1.26378821778565,-1.26514660199436,-1.58354356649125,1,1
-0.3259743654769,-1.65661598150587,0.508749366472232,-1.50037462651412,-0.848930256615983,0.706297582489293,0.076176587241809,-1.4044086707261,0.676390814097735,1.45043987498143,1.16369342313883,0.831645206723056,1.38154348457561,1.60386046810492,-1.59876435643935,-0.743314111423482,1,1
-1.56472283386202,1.15612084644415,-0.594281772608419,1.43124628164276,-0.592963739494658,0.541017069292405,-0.942505605355026,1.30459590955227,0.407579027004256,1.5141967064219,1.20648565136119,-0.54963402935676,-0.261922314240599,0.865130266125509,0.91459075147824,0.170872522722245,0,0
0.2953056355901,0.104011106089126,-1.38286490002727,-0.914050444882741,0.12819321828476,-1.34044281220323,1.38591083486631,-1.62510198572216,-1.65912589863531,0.371177936951872,-0.312548600585594,-0.54963402935676,0.219514646018548,0.342209190176789,-0.57472283597758,-1.08087943891372,1,1
1.67126931893481,0.976379014171567,-0.224207022605035,-0.327726263251365,-0.990142047459274,-0.731364988081315,-0.796979577841192,1.63514117161981,-0.503302378905679,0.636743876937358,1.35328150591044,-1.24027364739667,-0.932114467353945,-1.22736763666208,-0.940528020051096,-0.916913562774489,1,1
0.180959623123781,-0.906961563533749,-1.26048643861645,-0.914050444882741,1.06957093641269,-1.28796397069566,1.24038480735248,0.595302437108035,-1.3818973032649,-1.43972241838342,0.76038885446369,1.52228482476296,-0.294509703095388,-1.46212491930159,0.974186121959311,-0.501267703794501,1,1
0.25337876435245,-0.5216067832478,1.58367156131144,1.43124628164276,0.940682054029065,1.17008380810581,-0.942505605355026,-0.279403363060786,-0.694413609383911,0.88309555249469,1.17764064188242,-1.58559345641662,-0.556114651127561,0.331965884670202,-1.22518417549465,-0.788004812238904,1,1
-0.383147371710059,-1.61848943314608,-0.0572869149153027,0.844922100011387,-1.21783350527807,0.839096405811328,-0.214875467785858,-1.24318959025526,-1.49012457800522,-1.06526332226855,1.70263757189456,1.52228482476296,0.549413994766953,0.136186804156651,-0.241529230508607,1.04696611452918,0,0
-0.200193751763949,1.6249680709882,-0.60575764690978,1.43124628164276,-0.123579002814853,-1.0398997055781,0.658280697297143,0.772298030491324,1.43407931934925,1.15148187891373,-1.34758047974757,1.17696501574301,1.6911454712289,1.1914176836572,0.858793017488676,0.0051074289382565,1,1
1.03855471662117,0.602453437988165,0.953898770087856,-0.327726263251365,0.94477384259439,-0.558305417181882,0.94933275232481,0.217661215044571,-0.175589040413801,1.5724406632279,-0.459313624301147,0.486325397703102,1.09666355161564,-0.607772733997557,0.26652929109731,-0.756840398997629,1,1
-1.09971571649899,1.52646089035325,0.0218263934632554,-1.50037462651412,-0.558137534502068,1.59607187558005,-0.0693494402720245,0.730370545416688,-1.07526069132508,-1.02944092503872,1.06432413392078,1.17696501574301,-1.05774439202958,-1.58014178497618,0.197821611024494,-0.638327817327483,1,1
-1.6523881100862,-0.798760905449216,-0.630852581023717,-0.327726263251365,0.457928407098522,0.31284369640133,1.24038480735248,-0.285260171763005,0.282717799917538,-1.49603874811296,-1.45281467189748,-1.24027364739667,0.279403363630139,-0.260287218105748,-1.17596216288501,-1.57757329571954,1,1
0.165713488128272,0.406031703361558,1.11250125824983,0.844922100011387,-1.5444512691487,1.02601160926862,1.24038480735248,-1.50338092399682,-1.05092347491431,-0.0864529406073469,0.135513595006212,1.52228482476296,-1.49391574820133,1.61448818006504,-1.09465376349239,-1.5448233560659,1,1
-0.0896592730465072,0.63947841920512,1.30417188545866,0.844922100011387,0.374046506584388,-0.822624048312538,1.67696288989398,-0.641868204247573,1.03710293952502,0.982075944516866,1.2455350713063,-0.204314220336806,-0.867841965589988,1.0178055521204,0.296761777988013,0.753232067890859,1,1
-1.30172700518949,-0.617491057394684,0.629856435574544,-0.914050444882741,-1.19254578391056,-1.01052520759039,0.076176587241809,-0.64170002290601,-0.674975393993132,0.909456357864582,-1.68806033497615,-1.24027364739667,-1.12692985310864,-1.60048409624231,-1.63984077000325,-1.3264744395016,1,1
1.69413852142807,1.23012397372947,-1.54456565341021,-0.914050444882741,1.13630755938772,0.966618910943554,0.803806724810977,-1.70283521502482,-0.644130024183254,0.653066910516276,1.52904009582905,1.52228482476296,-0.560430377604346,1.28968326155511,1.28953329167092,-0.0790358842905932,1,1
0.0018175369265479,1.57506242665807,0.259309097659221,1.43124628164276,-0.495891220210793,0.628824500708512,-0.796979577841192,-1.69971127768288,1.26208698041658,1.08330483750801,1.66403167706712,0.486325397703102,0.630189425213735,-0.0953774220791342,-0.507296693567605,1.18106292888227,0,0
-0.527985654167397,1.35808745515696,0.943447132918299,0.258597918380011,-0.749740333678305,0.611961301088644,1.53143686238014,-0.587186853853171,0.194880597634013,-1.15929733032588,-0.628110281022358,1.17696501574301,0.0078724222105733,-0.462862775772701,-0.27813885716721,-0.448033738597063,1,1
1.10335079035209,0.850396339602785,-1.23357350771622,-0.327726263251365,1.1717099445289,0.169777629351275,-1.08803163286886,0.787512268395536,1.32167631689417,0.49719193494317,0.925383714634559,-0.894953838376714,1.51151394367704,-0.524826076062277,-0.826159841894765,-0.526070519272564,1,1
-1.0654119127591,-0.757082717909825,-0.91344960233938,1.43124628164276,-1.54468863867768,0.207482368217815,0.51275466978331,0.428723196683865,-0.307610543553033,0.336532100311516,-1.30997120407381,-1.58559345641662,-0.986348308688975,0.32893233137642,1.31570070445918,1.28653601374675,1,1
0.367724776818769,-0.742626056533112,1.35746218435499,0.258597918380011,-0.354499029450795,0.800487652994125,1.38591083486631,-0.904966821717839,-0.544441975564343,-1.23416549006193,0.946608178472528,-0.54963402935676,-0.461011214889719,0.10709396648059,0.504439515415851,1.2583553943098,1,1
-0.135397678033035,1.63147316047382,-1.63779773437004,1.43124628164276,-0.445894474805197,-0.80397989365752,-1.23355766038269,0.355007771063149,0.0128623471044196,-0.327704583319843,-0.0715887064656493,-0.54963402935676,-0.580176300331234,0.540247246132615,-0.162799339189523,1.31090317518242,1,1
-0.756677679100035,-1.68750822390451,0.906742347008231,0.844922100011387,-0.738587787896784,-0.518824739364047,1.53143686238014,0.509549261067724,-1.5144159464144,1.19386631405235,1.25208832168312,0.141005588683148,-0.905828279657078,0.255027992476779,0.306289036045347,0.251371746652951,1,1
1.17958146532963,0.770242167697802,-0.062141072051964,-0.914050444882741,1.41514943765766,1.26884167874928,-1.67013574292419,0.0772285576445398,-1.19602379457761,1.60810926272594,-1.01140555155267,-0.204314220336806,1.72052980343184,-1.22182536249678,-0.403713654482488,1.55898246901944,1,1
1.26343520780493,0.736101478857595,-0.155923434808567,-0.914050444882741,0.862673763381115,-0.670085457167075,-1.23355766038269,0.0730166424093236,-0.971691440882357,0.544052352701089,0.596402737455126,-0.204314220336806,-0.381179286995909,-0.832446621141981,-0.10849743523199,1.10061843207861,1,1
-1.17594639147654,0.445124764814346,-1.68303779903082,1.43124628164276,-1.49735398387623,0.147985955676324,-1.37908368789653,-0.452131012999688,1.07912850455976,1.43493823829969,0.992931999043415,1.17696501574301,1.5378734253486,1.17403167158641,-0.482486368628267,-0.285846962790414,0,0
-0.669012402875857,1.7246219492463,1.13830938851045,-0.914050444882741,0.73817742773628,0.686592181351826,-1.23355766038269,-1.30547376110124,0.794497630557505,-1.30842886059616,-1.04675296944071,-1.58559345641662,-0.369913911187306,0.563038693661031,-0.29872265072486,0.449516191237957,1,1
-0.12777461053528,-0.637237127765635,-0.457915173662659,-1.50037462651412,0.0944536144124325,1.71083485515828,-1.67013574292419,-0.397623410419457,-1.06171977159987,1.61942710331948,1.10535449951009,0.831645206723056,-1.01637550171983,-0.175420443151805,-0.630264958035783,-1.29595502603034,0,0
0.604039869249161,-0.539408347227762,0.170541743922277,1.43124628164276,1.37775191328977,-0.23450720772374,-0.0693494402720245,-0.536697016576716,-0.775159638054115,-1.65067685362877,1.59357798931506,0.831645206723056,-1.31079866190765,-1.08896308156374,-1.45250306575865,0.180620868795964,1,1
1.10335079035209,-1.4484250864927,0.644765538171283,0.844922100011387,-0.641902126956804,-0.259308175365139,0.076176587241809,0.317632136034709,1.51729400517558,0.0641720616564313,0.398666727198098,0.831645206723056,1.24324063275491,-1.69012406464946,-1.59210259586402,-0.810022955147159,1,1
1.68270392018144,-0.181327199529762,0.7327397391215,1.43124628164276,0.255438801263744,1.16876072799806,-1.52460971541036,1.23309661198943,-1.43092334145713,-0.756349252145279,0.988497889141452,-0.894953838376714,-1.61293344057757,-0.64461166804023,-1.11830394904492,-0.739903318803762,1,1
-1.56472283386202,-0.814250160872457,1.61269563764168,1.43124628164276,0.0032690940615966,1.0409901782743,-0.505927522813525,-0.432638663800149,0.15453501102506,1.05973336545094,0.10686563887301,1.52228482476296,1.62072018635105,-1.52805079474801,-0.849699398164203,-1.28244837586069,0,0
1.38921582151788,-0.527516549390697,0.137803771877671,-0.914050444882741,-0.0351862468541736,0.784564689147524,-0.796979577841192,0.725549740064731,0.0671382261196363,-1.01149892048574,0.335846072316396,0.831645206723056,-0.273775482329238,-0.0589639987925649,1.36351282477728,-0.483283346223718,1,1
-1.60283817135079,1.18298131624618,-0.319350081726438,0.844922100011387,-0.150113937015547,-0.138250853631498,0.076176587241809,1.07919646952212,0.766710803609727,-1.72700313421361,-1.70776716124296,-1.24027364739667,-0.86625040399266,1.10794529020869,0.396156516806797,-0.0598077571722646,1,1
0.104728948146235,1.53439873905021,1.60478896210933,1.43124628164276,-1.01055881485927,-0.618151009044002,1.38591083486631,-0.99941384992873,-0.827746498380531,-0.327071130901711,0.0778703427439863,0.831645206723056,0.417336290174392,-0.735652557788436,1.59849057415081,0.349137322333507,1,1
-0.501304917925255,-1.07652791896445,0.522539423146563,-0.914050444882741,0.879099462306273,0.363045857673322,-1.52460971541036,1.39032284500788,1.48470507010037,-1.54439502754733,0.257073648734933,0.831645206723056,-1.26325737728365,1.19714385303649,-0.544795751093665,-0.666607500383175,1,1
-0.779546881593298,-0.426101599305686,-0.672127827163701,-0.327726263251365,-0.16649785587423,1.28464370861883,-1.67013574292419,-1.48888502427453,-0.315527146209333,-0.75952977205292,0.587279770695784,-0.894953838376714,-1.47402797236025,0.705005579863587,-0.32968376136567,1.00878183108386,0,0
1.13765459409198,1.51053060960953,-1.2684409051282,0.844922100011387,1.57578792814892,1.31067021111199,0.803806724810977,1.39056241464629,-0.744346826446775,0.468747079737291,-1.16243809288341,-0.54963402935676,1.14688679970648,-1.28603559430219,0.77206575686738,0.076214828959885,1,1
0.943266372899241,-1.50808170245834,1.21873748409162,0.258597918380011,-0.821005880726103,-1.36041303441721,-0.796979577841192,-1.16609171248814,-0.568682323747766,-0.743516707297029,-0.910866457268044,1.17696501574301,-0.251301246061505,0.498779045375726,0.280628792742283,0.478724940211588,1,1
-0.676635470373611,-1.40168749916344,-0.449729698959497,-1.50037462651412,0.628443466077312,-0.25842132569249,0.803806724810977,-0.564978728150834,-0.527975634649477,-0.913385471308125,0.887686371808527,1.17696501574301,0.073293494143462,-1.1952396359619,0.107329820709849,-0.758478524259383,1,1
-0.036297800562225,-1.15642119059131,0.586306968191035,0.258597918380011,1.51464342277449,-0.133109340531685,0.94933275232481,0.363572487573511,-1.04241502988078,-1.22699723851507,-1.16856032137917,1.52228482476296,-1.11139684382217,0.533935864401526,0.272528771356025,1.08402170415258,1,1
1.13765459409198,0.349440165431968,-0.0724111056579549,0.844922100011387,0.562193090710061,1.63397166876724,-0.651453550327359,1.40429338880731,1.46163083879603,-1.29758224253321,-0.300485636946599,1.17696501574301,-1.51121469126305,-1.22605313968728,0.302223555353011,0.431363550599423,1,1
-0.802416084086562,-1.19931976731995,-1.01674817564883,1.43124628164276,1.27608603505615,0.601694549229465,1.53143686238014,-0.84717590759579,-1.12502136903428,0.0593031326776438,-0.879007611546245,1.52228482476296,-0.448639192725168,-0.36750989535278,0.931386342565679,1.24975585697307,1,1
-0.276424426741495,1.64789632249266,0.38213705185679,-0.914050444882741,1.12565019025401,-0.331130861400606,-0.0693494402720245,0.912041133499631,1.30632674903449,0.599888719143628,0.150901526213234,0.141005588683148,0.0312948460460841,0.230807027597407,0.593053194729683,-1.16476953724714,1,1
-0.699504672866875,-0.167688801049773,-1.49691702124086,0.844922100011387,-0.479854655181827,-1.6444466492581,-0.214875467785858,0.7279763037786,-0.334943595193956,-0.194663843823408,1.69452788539508,-1.58559345641662,0.930617581964799,-1.5434236038757,1.59508528851284,-0.40606207395825,1,1
-0.345032034221286,0.02315810698574,-0.272033972731052,-1.50037462651412,0.344624293507311,0.213707428839814,-0.505927522813525,-1.17968448940085,-0.800817674992031,-1.33776305425804,1.22330764976996,0.831645206723056,0.0136255326777691,-1.18964240871223,1.56268836828395,-1.32611230396926,1,0
-0.417451175449955,-0.864361435977694,0.190858000468857,0.844922100011387,-1.18015020246233,-1.40321205002012,-1.23355766038269,-0.0720860351721655,-1.04385559003279,0.482669344460836,-0.812661071350922,1.17696501574301,0.989846724960598,-0.615323835720484,-0.259754265675262,-0.973725179769274,1,1
-0.230686021754967,-0.0832557387045531,-0.193174950846841,-0.914050444882741,0.122714472436004,1.1407212741932,-0.796979577841192,-0.0650157102769508,0.0064722313134823,0.167887711469458,-0.466191082637509,0.831645206723056,-1.32388714936091,-0.127579739165452,-1.5977277232808,-0.358334313140498,0,0
0.485882323033965,0.581718335631122,0.892658346841734,0.258597918380011,-0.925390643422008,0.858441885521474,0.658280697297143,-0.677755495624212,0.57284627606312,-0.44284320050375,1.45604917549402,-1.58559345641662,-1.50240985849885,1.234033257885,-1.68311901845898,1.36055895001212,1,1
0.912774102908222,0.892568638947556,1.16792504440937,-0.327726263251365,0.837968966046522,-0.14762376430227,-0.214875467785858,0.968666825167338,1.35917533190261,-0.620764776296953,1.38496890702559,0.141005588683148,-1.17325734568862,-1.07290675962519,-1.29468906520465,0.200244064954676,1,0
-1.7019380488216,0.901939560589277,0.971053285470105,0.258597918380011,0.0970619534368707,-0.25545664409018,-1.52460971541036,1.47443895294407,0.515108730437062,-1.13094113505194,-1.1934113933098,1.17696501574301,0.953445402647345,-0.522312246212557,-1.46200841771168,-0.578919056502409,0,1
-0.0782246717998753,0.289119182040807,-1.57287796639519,-0.914050444882741,-0.304280758127576,1.35739391936112,1.53143686238014,0.749233017753093,-0.0645488296258582,-1.25893650384164,1.14374135577875,1.17696501574301,0.909458495629266,-0.0813314151106335,-0.427977129816186,0.852892130540775,1,1
-1.17213485772766,1.42601027180537,-1.03342340142989,-0.914050444882741,-0.793562886643949,-0.740393551106421,0.803806724810977,1.6373143575781,-1.61063033397322,-0.590462681128638,-0.714338652723192,0.486325397703102,-1.23393202581417,-0.699977218905602,-1.53830542329697,-1.64695080089415,1,1
-0.280235960490372,1.12320977901172,0.15609944257542,-1.50037462651412,1.71382344671189,-0.876271348487982,1.38591083486631,-1.55808141355406,1.41826570850647,-1.62245928208016,0.146075341378534,0.486325397703102,-1.61677992364578,0.434115591037968,0.443499620166149,-0.442400606450667,1,1
0.840354961679554,0.91301367106489,1.53920802119438,0.844922100011387,-1.47060254576663,1.50160965880122,-0.0693494402720245,-1.60396342859436,1.37342159587294,-0.250600747839662,-1.73661376123975,-0.54963402935676,0.652623442121803,-0.834624193013686,-1.06263700648058,0.35077791165667,1,1
-0.478435715431992,-1.52968275304536,1.1923484908302,0.844922100011387,-1.56730399923837,1.05388505856865,-0.505927522813525,1.36333390737545,-0.424964699006503,0.322273714037622,1.73548504406073,0.486325397703102,1.24226456793879,0.937983804199186,0.0591227508073933,0.290296306905314,0,0
-1.15688872273215,-1.69937110165048,1.2186680425106,0.258597918380011,-0.970614103551415,1.09309194020992,-0.214875467785858,1.37698751623375,-1.62588350231212,1.50340411538008,0.905481550848631,1.52228482476296,0.891344234560731,0.0196392690674595,-1.36437527429197,0.373899511829294,0,0
-0.596593261647188,-0.983498647373617,-0.654560566643514,-0.327726263251365,1.61892143061772,-1.06171955572832,-1.08803163286886,-1.36184373276785,0.793023604470727,0.406510835776183,-0.909612515950747,-0.204314220336806,-1.02085919974323,-1.41993098889729,1.14614321876518,-0.987566633284889,1,1
0.821297292935167,0.587324848112773,-0.216095360199492,-0.327726263251365,1.64697260203093,-1.24052406978208,-0.796979577841192,-0.494743242567214,0.993283000292799,0.400425643337959,0.635324607892352,1.52228482476296,0.300523994505389,0.438415635229604,0.980645367206145,-0.555884644869504,1,1
-0.0667900705532434,-0.291372967793455,-0.0727948054680678,-1.50037462651412,0.532888473951974,-1.64454427637526,-1.67013574292419,1.16082039185702,0.137400296490934,-0.466670869416942,-0.72936837575776,-0.204314220336806,0.902644630593511,0.239912351748627,-0.382519416043509,1.48769173329275,1,1
0.973758642890259,-0.321987454681254,-1.16109122070262,-0.914050444882741,1.30643211810294,-0.91754093137221,1.67696288989398,-1.28764746940777,-0.341998481923908,-1.30402523772969,-1.44179772649128,-1.58559345641662,-0.836926645290176,-0.552810489879535,1.43322276428067,1.63347850099481,1,1
0.516374593024983,1.35715337564009,-1.59977784768654,-1.50037462651412,-0.981935519306404,0.933108239983499,-1.08803163286886,-0.806556082684707,1.19745969681086,-0.214792332008077,-0.268039911246427,-1.24027364739667,0.106125744880814,-1.67821139671776,-1.07813552363206,-0.641963652647329,0,0
-0.192570684266194,1.39537594477292,1.58116816688166,0.844922100011387,1.62225236130387,-0.90721562331097,-0.942505605355026,0.626000019836862,-1.064435840302,0.312210046556654,0.390419812969492,1.17696501574301,-0.633563749014894,-1.02675362812917,1.0983602023357,0.50090261873029,1,1
1.40065042276452,1.44277968105371,-0.871625000298602,1.43124628164276,-1.226445176945,0.777768460857929,0.076176587241809,1.6682965500862,-0.21601684428471,0.747587431127979,-1.44067363011951,-1.24027364739667,-0.941859576981833,-0.322148265902065,0.169604630599662,-0.885141344219794,1,1
1.67508085268368,-0.630277081904604,-0.87427747769376,1.43124628164276,-1.36955610822372,-0.866320224671035,-0.214875467785858,1.02830652297275,-1.6415046575731,1.10202752625918,0.057317276276775,1.52228482476296,1.63873803442924,-1.02946026720707,-0.579671701340292,-0.447775368054034,1,1
-0.402205040454446,0.683202761919304,-1.4180876244103,1.43124628164276,-1.33147183315001,-0.37231591727273,-0.651453550327359,0.959647902880947,-1.16233401044427,-0.878186151481026,0.0449383080792503,-1.24027364739667,1.44100910536504,0.26825912670314,-1.42922242046903,1.00907905027101,0,0
-1.17975792522541,-0.777390267742457,1.51727676075952,-0.914050444882741,0.25188650101336,1.65308258147318,1.09485877983864,-0.545951340799263,1.50551214900133,-0.929268450230072,0.442585175308615,1.17696501574301,-0.178473716018825,0.731678142621693,-1.12798737126909,0.0082158562620028,1,1
-1.00061583902818,-1.05954513670443,0.305900424036735,-1.50037462651412,0.965889004929023,-0.890770042768758,-1.52460971541036,0.557924207287705,0.259721700253894,0.196290537270928,-0.899433508160993,-0.894953838376714,-1.24985146068644,1.2255452003166,1.26786179496064,1.20589687974413,1,1
1.35491201777799,-1.08036068805451,0.609116436697798,0.258597918380011,-0.457355680938363,-0.437507782779238,0.367228642269476,-1.34117292461528,1.04105929572323,0.198774909696252,-1.68229307347271,-1.24027364739667,0.800468689568721,0.507099001802305,0.381042555848141,0.446714944526422,1,1
-1.48086909138672,-0.531970808916816,1.45847121161505,0.844922100011387,1.64236188996277,-0.696883212987207,-0.360401495299692,1.70421014216619,-0.0548025083380653,-1.01009521954263,-0.619105546439442,0.486325397703102,-0.837369134652678,0.651542981782166,-0.900080149132984,0.447336933060461,1,1
-0.264989825494863,-0.226042882174561,-0.507252113383353,1.43124628164276,-0.224608011330225,-1.35653139677066,-0.651453550327359,-0.0682051798834427,1.14146066780411,0.273307910412202,-0.361452769662555,1.17696501574301,-1.13976278020449,0.374635764718295,-0.0036269912760647,-1.59814679679805,1,1
0.992816311634646,1.170365944646,0.450979802534764,-0.327726263251365,-1.20011852705929,-0.0463831499803184,-1.52460971541036,0.479864623487392,0.125327588529426,-0.565778874688826,0.467383938120625,0.141005588683148,-0.400937581299187,1.67052361774862,-1.34789178693377,0.86241825659894,1,1
1.36253508527574,-1.30581534336448,-1.57292483158284,-1.50037462651412,-0.116237839002561,-0.4295145203833,1.24038480735248,1.3020687584493,-1.71001371595093,0.453351651087304,1.49637366268719,0.486325397703102,0.113510166551719,-0.819507957475194,-1.37905171485455,1.6468539965805,1,1
-0.036297800562225,0.835975316431305,-1.05897365366101,0.844922100011387,0.615710151104586,0.659882771578595,0.367228642269476,-1.72955638353637,1.36425116739842,-0.756222886458801,-1.04363117376825,-0.894953838376714,-1.38629360779811,-0.801436010278078,1.42342292586756,-0.0885517598018088,1,1
-0.497493384176378,0.127410245107219,1.17945927160841,0.844922100011387,1.14194978761016,1.08264902183545,-0.942505605355026,1.64780197439752,-1.21537495617345,0.290035995566605,0.647691933177511,-0.894953838376714,0.258827921189202,-1.28235353176822,-0.135264471510275,-1.169484357005,1,1
-0.562289457907292,-0.72058496575216,0.9555113603367,-0.327726263251365,-0.140966269637498,0.140889093247176,-1.08803163286886,-0.488808678666924,-0.178251163775005,0.901363605999581,-1.41403085800028,0.831645206723056,-1.67102793930619,-0.047277653761188,-0.468853873856212,1.64379850767752,0,0
-0.402205040454446,-0.0071330269090016,-0.489807511315669,-0.327726263251365,0.322236444104287,-1.62329743905034,1.38591083486631,-0.556592157813736,-0.0885483696174111,1.63713379589671,-1.08823854835783,0.486325397703102,1.3691668198178,-1.38605343877018,1.56652978604029,-0.717288886310919,1,1
-1.67144577883059,-0.678807687493904,-0.398919072117738,-0.327726263251365,-0.798552174079526,0.398160105542754,1.38591083486631,-1.23041471097246,-1.56337345640211,1.39717535698277,0.0249138277807496,-0.204314220336806,1.46931096453867,-0.788073376085161,-0.339167102059216,-0.307972654422914,1,1
-1.47705755763784,0.352466783792676,0.145495271016362,1.43124628164276,0.501932811791371,-1.54338566758223,-1.37908368789653,1.23976198301935,-1.54333728526184,-0.0182115129693339,0.721237255740602,0.141005588683148,0.818378084370186,-0.0576002257459651,-0.556591293308647,-1.44866017071765,1,1
1.50737336773308,-0.212509260578392,-1.70684893243304,1.43124628164276,1.67010473647927,0.389319306578177,-0.214875467785858,1.28359801228249,0.893244638861182,-0.070966616752287,1.24613121134634,1.17696501574301,-0.106046027891794,1.57466513398868,-0.775738726581836,-1.33360381981659,1,1
-0.851966022821967,-1.15079873365362,-0.869778085012752,-1.50037462651412,-1.54843459764486,0.625921799575602,-0.214875467785858,-1.66365911198729,-0.693755320373271,-0.24687553297726,0.845394567289576,-0.894953838376714,-0.840160774223339,1.59603404690194,0.236147761547946,-0.970155766536101,0,1
-1.13020798649001,-1.31733515419421,-0.984439671456534,-0.327726263251365,1.32850011097755,-1.05285194975604,0.51275466978331,-1.53987258297596,-0.31880593855026,-1.67066762923485,-1.70077624200161,-0.894953838376714,0.856674675912778,0.839651580748745,0.213101413558089,0.170768435028455,1,1
0.996627845383523,0.180484537399456,-0.837689849327185,0.258597918380011,0.214629880204623,1.08868384730927,-1.37908368789653,1.4481403961214,0.211741811040308,-1.19067274215337,0.635801415673365,0.141005588683148,1.50765679280242,-0.378718542257509,-1.66538310770098,0.202817183856328,1,1
0.43633238429856,1.4192309586363,1.0914466129796,0.844922100011387,-0.850926021654711,1.40475383540264,-0.505927522813525,-1.3072965718052,-0.443272555187597,-1.56147885334781,1.12761814468679,0.831645206723056,-1.17439243794678,1.25697149452143,0.54448255953787,0.36938236625128,0,0
1.22913140406504,-0.525528159296864,-0.73630179189533,-0.327726263251365,1.56332980753178,1.06711896460619,-1.37908368789653,0.417928776163359,0.936124167351079,0.651457407062451,0.0822256541472751,-0.204314220336806,-0.108569067345157,1.29235343315263,1.0095675919534,0.292288893575866,1,1
0.463013120540701,0.829269138791975,-1.04247978677545,0.844922100011387,-0.0565074174495704,-0.683026109569665,0.94933275232481,0.413505334145616,1.31193161555027,-0.331845969395891,1.62018490035953,-1.58559345641662,-0.630784691366178,1.4117590386144,0.412494499523413,-0.012209195879341,1,1
0.512563059276106,0.570392637448054,0.0437596673929627,-0.914050444882741,-0.577509811977287,0.2869474946126,-0.214875467785858,1.27975585705531,-1.52050768806904,-1.54556934810058,-1.7393605927122,-0.894953838376714,-0.486911596495489,0.483186072657812,1.29220143954402,1.04264314336893,0,1
0.802239624190781,1.52071434341531,1.29893726188701,-0.914050444882741,-1.09345749844796,1.41760493301888,0.221702614755643,0.250714919323303,0.456577032255432,0.631382909340783,1.1066499439894,0.831645206723056,-0.316900591344278,-1.02300302780796,-0.763854987176469,1.49571581808609,1,1
1.56835790771512,1.13565294920354,-0.869412113668292,-0.327726263251365,-0.877193409090812,-0.629432338101473,-1.52460971541036,-0.229528848796722,-0.634653465635288,0.471137161638274,-0.584289124062445,-0.54963402935676,1.57702342493438,-1.4035164224652,-1.05638305229313,-0.787293016098243,1,1
0.47825925553621,0.24981744164622,-1.4349080387373,0.844922100011387,1.14409083893913,1.0910324295818,-0.796979577841192,1.64225404388862,0.277552754419775,0.733449285554987,0.518788643786983,1.17696501574301,-0.827185545498822,1.42749388991537,0.694201661217705,-1.26706379484494,1,1
-0.531797187916274,0.564713358940015,-0.469794346537231,-0.914050444882741,0.393700368464819,-1.70157951606323,-0.360401495299692,-0.940306072263032,-0.0637080139020571,0.316231188184612,0.669179162145159,0.141005588683148,-0.0154270174981884,-1.52564783626396,-1.06823253062489,-0.253352259984271,1,1
1.65983471768817,1.4052088844388,0.889114388305509,-0.327726263251365,1.42027236787398,-1.72166030682479,-0.360401495299692,-0.822871219520183,-0.579640861697883,-1.20600622733863,-0.684139316222428,1.52228482476296,1.57595210601632,-0.699593985407872,-1.40585832654713,-1.62378285206107,1,1
-0.787169949091053,-0.332042766726511,0.205013697562346,0.844922100011387,-0.920078112504719,0.883224058601367,1.09485877983864,-1.43926570657164,-1.39997095506036,-1.55382690380581,1.72442144775502,-0.54963402935676,-0.0730695148051744,-0.0428871326332048,-1.38676852265375,1.3218417076535,1,1
0.165713488128272,-0.585296345603243,1.1292619885401,-0.327726263251365,-1.30080532806201,0.889204861547443,-1.67013574292419,1.6454963695584,0.195694622251415,1.07095792520399,-1.3935891009496,-0.54963402935676,1.27111448094924,-1.64102475581954,0.940577781519769,-0.890608832433768,0,0
-0.318351297979145,-1.68567444035135,1.62524141533573,1.43124628164276,-1.69603325638327,0.984053113438153,-0.942505605355026,0.713858854408046,-1.33823256829561,-1.01752346130679,-1.20563968898738,1.52228482476296,-1.52043901135023,1.40046818747586,-1.62192800985802,0.173623542569749,0,0
-0.455566512938728,1.15505005766031,1.04544876159947,0.844922100011387,0.027682529159727,1.47001404107562,1.24038480735248,-1.69099586650064,-1.18943225761676,0.117206065139874,1.36363894095557,-0.204314220336806,1.58130378664998,-0.729732957132672,-0.718677299357543,-1.3189663049545,1,1
-1.30553853893837,1.06600405270273,0.389488134986647,-0.914050444882741,1.71247837353198,-1.32799959526458,0.221702614755643,0.706771096887549,1.64750049289631,-0.0818445797653442,-1.33791676684447,0.486325397703102,-1.07381538025432,-1.61858788104293,-1.27392656725012,0.18723867949837,1,1
-0.851966022821967,-1.35957151363184,0.0058249997719303,-0.327726263251365,0.670427006772715,-0.93496226535953,-1.52460971541036,-0.333013758923958,-0.637932607318948,1.43185239048653,-0.421895843258817,0.486325397703102,1.67462191900742,1.69837657801007,0.893865330926252,-1.58056914352948,1,1
1.43114269275553,0.28551932595333,-1.56851505181101,-0.914050444882741,-0.65753599075346,1.37939556573258,-0.942505605355026,1.61859186079377,0.281539687919545,0.151626216293813,0.80778578246107,1.52228482476296,-1.1152785714444,-0.646310293242123,0.022842168005885,0.928200369628987,1,1
-0.882458292812985,-0.107557783840106,1.71113491998964,-0.327726263251365,1.29527416986096,-1.12358925885778,-1.67013574292419,-0.77205766206848,-0.79066770272328,0.247404112751836,1.0117086996358,0.486325397703102,-0.182988925293318,1.29685278376138,-1.00956782758527,1.56969796231251,1,1
1.15671226283637,-1.30993152083607,-0.375750609240902,-1.50037462651412,0.968458101513522,0.616272559942542,-1.37908368789653,0.727458556995693,1.24683345694332,-0.657377570550252,1.58198795401941,-0.204314220336806,-0.653840181199339,-0.157981870002266,0.878277886964719,-0.659365515226693,1,1
0.215263426863677,1.69139779632071,-1.17895555720678,-0.914050444882741,-1.66399059249239,0.0933894748940994,-1.23355766038269,0.440467256234222,-0.752518489155136,1.56258708787065,1.00500549752256,1.17696501574301,-0.221608812154723,0.562582905163259,0.87812410148208,-0.826985453157114,0,0
-0.726185409109016,-0.975668110255903,0.607977196490528,-0.914050444882741,1.08916629672743,-1.44759566860385,0.076176587241809,-1.69115905959471,-0.465598868201256,0.359782715577866,1.19707705117052,-1.24027364739667,-0.855323342259887,-0.887939381046306,0.0905014602648029,-0.174605972548527,1,1
1.67126931893481,-1.4891872333859,-0.720274598650799,0.258597918380011,-0.684563890212069,-0.751400269486823,-1.37908368789653,1.33339979706107,0.363796273565478,-1.74975068353521,1.56348914699687,0.831645206723056,1.62392098355114,0.0118072226716663,-0.765817857392825,0.416579368845691,1,1
1.23675447156279,0.348167510029427,0.326883020155337,1.43124628164276,-1.20278113403217,0.0586235144147665,0.367228642269476,-1.24929528071857,1.26220980428574,0.164276964682638,0.180620241509026,1.52228482476296,-0.663862381129467,-0.831019649234351,0.309643680564637,-1.06504317617636,1,1
0.257190298101327,0.849698821113218,0.330320301313268,-0.914050444882741,-0.939444663403084,1.20239301909724,0.076176587241809,0.565703102204521,1.07753797709288,-0.503309968482377,-0.554185488307868,0.831645206723056,0.541607708388681,1.5522845270866,1.51268617186403,1.04680031923371,1,1
1.23294293781392,-1.61034212544093,-0.159543761113208,0.844922100011387,-0.107261364227764,0.703470883485244,1.38591083486631,0.953519676342883,-0.819419972695516,-1.65551936832495,0.907287249405999,-0.894953838376714,-1.24752956097997,-1.50709061408256,-1.54259515081529,-1.03213773975364,1,1
-1.50754982762886,0.570588639526103,1.19638388237653,-0.327726263251365,-0.257422147473798,0.408361021681163,-0.214875467785858,0.452568360827167,1.12335448229907,-0.268235815653174,-1.18287951342964,-0.204314220336806,1.13510830160093,-0.77251309732085,-0.796651302936656,-1.69579318268216,0,0
-1.534230563871,0.130324872082923,-0.787382535372386,-1.50037462651412,-0.72454821980692,-0.0252332103682175,-1.23355766038269,-1.39650664691407,0.682527177796603,0.919619731632826,-1.5159727975328,0.831645206723056,0.157414656555544,1.35302644034837,-0.734224075112045,0.0875265065570382,0,0
1.05761238536556,-1.36371384824272,-0.149461640137872,0.844922100011387,-1.1253341405041,-0.705162990168907,0.658280697297143,1.64501945734346,1.6737841059705,-0.0173407718364772,0.99017698108525,1.52228482476296,1.67292614359487,-0.0666909005316337,0.467396141933164,-1.3187781978547,1,1
0.912774102908222,-1.12252748308662,0.159866623776812,0.844922100011387,0.901500205055751,-1.32338769403623,-1.08803163286886,-0.912586463562366,1.48702329102053,0.453852357280037,1.56801620137581,1.17696501574301,-0.255701213812295,0.345910455502371,0.534442820045239,0.68561944358772,1,1
0.272436433096836,0.254584966834127,0.59726514876449,0.844922100011387,1.68431920863823,-0.324827247587602,1.24038480735248,0.441958877310905,0.105361212791376,0.454833087601424,-0.208148810438446,0.486325397703102,-1.04635636506627,0.523289696343952,-1.00671664864125,-1.13892460312087,1,1
-1.33603080892938,-0.691290160877975,1.01526382666293,0.844922100011387,0.954955253775409,-1.63596907196655,1.67696288989398,1.02844237067757,0.849892640975815,0.563463898887036,-1.19129556236589,-0.54963402935676,-0.524103381341046,-1.47278248371948,-0.972816251506847,1.09517489187724,1,1
-1.63714197509069,1.54425813328672,-0.336411739733136,-1.50037462651412,-0.700330918277826,-1.00706965993003,-0.651453550327359,1.52051623309755,0.232578434113961,-0.420890690052852,-0.0174210883298434,-0.54963402935676,0.831887234574846,-1.65559045019698,1.49426422116189,-0.0976971119357117,1,1
1.67889238643256,1.12784965291445,0.536212696373423,0.258597918380011,-0.875967883301721,-0.244181508360513,1.24038480735248,0.359330286552836,0.317803475648705,-0.481987089887853,-0.379847323581752,-0.894953838376714,0.561834529270238,1.50676937977697,0.898676319017956,0.231997524011169,1,1
1.15671226283637,1.70184141132013,-1.18457274889134,1.43124628164276,-0.969210891984717,-0.291996289766692,1.67696288989398,-0.835562476244562,-1.3770119358628,-1.75112551488803,-0.45269354386537,0.831645206723056,0.975419199251616,-0.783411997230437,1.51524847528262,-1.07321525241244,1,1
0.470636188038456,-0.819047804809004,1.53165733006814,-0.914050444882741,-1.2473650169933,-1.58161250334341,-0.360401495299692,1.1651309992036,-1.71788518037776,-1.23141918834659,0.440612683162742,0.141005588683148,-1.46943321181983,-0.409434878030425,1.15284320618981,-1.21036348652543,1,1
1.68270392018144,1.65363269353082,-0.377217429383829,0.844922100011387,0.177007294464503,0.295275314787992,-0.796979577841192,-1.16752204724616,-1.56011051205865,1.53520353057003,-1.14375778198212,1.52228482476296,0.28873420711768,0.62777275522654,-0.328367349904766,0.45548833135034,1,1
0.15427888688164,-0.221598482346308,0.826142514125739,-0.914050444882741,0.362750103075655,0.15961281754391,0.658280697297143,-1.65571491375525,1.59411550139474,1.15874292027747,-0.424708200267092,0.141005588683148,1.50894524682583,-0.90438963402335,-1.29914355107716,-0.836452449059322,1,1
-0.116340009288648,-0.513126991031777,-1.63703583666339,-0.914050444882741,0.706625475248976,-1.46513017748933,-0.796979577841192,1.41283359713511,-1.29195291655802,-0.811571043511001,1.2814581534397,1.52228482476296,-1.35000778982013,0.802983064159861,0.45956197848596,-0.387972649820722,1,1
0.9165856366571,-1.54798617461365,-0.995014632749211,0.844922100011387,0.619750699159371,1.51527248033843,1.67696288989398,0.260188162325053,-1.57314946968474,-0.373671381471853,0.795633810683578,1.52228482476296,-1.39706348516906,-0.141595352875915,-0.502029815196795,-0.0664806479780671,1,1
1.52643103647747,-1.53957365837075,-0.0159143803797799,0.258597918380011,-0.7127103423413,-1.39181906035407,0.94933275232481,-1.49166808178778,-0.662182231356552,1.49738541360288,-1.56015881971028,1.17696501574301,0.76126466864667,1.22758039436339,-0.247666293046821,-0.925234086489237,1,1
-1.47705755763784,0.686529987453325,1.34272633813232,-0.914050444882741,-0.582247853762112,1.21095130857613,-0.505927522813525,0.275222953911951,0.294396901768017,-0.897231243401623,0.0415817324538842,-0.894953838376714,-0.63105932630384,-0.759223354719299,-0.246045792873614,1.01969803322401,0,0
-1.16070025648103,-0.128635656657663,0.123616126715647,-0.327726263251365,0.624220511342934,-1.73315723332486,1.67696288989398,-1.23058502297761,1.53171393660961,0.0824880935323912,-1.43536894735527,-0.54963402935676,0.560005562704156,-1.01602707113562,1.52304323333775,1.51470729022909,1,1
-0.89008136031074,-0.934486280678338,1.52200989802597,-0.914050444882741,-0.516508921110405,1.30551476385858,-1.52460971541036,-1.62418107213121,0.678035998976743,-1.69036288894487,1.59186875902155,-0.894953838376714,0.167391981430715,1.14192622751009,-1.48291633496122,-0.229956747903482,0,0
-1.7019380488216,0.414760992425275,-0.0273263385600327,1.43124628164276,-0.986533729463626,-1.666283605892,1.38591083486631,-1.32927181689589,-0.776514802777525,0.38534821894687,-0.899450974158943,-0.894953838376714,1.69588933489526,-0.594986486631442,-1.05248776186526,1.43950736246088,1,1
-1.10352725024787,-0.842772352845768,-0.0042214180257341,0.844922100011387,-0.431010909514999,0.876679234123155,1.09485877983864,0.951992021337915,1.4994223671111,1.46318335586443,1.50493310669456,-1.58559345641662,1.3594112206786,-0.300979593316559,0.384703777708016,1.31965523208049,1,1
1.10335079035209,0.288215995208988,-1.29177248030092,-1.50037462651412,-0.782271042265233,-0.488084420141532,0.94933275232481,0.88463130049741,-1.60182128208885,1.30574734494213,1.16029739868948,1.52228482476296,0.627618631008581,1.01138848935565,1.34025318333253,-1.14381543633327,1,1
1.26343520780493,-0.472418024362295,1.08015986413893,-0.914050444882741,-1.41357000543002,0.809167425345916,-0.942505605355026,0.360395800331953,1.63678114862347,-0.0236626239281237,0.17250081883858,0.141005588683148,-0.816650181352192,0.467896694704436,1.45868415241976,-1.11860197954895,1,1
-1.25598860020296,1.14460690189509,-0.849907213237972,0.258597918380011,1.13478086034097,-0.350084286714343,-0.360401495299692,-1.00780764337582,-1.52420707363839,0.489218459823761,-0.579099836753619,1.17696501574301,-0.815840166165325,-0.198361276509648,0.214079547901261,-0.0735073180387621,1,1
1.69032698767919,1.13466096776428,1.41691556744593,-0.327726263251365,1.21369686293748,-1.48992400236139,0.076176587241809,0.826805590994965,0.863359801103408,0.211913655319387,1.24395792429142,-0.204314220336806,1.33578179473665,-0.857692850170952,-1.60175130933491,0.0930492594229197,1,1
-1.37414614641816,-0.0610027615170013,1.45585699236917,-0.327726263251365,-0.96205039522968,0.910080434820734,-1.52460971541036,-0.319472851714408,-1.57003167932122,-1.53444028919171,-1.22047664435685,1.52228482476296,0.305980496945458,0.909974418541294,-0.464301994019715,-0.541960598821646,0,0
-0.459378046687605,-0.501634011651258,1.56868942755205,-1.50037462651412,-1.49443734385754,-1.4887361841558,-0.360401495299692,0.0362981125878888,1.47367677231987,-1.21578670878974,-1.12545039430619,-1.24027364739667,1.01334486191661,-1.09642266219358,1.46176973591074,-0.638929573023127,1,1
0.497316924280597,-0.460748364009796,0.0992175477602398,1.43124628164276,0.821104076426775,1.44277397054928,-0.360401495299692,1.3764344140149,-1.35240484743783,1.58037839519239,-0.96906114831117,1.52228482476296,-0.163918322988638,1.473907002845,0.0105468176361839,-0.231764460086862,1,1
-0.352655101719041,1.08248907679724,0.644046912181736,-1.50037462651412,-0.990293818506331,-1.55860258463382,-1.08803163286886,-0.146928413481381,-1.55223687158556,-0.87804512725402,0.334425547040497,-0.54963402935676,-1.36675459385201,-1.19992675694448,0.795832098768475,0.658945966899171,1,1
0.611662936746916,-0.580474012724126,0.996313740880465,1.43124628164276,-0.365400110096237,-0.0827962508055856,1.38591083486631,0.436767828162856,1.32841804362149,-0.431820436477452,-0.655914228998436,0.141005588683148,-0.570347038269425,1.04997137949924,-0.788878541763976,-1.42450375434507,1,1
-0.695693139117998,-0.995296647408504,-1.2526362074567,-0.914050444882741,-1.49662541056886,0.756859331991189,-1.23355766038269,1.59850750377207,-1.39661138010704,0.0005624975486545,1.70260292615863,0.486325397703102,-1.16532066443661,-0.25842920271803,-1.63485157590347,0.728050079320103,0,1
0.638343672989057,-1.42840504108419,0.379603597750283,0.844922100011387,-0.939655088947281,-0.379365152570329,1.53143686238014,-0.16933158859689,1.01474888377847,1.63356815859734,-1.07254222656777,0.486325397703102,0.987508271149296,-1.0772608979042,0.282215889476009,1.46938612474412,1,1
-0.482247249180869,-0.0981155534391238,-1.58855996458911,0.258597918380011,1.00686412553603,-0.985785912720332,-1.52460971541036,0.209403786865089,0.839953809542535,0.629363058156754,1.06104973371753,-0.54963402935676,0.70544858294614,-0.333595390796779,1.17126723569919,0.909981400177787,1,1
0.706951280468848,-0.0443510161634502,0.0204978338413483,-0.327726263251365,1.04634935160956,0.881085553230969,-0.796979577841192,0.291452126685715,0.331137530385006,0.419605624463947,-1.41949920839771,1.52228482476296,-1.41760499292347,-0.955091957195144,1.70925450030137,-1.05571230986074,1,1
0.348667108074382,1.20504894136291,-1.16987479187578,-1.50037462651412,-1.00555934074443,0.96792046927605,0.803806724810977,-0.899099287429254,-0.427555020319649,0.0542414455151219,-0.519191258729771,1.52228482476296,0.430999558712269,-1.2491524134042,1.21161464001541,-1.41389012702099,1,1
0.76031275295313,-0.952883499990178,-1.07234438100943,0.258597918380011,-0.563000755466134,1.44475347121201,0.658280697297143,0.819721913063998,1.41879337008662,0.666458837820836,-0.902519938784922,-0.204314220336806,1.30765833795113,-0.894589051988456,0.19780158241512,-0.0289039121607934,1,1
-0.970123569037163,-0.396562778939679,-0.439775418179706,1.43124628164276,-1.25580421752754,-0.438215853784019,-0.214875467785858,0.784095632722991,1.26596882647619,0.539140403364958,1.65945736224236,-0.54963402935676,0.694530867325129,1.26466067068974,0.387422397376367,1.57308266525918,0,0
1.09953925660321,1.09186092987234,-0.205712804676981,0.844922100011387,-1.46214460941807,0.0099739608549037,1.24038480735248,-0.993160730067945,-0.261731265522348,1.36860165703142,-1.66450747528375,1.52228482476296,0.0485181421860667,-1.35243756654564,1.13379234579768,1.10094616662253,1,1
-0.447943445440973,1.14485548927529,0.456763199270521,-0.327726263251365,1.69140243521213,-0.483131321998931,0.803806724810977,-1.68669732026756,-0.929781407224342,0.114795964514882,0.767690534599855,0.141005588683148,-0.642571805306448,1.62602704851221,-1.65285383304747,0.219813933781589,1,1
-1.0654119127591,-0.383957216848736,-1.44917564240066,-0.327726263251365,0.535177087333861,-0.848495676311756,-0.651453550327359,1.727330040439,-0.789500972189711,-0.30313065841083,-0.888681666656019,0.486325397703102,1.35261415295264,-1.69937837688373,1.57544217188399,-1.22310529537498,1,1
0.272436433096836,-0.124474100552945,0.0417739976149585,1.43124628164276,0.14528615049808,0.853323179590879,-0.0693494402720245,0.281660069212229,-0.968937321565146,1.03630013888817,1.08075563856867,-1.24027364739667,-0.257773057444375,0.545783888872271,0.11890513901941,0.739238543497358,1,1
0.0513674756619528,-0.6671631996094,-1.07337870740267,0.844922100011387,0.912725575317603,-0.564015671984259,1.67696288989398,-1.10582288051089,0.13323149687133,1.01067325638195,-0.66675112835393,1.52228482476296,1.24265233360255,1.22724418886124,1.5768553103547,1.08011100837822,1,1
-1.56091130011314,1.52419660807907,0.285887622161655,-0.327726263251365,1.1689211583305,-0.259113289674811,-1.67013574292419,-0.750657785337208,1.25723733303933,-1.17719040474376,-1.09990262686502,-0.894953838376714,0.991556063283914,1.49342225592438,0.927151885699049,1.49973582330041,1,1
0.333420973078873,-1.31015902454218,0.506195501206262,0.844922100011387,1.05431334076014,-0.343440155237828,1.09485877983864,0.407068003662861,0.931228692492769,-0.944647571265113,0.667634290860694,0.831645206723056,1.10680369997938,-1.22168438293511,-1.19378932158526,0.389569073780256,1,1
-0.718562341611261,1.52835647776523,0.225918339033991,-0.327726263251365,-1.6601284099849,0.721120339216291,1.24038480735248,-1.25621295421543,1.00643499076665,1.56239106491745,-0.854242040482241,0.486325397703102,1.70882975574423,0.683160572573952,-1.14895187021906,0.0538908740765932,1,1
-0.207816819261703,0.658166605936708,0.856617336429528,-0.914050444882741,-1.07521544755683,1.42787362442089,-0.0693494402720245,-1.60376268886969,-0.186034245016474,-0.224614635751122,-0.0575212985647256,-1.58559345641662,0.872790710198355,-1.34760234502751,-0.496296440515459,0.413858146917264,1,1
-0.851966022821967,0.127818515236922,-0.542022807802688,1.43124628164276,0.532811412403758,0.562962440632091,-0.942505605355026,1.03295158703674,-0.618220876838066,0.0377815032603872,-1.29474305188855,-0.54963402935676,-1.60619315928126,-0.504644376376019,-0.806912412081061,1.52786656077725,1,1
-1.24074246520745,-1.60959127091192,0.949739594518394,0.844922100011387,-0.426121896390483,-0.109472252974589,-1.37908368789653,0.746717487666631,0.875399810735017,-0.689833301696967,0.777925133861758,-0.204314220336806,-1.01171991235101,0.799047695234099,-0.199556204010775,0.444607178135465,0,0
-1.5685343676109,-0.06711159137674,-0.204566919181869,0.258597918380011,1.65811817846573,0.95038521200113,-1.08803163286886,-0.660471235200239,0.998837656169202,-0.0962439917199695,-0.332602789128758,-0.894953838376714,-1.60218978862001,-0.527459872983918,0.370710842386022,-0.829126225441576,1,1
-0.463189580436482,-0.303385066506123,-0.0259800911244674,-0.914050444882741,0.568879680740838,0.47412581609427,0.221702614755643,-1.53029090525433,0.662465259052949,0.814698028555873,-1.2631275153868,-0.54963402935676,-1.06555199322965,-0.639499783121289,-0.208976957994761,0.472191185441052,1,1
-0.756677679100035,-1.16189612430466,0.543350912693648,0.258597918380011,1.56902955310888,-1.52540239130134,-0.0693494402720245,-0.0485074171365386,-1.61533171065079,-0.09181901326554,0.837327121294594,1.52228482476296,-1.51116174089023,-1.31768217711722,-1.52602051402176,1.30955486955619,1,1
-1.04254271026583,0.562551161548176,-1.64392229166693,1.43124628164276,-1.02492840218893,-1.40463286210729,0.076176587241809,-0.776218535417135,0.299564679148464,-0.673771794424415,-1.3931971054086,1.52228482476296,0.015585366102184,-1.48821245625935,1.65854498532188,0.234486736397152,1,1
0.581170666755897,1.65860301971834,0.563815776076304,-0.327726263251365,1.25095423418448,-1.60358842048614,0.076176587241809,-0.35503337309518,-0.533733329070505,-1.43362767424754,0.254475835770152,1.52228482476296,-1.62643077981019,-1.32035141905404,-0.248670487546539,0.0134412691547997,1,1
0.0170636719220571,0.234437649407044,0.44083033006429,0.258597918380011,-0.613023135651522,-0.160346751497984,0.658280697297143,-0.783897795625804,-1.05181016100559,1.45688984313561,0.368634029606835,0.486325397703102,-0.0851321631096233,1.29241864282682,1.22702417842912,0.806382376797329,1,1
-1.57234590135978,0.765726564192053,-0.631501761335642,-0.914050444882741,1.68244708708827,1.11110351693716,1.67696288989398,-1.12579023599349,0.659173664449728,1.2602999813314,1.49699797496703,0.831645206723056,1.39334853237202,-1.67806894483961,-1.46527576847091,0.557570602089722,1,1
-0.50892798542301,-1.48495169870906,-1.40969886248752,0.844922100011387,-1.1752469737843,-0.655553214043189,0.367228642269476,-0.392406829960986,-0.803394604964465,0.981435406987352,-1.22677855531217,1.17696501574301,0.872157701098235,0.664798148579733,1.08494643608746,-1.51974463175063,1,1
0.908962569159345,-0.268843623821716,-1.39184218253848,-1.50037462651412,0.0568057411322861,-0.410670284361643,-0.942505605355026,1.60939325054867,1.40938544257623,0.643524444438505,0.528911731839408,-1.24027364739667,1.54982907987632,0.925177013790967,-1.12073449499914,0.77868222555354,0,0
1.32060821403809,-1.31811726196502,1.4989239583995,0.258597918380011,1.00666575935369,1.39921368377001,-0.0693494402720245,-0.810713469146193,-0.701900538612594,0.0233653501477089,-0.42370506578143,-0.54963402935676,-0.938143598277883,0.235254577333884,0.632280929644179,-0.313639543776519,1,1
0.546866863016002,0.410671027509558,0.686370631354734,-1.50037462651412,-0.230714691279339,1.14917432096792,-1.52460971541036,-0.569145651367441,0.181066808281501,1.34969377439769,-0.353648243182221,-1.58559345641662,0.117797233348474,0.795091760664388,0.571312590963505,1.51977379590548,0,0
-1.27885780269622,1.54483770587335,-1.26622367623317,1.43124628164276,-0.108964364420605,0.557078013101426,-1.23355766038269,-0.592438997742512,1.11719746546124,0.98260434371383,-0.0006311385895889,-0.894953838376714,-0.619276907906933,0.525270411027388,1.430497574366,1.62257272625508,0,1
-1.56091130011314,0.581245078302159,-0.468688339561816,0.258597918380011,1.67142335864238,-0.815000429666956,1.09485877983864,-0.0692287538722837,-0.344597046050359,1.06703288504989,-0.937391100774892,0.831645206723056,-0.0114592265358869,-0.150819113164751,-0.610517090644197,-0.172048962882049,1,1
-0.56610099165617,-1.45586470574663,0.350170366878594,0.258597918380011,-0.255909875076361,-1.33097920682016,1.24038480735248,1.18891590994304,1.12027390871539,-0.691950677852991,-0.142668386886206,0.486325397703102,0.207943082880229,-0.401195380873122,-1.34400089155056,1.61566963854378,1,1
-0.859589090319722,-0.488236925587244,1.19448431196416,0.844922100011387,0.358187172375593,-1.67889660413711,-0.0693494402720245,-0.339988379756261,0.759802956990659,-0.296338383331259,0.645988335264665,0.831645206723056,-1.59875259345821,1.51876760849573,1.27376249295484,-0.646150026082566,1,1
-0.501304917925255,0.194301605639959,-1.55603959549604,-0.327726263251365,-1.52958856917607,-1.36553853945336,-1.37908368789653,1.05951318457796,1.43694510468125,0.687741424298301,-0.156893098620227,0.141005588683148,-0.915219158054163,1.62395938661864,-0.572751585867193,0.632013244079444,1,1
-0.383147371710059,-0.319196330404386,-0.885794066591563,-0.914050444882741,1.17624825192603,-0.726136503234012,0.658280697297143,-1.33450901193799,-0.606579477226356,-0.478314419380343,-1.60587151638372,-0.204314220336806,0.720227047825806,0.521839407362064,-0.915884194953098,-1.4566067653406,1,1
-1.27504626894735,1.17975042554374,1.38265692261928,-0.914050444882741,0.509667331881572,0.166867995247782,-0.942505605355026,1.36696589571332,-1.36489830431339,-0.0514284935407934,-0.853369336581487,1.52228482476296,0.956622175637662,-1.03844859820406,-0.0370391176063357,-1.21620295245276,1,1
0.947077906648118,1.11367902668867,-1.67585153160257,-0.914050444882741,-0.329039424161148,-1.51372370784913,1.67696288989398,-1.09102497751613,-0.247642380869084,0.478351138411741,-0.526133240410796,1.17696501574301,0.250867392691636,-0.177143954065666,-1.21520654458428,1.25723992902525,1,1
-0.482247249180869,0.407311164233106,-1.00817153779243,1.43124628164276,-1.66139913727801,-1.26487631312341,0.658280697297143,-1.59710902422393,0.973132480516561,-0.246672719505097,-0.51473681944356,-0.204314220336806,-0.784898318602581,-0.0099757036056716,-0.69267085232193,1.35781623762209,1,1
0.451578519294069,-0.422796764242184,1.62326869364672,-0.327726263251365,0.315578930515639,-1.11034371737685,0.658280697297143,-1.18437557955977,-0.178662072283249,0.987251668835411,-1.47132538850436,1.17696501574301,-0.319237183760203,0.888558974337096,-0.386699582689335,0.116266515916739,1,1
-1.56091130011314,-0.834142101503439,0.422827294863236,-1.50037462651412,-1.67346270849501,0.443155054367012,-0.214875467785858,-1.07216161630794,-0.825848855042675,-1.3632008851936,-0.183252916882004,-0.54963402935676,-1.39116168216481,0.57856902277718,-0.76094854321305,-0.546622943438067,0,0
1.5874155764595,-1.35462721641715,-0.798829390161942,-0.914050444882741,-1.7128106829594,0.387367448992848,1.53143686238014,0.0285061165728375,-1.63079967151349,0.72682845725323,0.663822001733428,-0.204314220336806,1.58182127812087,0.0528415050045155,-0.161583205538493,-0.164193770488551,1,1
-1.56091130011314,-0.487430827250146,-1.4750075141179,-1.50037462651412,0.399500952458324,0.163338827615198,-0.796979577841192,-0.174359799990119,-0.65057564724884,-1.26272008431644,-1.58433072869718,-1.58559345641662,1.28872724818289,0.62183157233042,-0.388882057100252,1.2747665759709,1,1
1.56073484021736,-0.284495149600722,-1.60976972979001,-0.327726263251365,-1.06762642165745,-0.87116723845361,-1.52460971541036,0.746815074531652,0.724377025734704,1.49015558709899,0.869930959329557,0.141005588683148,-1.49672302533242,-1.63387533892238,0.962048874310661,-0.989310647442848,1,1
1.14146612784086,0.630155911719857,-0.857619039764365,1.43124628164276,-1.05776562615837,-0.455598928468202,0.94933275232481,-1.55640968675053,-1.21864567176486,-0.676366191749935,1.58351179737107,-0.894953838376714,-1.14679387604758,0.952710860000399,1.46029867537688,-0.700979923675338,1,1
-0.611839396642697,0.56864611233187,1.35395665832494,-0.327726263251365,0.5271991363978,-1.40109751801293,-1.52460971541036,-0.0088965955208793,-0.554910850449403,0.99556192369058,-1.72179643693541,1.52228482476296,0.291251164824861,-0.989185218225938,-1.37184313588675,0.985388271864725,1,1
-0.714750807862384,-1.47917898639976,-0.263103507391684,0.844922100011387,-1.5324826650983,-0.9539955165895,1.38591083486631,-0.581253410101541,-1.65611645786724,0.0438812311301038,-1.07750741902139,-1.24027364739667,-0.918084334682923,0.539497628138865,1.13080772996053,1.50042439718994,1,1
-0.89008136031074,-0.346875898017634,0.794229879935135,-0.914050444882741,-0.640322108561483,1.35865580472225,0.076176587241809,0.451801750904785,0.75313559973614,-1.45069423337598,0.144973148074749,0.141005588683148,1.51668696768733,-1.32483576238358,1.50659256555847,-1.39516870982589,1,1
-1.15307718898327,-1.09029800078092,1.48177045481355,1.43124628164276,-1.20361095895998,1.64112545484174,1.67696288989398,-1.58152764391358,1.29894439150754,0.256329852085802,-0.992382908817793,-1.58559345641662,0.89648759326914,-1.32315995376334,0.657253426422101,1.04839638775677,1,1
-0.432697310445464,-1.17723990451653,-0.290449270804386,0.844922100011387,0.276099605457959,0.497169005289131,1.67696288989398,-1.61188839197219,0.22690706204268,1.40102937937592,0.917816819328726,1.17696501574301,-0.776357237943388,-1.59400380037362,1.73056429289036,0.502843471571607,1,1
-1.07303498025685,1.15766559536529,-1.04332709573101,-0.914050444882741,0.556376651516392,1.42452362408485,0.51275466978331,-0.252944122178095,-1.63674471506653,-1.22095842941184,-0.663571116119524,-0.204314220336806,-1.70310085058405,1.41188080808931,-0.560745619975134,-0.921322364680421,1,1
-1.36271154517152,-1.57735772932125,0.088406776995618,-0.327726263251365,0.760329242749011,0.48022601478967,0.658280697297143,1.0774960492552,-0.978204009948313,-0.651119351355965,-0.72825729673825,0.486325397703102,1.04860407731607,0.361289658364992,1.15508454738351,0.883548317588281,1,1
-0.36790123671455,-0.263564738706704,1.44633836665442,-0.327726263251365,-0.840164935763228,-1.61985190027853,-0.214875467785858,0.5917006236623,-0.219756997315161,-0.241809454848743,-1.75120303448397,1.52228482476296,-0.253316658669589,-0.472507229291539,0.612525087150127,0.787636782402726,1,1
0.463013120540701,-1.13757217659741,1.08612754100748,0.258597918380011,-1.4103510811888,1.69993992574245,-0.505927522813525,-1.67503075803135,0.292340711427651,-0.811763362690226,-0.81038296352411,1.17696501574301,0.503810983802115,0.991006969321483,-0.600982539573439,-1.22637650875344,0,1
0.463013120540701,1.3388475935687,-1.47904085830675,0.258597918380011,-1.4466481508401,-1.39330219151139,1.67696288989398,-1.11469027276189,-0.0212289015508404,1.51078512901719,-0.993707331105742,1.17696501574301,-0.728896937629316,0.435264987558776,0.719833051375507,0.0119020353340829,1,1
1.39683888901564,0.216509270483644,0.697809789136973,-0.327726263251365,-0.253012600135778,0.617693870391421,-0.505927522813525,-0.947524869712708,1.41977385564385,-0.455954785080575,-0.554858221149462,0.486325397703102,-1.22871038528526,0.414637411584914,0.0440749603185876,0.892052425049188,1,1
0.882281832917204,-0.917565313371554,0.278671363407117,-0.327726263251365,1.53225702918173,-0.863123183991048,0.221702614755643,-0.267467105171203,1.49797411063062,0.518462195663071,-1.23839487669861,-0.54963402935676,0.618041498578575,-0.0426086445177474,-1.06679551408448,-1.05616857428542,1,1
1.26343520780493,0.0263247372765331,1.44418316230182,-1.50037462651412,-0.968993928483614,-0.383724692460742,0.076176587241809,0.299422754134194,-1.35760245553685,-0.989364444420734,0.323772453912429,-0.54963402935676,-0.162321498429874,-1.68931382517158,-1.11908872389077,-0.123829746840739,1,1
-0.329785899225777,0.823997680101398,-1.28227436399992,-1.50037462651412,-0.834976402990674,0.491224450359524,-0.214875467785858,-0.983103544394152,-1.25031993004718,-1.00398903449506,-0.920067398944091,0.486325397703102,-0.908581992522706,-0.828231191067584,0.750051288729349,-1.29955743427089,0,0
0.409651648056419,1.61321738908558,0.147168276909881,0.844922100011387,-1.37036815109347,-0.230386545776512,-0.0693494402720245,-0.407909709127512,-0.495924682228429,-1.15630705694297,1.15240763561193,0.831645206723056,-1.24690346570831,-1.34166506134102,0.74496413648514,-0.659850694136922,1,1
-0.398393506705568,-0.955643963103209,1.34692978508539,0.258597918380011,0.363333756994112,-0.871013459310372,1.38591083486631,0.28981983225029,-0.278944833494598,-0.256904928649733,-0.759946219570576,0.486325397703102,0.28911858097547,0.560121870530883,0.117354847644766,-0.965414593272085,1,1
0.928020237903731,1.36270738282118,-0.283560637168363,0.258597918380011,0.618581010339432,-0.581950820758958,-1.37908368789653,-0.40471918647709,0.287139347190708,0.0836176577358445,-1.01747549372741,1.52228482476296,0.792292221976367,-0.862056720894965,0.0156450452434185,0.0215961646055261,1,1
-1.0654119127591,1.53028812853924,-0.0335851066628488,-0.327726263251365,0.491677527564586,-0.557482411856597,-1.67013574292419,-1.23697503311337,0.929675635949004,-1.72971864423083,-1.55609468263666,-0.54963402935676,-0.739607130746014,-0.169350629418516,-1.09775196398621,-1.22917631323289,1,1
-0.356466635467918,1.46801057078385,-1.46295669725724,-0.327726263251365,1.24124354943779,1.5709517581711,-0.651453550327359,-0.0298362781321024,-1.25932872835515,1.12577185504559,0.831426577865935,-0.54963402935676,0.825563949547778,-0.501830173910031,-0.234244534590836,-0.397511207994784,1,1
-0.985369704032672,0.489437532010639,-0.74161665322238,0.844922100011387,-0.0459559684071224,1.01725160735022,0.94933275232481,-0.610616957321136,1.03091902559058,0.0137935360744495,0.0216764261625471,0.831645206723056,-1.089107730693,-1.22438877819121,1.29743062855765,-0.768724843273186,1,1
0.828920360432922,0.469958080588005,-0.580585173780264,1.43124628164276,-1.25505319964126,-0.154377926252597,0.076176587241809,1.26055904470936,0.369431074885177,-1.22104345425687,-1.35677801695396,1.17696501574301,-0.550475306794499,1.57732746567298,1.23967741455842,0.84996935821534,1,1
-0.104905408042016,-0.319186311393265,1.57498417190966,1.43124628164276,-0.722769344981121,-1.04577770294623,-0.796979577841192,0.953784516418794,1.64306750063901,-1.53333213539419,-0.980901311755405,0.486325397703102,0.859346085897491,1.49157201198826,0.568236866812291,0.690538741776309,1,1
0.954700974145872,0.896819749915513,-0.725904529286773,1.43124628164276,0.558660463193013,1.05998421412466,0.076176587241809,-1.07380592411149,0.510716567049215,-1.54755102830628,1.73593546361502,-0.894953838376714,0.565431338695927,-1.4257624792824,1.73381049371176,-1.38828264524204,1,1
-1.6866919138261,0.126849943105372,-0.106962148208155,0.258597918380011,0.389275657315426,-1.19268072676825,-0.942505605355026,-1.20418451932247,0.733685368102719,-0.872228427193107,1.06251277754437,1.52228482476296,-0.785957596119623,1.12706822478429,1.3728893248114,1.56303745217365,1,1
-1.20643866146756,0.63578047986174,0.623938868551336,-1.50037462651412,0.107177731219777,-1.00911504931193,-1.37908368789653,-0.528583336734686,-1.05518912278944,-0.0329603441238853,-0.53169258298117,-1.58559345641662,-1.30064062461709,-0.0380344272622841,-1.21834279968653,0.845273678227936,1,1
1.13384306034311,-0.231265477406675,-1.14437855402805,1.43124628164276,0.629201208061984,-0.47319175469768,-0.942505605355026,-0.305169620391828,0.914915660755781,1.22064321837013,0.141712627372192,-0.204314220336806,-1.57694523624468,0.942745594235381,-0.338696890646478,0.402777727615577,1,1
0.409651648056419,0.824032867350489,-0.0181378223196186,-0.914050444882741,0.472645069658856,1.29885531107148,-1.37908368789653,1.49551432711758,-1.45337271154645,1.36903417728478,-0.300516788186234,0.141005588683148,1.18202884588227,-1.19703605664906,-1.26439559160641,-0.0724883136988781,1,1
1.43495422650441,1.14780823133104,0.8574631796104,0.844922100011387,1.31061700376287,-1.2801773491869,0.076176587241809,-0.688116274984116,0.529133961813281,1.12370360212047,-1.62725598393888,1.17696501574301,-1.46363510113268,-1.26193625118457,-0.106740477813275,-1.10299386990555,1,1
1.18720453282739,-1.21337474209399,1.30314053821471,1.43124628164276,0.296161432624402,-1.31308866793105,0.076176587241809,1.2723223997362,-1.53474283430391,-0.625916792561169,0.966922793060817,-0.204314220336806,-1.32592532367577,1.34494484352134,0.968256463210858,1.59236693509874,1,1
-1.59521510385304,1.17726297237556,0.467484678678599,-0.914050444882741,0.957737036402957,-0.0323233363475106,0.076176587241809,0.0174394968957153,-1.32987600720233,-0.702344674871148,0.751322738870701,-1.58559345641662,-0.89976882954972,1.36921666223608,-1.18176408885436,-1.68759752475131,1,1
0.325797905581118,0.158200202706441,0.616120845192561,1.43124628164276,-0.862576649989743,-0.781902087950164,-1.67013574292419,1.3348088965683,-1.35515100181974,1.66248587371869,-0.325731543454016,-0.54963402935676,-0.178466871706957,-0.115233894774146,1.32869564460445,0.665827436099345,1,1
-0.0896592730465072,1.21813297117452,-1.2690687788424,-1.50037462651412,0.612774460962877,0.225224374979069,-0.651453550327359,0.698595437281264,-1.54535089431209,0.599102435531139,1.2018466490906,-1.24027364739667,1.01509747873082,1.27414437557535,0.249987327700369,0.0297541507515935,1,1
-0.211628353010581,-0.221362249048771,1.57725586222323,-1.50037462651412,1.38230781077186,-0.178192264753447,-1.08803163286886,0.720886263991323,-0.622705798382652,-0.707921802634776,0.114397850709342,-0.54963402935676,-0.865882832286373,0.577475449741315,0.873197457825407,1.38805928939994,1,1
0.847978029177308,-0.403356183868732,-1.24721977806388,1.43124628164276,-0.391862317650111,-0.235651829062238,1.09485877983864,0.0641612368680608,1.68932083045995,-0.62412230067566,-1.52653851665654,0.486325397703102,0.160884194254292,-1.08068580068936,-1.5650468148282,-0.405945154550859,1,1
-0.329785899225777,1.46327517550107,0.982966143422041,-0.914050444882741,0.959464373382873,-1.3484418442002,0.658280697297143,1.17782625898234,-0.529682421140383,-0.257487797627481,-0.847847333914578,1.17696501574301,-1.41080816003782,-0.585953455168463,-1.39638902111595,0.0682550353698948,1,1
-0.0477324018088569,-0.848653589045258,-0.78790609607285,0.844922100011387,0.772879711555645,-1.24826329214414,-0.505927522813525,-0.851598038615424,0.887145654159154,0.392543984890747,-0.14060783691575,-0.894953838376714,-0.113116190123346,-1.2489221378452,0.429458703524765,0.837217689851149,1,1
0.840354961679554,1.216553415631,1.53493972485216,-0.914050444882741,-1.51245862127391,1.09465261554153,0.076176587241809,1.41007083958077,-1.27117948001066,1.35171641247821,-1.39289289084952,-0.894953838376714,-1.10812612062305,0.943476926689659,1.18239128454944,-1.55109871654503,1,1
0.386782445563155,-0.0377746152859361,0.792931466245991,0.844922100011387,0.280675138243579,1.31792356843686,0.076176587241809,0.47282594253914,-0.164732608820137,-1.07830910190154,0.241407811689988,-0.54963402935676,-0.991749707062521,1.66971478664961,1.30597939191073,-1.52734972275062,1,1
-1.4008268826603,0.0669578007920801,0.910516321328393,1.43124628164276,-1.26971374381647,-0.925664909136501,-1.08803163286886,-0.213257234918612,-1.08985175899898,-1.47390723179531,-1.33306492658739,0.486325397703102,-0.45192626648165,0.161325528156165,0.663337631048829,-0.986975429604856,1,1
-0.356466635467918,-0.649116096095637,-0.946833257113591,0.844922100011387,1.60602799158296,-1.34331682642935,0.221702614755643,1.66930402033639,-1.06587566471041,-0.357833473092937,-1.05368701860068,0.141005588683148,0.916456043228973,0.537625425613796,-1.02534389797859,-1.21126926032964,1,1
-0.729996942857893,0.272233380829848,-0.168886329981281,-0.327726263251365,1.07043400989885,-1.55018692585297,-0.214875467785858,1.2530276509377,-1.38323076883938,-0.914558489832515,1.36990154783299,-0.204314220336806,0.856238823860799,0.847736471365486,-1.04584309882381,-1.69246134301497,1,1
1.02330858162566,-0.590810742976508,0.438149119852441,0.258597918380011,-1.34001780988739,0.361554486766604,0.221702614755643,0.941301000777059,-0.241822403293222,0.233566577262149,1.73975643235041,-0.54963402935676,-0.284937868170835,-0.945787108024311,1.33195470942707,0.426947576036353,1,1
0.531620728020492,-1.58657144446765,0.966644116275014,0.258597918380011,-1.29869807017787,0.730395090540824,-0.796979577841192,-0.784129444682172,-1.46618701914247,0.661389590755656,0.168617730408118,0.831645206723056,-1.31265491103824,-0.561733218412168,-1.32918817789927,1.02146547326344,0,0
0.283871034343468,-0.776117718744258,-1.34660650587038,-1.50037462651412,0.325214896215095,-0.449775314043709,1.67696288989398,1.64003686634647,1.39898014935851,-0.687833394003372,0.411143355761059,-0.54963402935676,-0.750690111970009,-0.299424141946207,0.655374715173306,1.5755195003051,1,1
-0.588970194149433,-1.70110853135992,1.63487339337661,-0.327726263251365,-0.532168347307452,0.607475284131651,0.658280697297143,0.840731963685653,-0.187367343085873,0.613587518389235,1.03246557765583,-0.894953838376714,0.0285530961078509,0.327021581747317,0.126823474388126,-0.198994200121146,1,1
-0.859589090319722,1.6836897357663,1.38429519787482,0.258597918380011,-1.59703538702709,0.722145631161598,-1.23355766038269,0.363510358666594,1.15430171666767,-0.575265956415934,0.678467065648534,0.486325397703102,1.29127417925146,1.20655569618921,-0.261496032830762,-0.753057338563596,0,0
0.287682568092345,1.6397852393181,-0.768691005404508,1.43124628164276,0.143723111672127,1.48832743538505,-0.360401495299692,1.46011705077154,1.63819073680047,0.438254886055391,-1.11673973777624,-1.24027364739667,1.6341086122561,-0.842869095642296,-0.195967697453251,1.25509677610426,0,1
-1.53804209761988,-0.347238129080677,1.14998658099236,0.844922100011387,-0.384604439797398,-1.51071403261609,-0.360401495299692,-1.17111855432342,0.602108814227747,0.431630542948255,-0.315704102115449,-0.54963402935676,0.486791924861858,-0.0981293621226197,1.55314152368193,1.1880410522015,1,1
0.828920360432922,0.813148276477506,0.0925955195032794,0.844922100011387,-1.36972339001092,-1.07171818284922,0.367228642269476,-1.25136186690481,1.37047328598176,-0.800973715217918,0.115716888756751,0.831645206723056,-0.507914280413513,0.866438179368005,1.26294432823796,0.433318692802229,1,1
-1.2826693364451,-0.519091268996915,-0.103705097447861,-0.914050444882741,1.03784350995065,-1.49813052547596,1.09485877983864,0.219745302210677,-1.26070308946939,0.440875723268657,-0.497294559177793,-0.54963402935676,0.680966189788937,-1.41621866740041,1.27521080024185,-0.775647609525152,1,1
-0.825285286579826,0.613685016539445,-0.615569886882131,-0.914050444882741,1.42656279288149,1.25629094546712,-0.0693494402720245,-1.53644895288689,1.12486107586015,-0.443955838733545,-1.1389682554602,1.52228482476296,-0.558055862277965,0.0462391937449011,-0.312776165261103,1.40846357172103,1,1
-1.64857657633732,1.08149839745871,0.310177663885906,0.844922100011387,0.882136253921738,0.996490616328176,-0.505927522813525,0.567082019559962,-0.794152187870647,-0.598508967887146,0.818169425712481,0.486325397703102,0.445178895877079,-1.2203298408042,-1.35085549360878,-1.10134757246246,1,0
-0.341220500472409,1.5736512989656,0.827419622505108,1.43124628164276,1.10827251503091,0.245600431222285,-1.37908368789653,-0.898996828030707,-0.102547629092596,-0.762324993494701,-1.05949468178337,-1.24027364739667,-0.878763915843382,0.136478227756001,1.7354829773284,-1.5645740489471,1,1
-0.863400624068599,-0.329627759932653,-0.280403019572796,0.844922100011387,-0.973248359620734,-1.44597728825764,0.367228642269476,-1.32060331357571,0.494970138212282,-0.566590153743412,-0.844074165999719,-0.204314220336806,-0.798218416288802,0.922422394016574,-1.21795248138097,1.0238040979003,1,1
1.5874155764595,1.00442594052785,0.477765289092408,-0.914050444882741,-0.811509078631437,-0.792576312325253,-0.0693494402720245,-0.314448185633651,1.37745468087852,0.965389542835684,-0.753090494676668,-0.54963402935676,-1.46334499926471,-0.902177830010824,0.0647248157189541,0.22299511618991,1,1
0.954700974145872,-0.797256362671736,0.721220083221177,0.258597918380011,-1.00060326725744,-0.708484744643655,0.367228642269476,-0.118898217713618,1.40304103520838,-0.915519384830181,-1.18903867243156,1.17696501574301,-0.267012152308043,1.20307015728613,-0.804725763410119,-0.8673656426007,1,1
-0.0058055305712066,1.72540011605101,0.762235626073317,-1.50037462651412,0.911231008810798,0.197714385456585,-1.67013574292419,-1.14235720183642,-1.40928917317999,0.601557130831325,1.21461850775348,0.486325397703102,0.419862689211073,-0.565847738786643,0.0479586929472757,0.591626297113825,1,1
1.54930023897073,-1.63358306212642,-1.52719345812602,-0.914050444882741,1.53937714734024,-0.845181031493235,0.367228642269476,-1.58902508294115,-0.473599661619876,1.36089032510762,0.379576907334592,1.17696501574301,1.01165627305131,-1.06083690966832,-0.665059694556228,0.921015299637216,1,1
-0.322162831728022,0.378399621535377,1.27845455792833,1.43124628164276,0.745562359697241,-1.48285441066824,-0.214875467785858,-0.298653718941419,0.998414998005714,-0.549975988861618,1.16288260989547,1.52228482476296,1.08641451429085,-0.117257468943319,1.38573654326728,1.1885578483223,1,1
0.85941263042394,0.573333956764235,-0.116046222879902,0.258597918380011,1.31110437984216,0.783484306672688,-1.08803163286886,0.898020749142058,0.689263838127283,-1.66454989362938,-0.0289249353522287,0.486325397703102,1.71801057811853,1.29448187778024,1.6332890390421,-0.744788801106429,1,1
-0.470812647934237,0.672719878755284,-0.796242789961105,0.258597918380011,0.477139203344756,-0.703797859172454,-0.796979577841192,1.29523751338004,-1.63509507971652,-1.68158900686684,0.0613599076225107,-1.24027364739667,-1.41988446623494,-1.47963734147231,-0.300837740761623,-1.62665294451509,1,1
0.066613610657462,-1.30408638803869,-0.86797138654504,0.258597918380011,-0.385240643220522,-0.175651368965203,-0.0693494402720245,-1.39500183862899,-0.180536206003031,-1.28254161985139,0.398897492490619,-1.24027364739667,-0.0138282931053599,-0.590706085684566,-1.47831823583863,0.0386728587209719,1,1
-0.135397678033035,1.54500355558216,-0.0300451617561432,-0.327726263251365,-0.254352115307559,-1.29437217614903,1.09485877983864,0.0845219282720371,1.12231779215596,-1.38485212741015,-0.458125914709217,-1.24027364739667,0.0841139849336641,0.528341339442474,0.576611139561099,1.22820189830073,1,1
0.0208752056709344,-1.09237207084871,1.37252381357937,-0.327726263251365,-1.45819819940104,1.03080992493203,-0.942505605355026,-0.820498551307412,0.807842276888311,0.831121040608784,-0.0189479201403609,-0.204314220336806,1.06624489028657,-0.487564806930328,-0.416684685625537,-1.00021484947191,0,0
0.520186126773861,0.445347158192047,-0.393580808520481,0.258597918380011,-1.60888237446688,0.214212914988072,1.38591083486631,-0.435206432844365,-0.311176177155754,-0.743004286262002,0.156951190008184,-1.58559345641662,-0.800404202795235,-1.47313826821015,1.69435720082445,-0.266971217036186,1,1
-0.825285286579826,-0.947877973436494,0.896317690513959,1.43124628164276,0.672180131178806,1.3720250165952,-1.37908368789653,1.50044580007161,0.799176421126331,0.499178598267451,1.57805017133391,0.486325397703102,-1.48364694801991,-0.57548891245223,-1.41185218577426,-0.833151989435074,1,1
-0.859589090319722,-0.65347557595958,-1.37140792942368,0.844922100011387,-0.210836980171768,-0.0271671600755654,-0.360401495299692,-0.513348780360035,0.167432958087674,-1.61959637180544,1.3311943005961,-1.24027364739667,-0.635997212982741,1.10505113634418,-1.30877888073801,-1.66867630517669,0,0
1.4540118952488,0.17965872232053,-0.054210162430013,1.43124628164276,0.180045827198969,1.50928665117471,1.24038480735248,-0.467378882000683,1.40865681548866,-0.739914765233448,-1.3027377689607,-0.54963402935676,1.68847084761984,1.61055360586127,0.701632988332526,1.37411042107057,1,1
-0.143020745530789,-0.27049280434274,1.7367126783493,-0.327726263251365,0.198754760330607,1.33854540622509,1.38591083486631,-1.00757370632823,0.29078137438085,-0.953836550758808,-1.61015605714635,1.17696501574301,1.39543062887413,-1.57983816328585,0.90682050743089,-1.25035886797888,1,1
0.466824654289578,-1.16535487200383,0.968256356995339,-0.914050444882741,-0.764092935493365,0.25186328186787,-1.23355766038269,1.59250431764501,-0.349350683359469,-0.805416470705114,0.623229154375327,0.831645206723056,-0.353357165089354,0.240050909010193,-0.0893946852175046,0.921189211963165,0,0
-0.436508844194341,-1.12805568793964,-0.976462670795312,-0.327726263251365,-0.0821404635371244,1.48333570936407,0.076176587241809,-0.151674528699474,1.23794265687969,-1.10466761623843,-1.58249017404045,1.52228482476296,1.31506871756574,-1.35463363090887,-0.760916292775391,-0.523145147786908,1,1
-0.867212157817476,-0.267179764703119,0.0339581301450677,0.844922100011387,-0.0997711078346552,-0.62108081416421,0.94933275232481,0.242879687466902,-1.5543323893791,0.379031305864438,-1.54351428236416,-1.24027364739667,-1.61065519136044,0.621941456819754,-0.648164048450513,-0.760065641341912,1,1
-1.57234590135978,0.913831557553532,-0.896242955357998,-1.50037462651412,-0.382604712673384,-0.474470757199434,-1.08803163286886,-0.163172112710457,1.36703858228739,0.534475968034309,-1.19783111836144,-0.54963402935676,-0.634452812471828,-1.68943258146989,-0.550594881202902,1.52022276219248,1,1
-0.653766267880347,1.40373994375627,-0.285168275429396,-0.327726263251365,1.10227140309125,-1.57753834459018,1.53143686238014,-0.856813724321584,0.665875903731222,-1.25141367617974,-0.525270439930727,-0.54963402935676,0.796669124291603,-1.66589143151921,-0.941007726208485,0.544545008736027,1,1
-0.966312035288286,-1.43035754597414,1.00176033510851,1.43124628164276,-0.167088816929546,0.295760254483781,1.38591083486631,1.0742854823206,1.50473814306584,0.807020332485393,-0.234188309421571,-1.24027364739667,-0.956160698232994,0.953551213672053,1.22552595335646,0.646719909609817,1,1
1.57979250896175,-0.354381868075975,0.970989867835165,1.43124628164276,0.356718345937817,0.753033440756746,0.803806724810977,-1.63427756649843,-0.865285291403939,-0.898617018638069,0.0607133425988793,-1.24027364739667,-1.03614836207443,-1.46072625885609,-1.49603003137065,0.896733803028312,1,1
0.131409684388376,-1.37422873278127,-0.915430666299893,0.258597918380011,1.35938102681567,0.930795392797544,-1.67013574292419,0.658032021235897,0.66098046145459,-0.784432074830714,1.71346054478707,-0.204314220336806,1.26489904758724,-0.667659026426352,-0.31049130180502,-0.54263569799352,1,1
-0.79098148283993,-1.6655413633006,1.49544919394658,0.258597918380011,1.25877488319198,-1.21805958001659,1.24038480735248,0.325599849255966,1.05435330981006,1.11147977228655,-0.40810347670447,-0.54963402935676,0.412160723928575,1.57619392430297,0.86855054947777,0.223013748609198,1,1
-0.478435715431992,0.581039443793564,0.350466251228139,0.258597918380011,1.34186846050675,-0.203955018813921,1.24038480735248,-1.23312585121698,0.685643008529093,1.36278430749207,-0.906047647144044,0.831645206723056,1.7061423707679,1.66970238866199,-1.70823392097891,-0.785704830983406,1,1
1.07285852036107,0.374640853654643,-0.388104463586961,-1.50037462651412,-0.789413459394191,-1.12487431320739,0.51275466978331,-1.15822121713009,-1.00324568849941,1.09740671451111,0.25598555969051,-0.54963402935676,-1.25716435184425,-1.16182183354027,1.32041727455448,1.1541670998027,1,1
-0.981558170283795,-1.15562677181583,0.035674299927119,0.844922100011387,-1.5967721472248,0.547015053333239,0.51275466978331,0.550589465335241,-0.779136560858541,-1.25385411434429,-1.0025128326124,0.831645206723056,-0.489039099248876,0.211242621574965,0.725434136227139,0.345537994738625,1,1
-1.64857657633732,-0.909095456706776,0.393892854108617,-0.914050444882741,-0.820118308519763,-1.19004884538601,0.51275466978331,-0.651682835804049,0.2207734830529,1.70350062664967,1.53262067959219,-0.204314220336806,-0.644826016233207,0.205217301733759,-1.46728631460006,-0.877887952482026,1,1
0.283871034343468,-1.64076321022609,0.236967782999692,1.43124628164276,-0.759518802705848,1.380907245892,1.38591083486631,-0.812410046392224,-0.191315838633371,0.567409721665007,-0.848378508959346,-1.58559345641662,1.32845788052217,-0.161741096951208,1.3791885439478,1.37835342299446,1,1
-0.18494761676844,1.18428865908362,-0.0182675547181584,1.43124628164276,1.40692545530866,-0.939614614014854,0.94933275232481,-1.52798839256055,0.799025538218583,0.0065511976367726,1.70523348182454,1.17696501574301,-0.838772516775231,1.46160458334092,-0.0332407559108427,0.282055456674572,1,1
1.66364625143705,1.6709295949332,0.0460844807354197,0.844922100011387,0.513359128708083,-0.730250824153432,0.51275466978331,0.922118213898473,-0.425103018933909,1.54920424243392,-0.291251846874671,0.831645206723056,-0.498290956840753,0.875030585780489,0.538166891991761,-0.0129189806054263,1,1
0.973758642890259,-1.25159995751526,-1.09495892853532,-1.50037462651412,-1.43627268675447,1.19741868750325,-1.67013574292419,1.32458420435032,1.22612826429227,1.07178947100004,1.08577893425709,-1.58559345641662,-1.22884698681425,0.911094755266418,1.33427806723208,-1.59605828481777,1,1
-1.62951890759294,-0.917235958053145,1.11515887600169,0.258597918380011,-1.25188743633449,-0.154657552873376,1.09485877983864,1.10695603670339,-0.242247392740807,0.63543934898018,0.511206731207063,-0.894953838376714,0.965199582199435,-0.790057072677405,1.33126042334873,1.41287879619334,1,1
0.0932943468996031,1.30081748974129,0.173996571117093,0.844922100011387,-1.18216055384668,-1.65155068932508,1.09485877983864,-0.118605542347356,-1.58808332086609,1.14478293967837,1.50798462524959,-0.894953838376714,-0.899794310103943,-0.22381584880406,-0.305411390341366,1.55887811345131,1,1
-1.25598860020296,1.50298509253333,-1.25240960038703,-0.914050444882741,0.448704531983524,-0.0302173411566997,-0.360401495299692,0.116670151446512,-1.66596396087791,-0.428287026442044,0.431337762015778,-0.204314220336806,-1.4872959548005,-0.0412994902529124,-0.898022516894671,0.219349826116177,1,1
-0.912950562804004,-0.262016792463657,0.953388304471237,0.258597918380011,0.809378188003785,-1.44294566549931,-1.52460971541036,-0.893679555313658,0.495519412042676,0.610069819788592,0.276834298867282,0.486325397703102,-0.215097393808052,-0.689207538560772,-0.829661679976623,-0.19344930841485,1,1
-0.547043322911783,-1.54703567272762,1.5309483576536,-0.914050444882741,1.23613764086058,1.66060174307457,0.221702614755643,-1.13414820129536,0.130831445556378,-1.10514603609394,0.527185575427965,-1.58559345641662,-0.366498671652219,-1.39067247445175,0.93208325993767,-0.478588194574426,1,1
-0.684258537871366,-1.58614513223827,1.58257136920807,-0.327726263251365,1.51436678691802,0.292007144265272,-0.651453550327359,1.11789094143832,0.138357830606112,1.66436929728395,0.994142465253667,-1.58559345641662,-1.10822944343315,-1.28226560199018,1.4984828068783,-0.793182744947291,1,1
0.969947109141382,0.275394225596132,-0.425985940815273,-0.914050444882741,-1.02404185011796,-0.850387859681615,-0.942505605355026,1.03248162682609,0.987541305391432,0.278539740894574,1.38687939784258,1.52228482476296,-1.26088296643243,-1.09559746847925,-1.47124716921833,0.260362238173593,1,1
0.905151035410468,-0.355108986389599,-1.23699863800112,0.258597918380011,-0.652802598626369,0.207962427732358,-1.37908368789653,0.959794098735816,-0.435256419741046,1.06087302818879,-0.821955398655335,0.141005588683148,1.38542758556249,-1.01660842042747,-1.66945192999785,-1.27427793796939,0,0
-0.627085531638206,-1.623543928912,0.0928584589016321,-0.327726263251365,-0.891378646421639,-1.46939272737957,0.51275466978331,-0.127870814719,1.69307982335197,-0.35231904809071,-1.05236279987813,-0.204314220336806,-1.48894620807711,-0.883912427259328,1.12953460510763,1.4450941503863,1,1
1.01568551412791,0.307789246680508,-1.316563186113,0.258597918380011,-0.484513348924955,1.02165571746282,0.658280697297143,1.2616654069246,1.52164952963741,0.867600905708327,-1.6343850103264,-0.894953838376714,-1.3798053752711,-0.838550602292835,-0.382119679563343,-1.10974412739916,1,1
0.863224164172817,-1.68396300967281,1.53630914970041,1.43124628164276,1.42514864940944,1.45382523491772,-0.0693494402720245,1.47547194531348,-1.68108287098038,-0.421624537416473,-0.461062774968592,-0.894953838376714,-0.874321800330663,-0.150276566200386,-0.763741062301357,0.848128028151548,1,1
1.19482760032514,1.01861310956414,-1.07006347647377,0.258597918380011,0.258704228043855,1.27851481508704,0.94933275232481,-0.595548497949857,1.35066420134184,0.282094057853342,1.20285276558518,-0.54963402935676,1.58064051329497,0.0348275491441594,-1.06887433684654,-0.659669025367783,1,1
-0.84815448907309,-0.656204356699926,-0.82976066396134,-0.327726263251365,0.818920843995003,-0.556760668078266,1.67696288989398,-0.954580729879453,0.61162348321174,0.935485953629263,-1.51029102482201,1.52228482476296,-1.4281098851979,-0.654950730461804,-0.521120531160029,-0.937480454283361,1,1
-0.261178291745986,-1.58312879317798,-0.295325522171507,-0.914050444882741,-0.0332682497299386,-0.611849523822221,1.09485877983864,-0.124740408147126,-0.0012618198908632,-1.36252337377338,0.127611791262455,-1.24027364739667,1.10606790163282,1.40178853638402,1.64412063616667,0.203092110478438,1,1
0.0399328744153209,0.325548837246059,-0.37685043572029,1.43124628164276,-1.61781153128907,-1.61333637249874,-1.37908368789653,-1.11173119709188,0.275740108691821,-0.527897853081309,0.673746020853915,1.17696501574301,1.36980187333591,0.184564215091552,1.66356206876312,0.915544292187846,1,1
-1.6866919138261,-0.338430758359721,1.05239675526751,-1.50037462651412,-1.49641849315416,0.510057158830519,0.076176587241809,1.32919447516235,1.16560480557071,0.125568258787823,1.17023891784626,-0.54963402935676,-0.413636646090574,0.989973085489454,-0.572973321687732,0.783582549478839,1,1
-1.60283817135079,1.66782963194445,-0.122772199835114,-1.50037462651412,0.130949252759952,0.108692834702895,0.51275466978331,-0.562135226097213,1.54056329732181,-0.607043182995593,0.284566090770921,1.52228482476296,-0.704896529882663,1.46001558540278,1.61717420357853,-0.911061943323012,1,1
-1.58759203635529,0.171788942305227,-1.11456087850382,-1.50037462651412,0.752267357337002,-0.151629940973012,-0.214875467785858,0.262899798190859,0.198763914041905,-0.69328169961309,-1.10327247708023,-0.894953838376714,0.625207852293126,-1.15586814093774,-0.68262359713604,-0.578492733079811,1,1
0.748878151706498,-0.764832771500834,-0.779592556336006,-1.50037462651412,-0.977233374364861,1.3928530922176,1.09485877983864,0.327147120367061,-1.10298590920113,-0.788802658932338,1.61647186370464,1.52228482476296,0.712810817288915,-0.245968082486585,1.23882442815737,1.2720429839838,1,1
1.63696551519491,0.747219711523456,0.0606047885787598,0.844922100011387,0.762987157883817,-1.15582812352888,0.51275466978331,0.0509651567963944,0.471518358074233,-0.975906012605349,-1.42363957834189,0.486325397703102,0.981071973130592,-0.227628716811838,-0.987008006263527,0.771575447121805,1,1
-1.41226148390693,-0.777881907096005,-1.19553800188461,-1.50037462651412,1.06788599212738,-1.70092099369109,1.09485877983864,-1.19071025056113,-1.46383778481687,1.18127581036126,0.933101799317319,1.17696501574301,1.15654106990218,-0.49824902040091,1.14184217564819,0.735309847493154,1,1
0.0361213406664436,1.42560463057039,0.416762363200918,-0.327726263251365,-0.301978749860052,-1.48162585082276,-1.52460971541036,1.69982348917011,0.455668151142291,1.44100950708522,-1.45192085700699,-1.24027364739667,-0.793339114999522,-1.68594873396789,-0.496003965850756,-0.790236442168456,1,1
0.459201586791824,-0.418394935363489,0.257309972206145,-1.50037462651412,0.847183714906989,-0.964638676221023,-1.23355766038269,-1.1350194062024,1.05142911384805,0.664705042816651,-1.25320443637459,0.141005588683148,0.658449329477568,1.08791003305985,-1.04341172581467,1.0079433210772,1,1
0.33723250682775,0.191533744315484,0.774671685037624,0.258597918380011,-0.329005595754648,-1.61954504935857,-1.23355766038269,0.8702438583686,-0.512146580693375,-1.66285694083824,1.38469149099721,-0.204314220336806,-1.25634562397974,-1.33313235833681,1.51701607116738,-0.482531994531266,1,1
0.123786616890622,-1.54720759288885,1.54921999667423,-1.50037462651412,0.613351735384529,-0.0017677657865471,0.658280697297143,1.00829918178976,-1.48112798977024,0.963612372205486,0.877446573099918,-1.58559345641662,0.0471981029458906,1.70487450723267,-0.979455066696364,-0.334811104601709,1,1
-0.074413138050998,-0.2394026585341,1.46082495921991,-0.914050444882741,0.907567730701169,-0.652082793651517,-1.67013574292419,-1.23006703194903,0.651724174186681,0.0804281046917754,-0.477037468324462,0.486325397703102,0.4015227401814,0.94007372250784,1.71468166949898,-0.726105465799298,1,1
1.09953925660321,1.17529132723676,1.57829479110007,-0.327726263251365,1.69056047118164,-1.11240296422466,-1.67013574292419,1.49948173494886,-0.560236201105557,0.865938227440375,0.477810112960927,-1.58559345641662,-1.16329943392475,0.276916487456978,-1.34533771233881,-1.29732604375684,1,1
-0.627085531638206,1.08226021308792,-0.857721440988031,-0.327726263251365,-0.530425004678243,0.850053963347734,-1.08803163286886,-0.0433536544401024,-0.870121551483112,-0.248131515208122,-0.156424152903277,1.52228482476296,-1.45890204703075,-1.18518097707984,-1.6867705502558,-0.269487194679373,0,0
0.25337876435245,-0.942158219027286,-1.25072351662817,1.43124628164276,-0.304921712246962,-1.02982448121447,1.38591083486631,0.445485776037738,0.64126885376651,-1.62367211788509,-1.52189274551805,1.17696501574301,-1.04878981167478,0.0548299337365185,1.29533818434481,-1.65638070274199,1,1
-1.33603080892938,-0.936027429717655,-0.657795898913978,0.844922100011387,-1.14800075586538,0.634794016703243,-0.0693494402720245,0.491566312023075,1.60426664993681,0.600715186354228,0.765796645948871,-0.54963402935676,-0.265459675636955,-0.819136174814556,0.310777628115113,-0.14739684357546,1,1
-0.200193751763949,1.12285271186582,1.401190951829,0.258597918380011,-1.01590548102342,-0.530895618460367,-0.942505605355026,0.0162127453675415,0.834073360798229,-0.224548806253067,0.91302780691853,0.831645206723056,1.35519549392888,-0.849334096507583,-0.260781641582187,0.777634794462754,1,1
0.150467353132763,1.51668698019446,1.66852303100987,-0.327726263251365,0.665032765663314,0.0291851453356579,-0.942505605355026,-1.24094942775411,-0.0381473687343533,1.2685856427579,1.32921361291527,-1.58559345641662,0.120671244348094,1.13450546002013,-1.43752675226869,1.58799800078598,1,1
-1.56472283386202,-1.39123896107953,1.27698586756383,-0.914050444882741,1.43332617857018,1.48324475882541,0.658280697297143,0.871095967315597,0.336744679538077,0.79657310511957,0.135011320014716,-0.204314220336806,0.871869398096701,-0.408296164903823,0.270202352980056,-1.44437447240811,1,1
-0.680447004122489,-0.156043299457506,-1.32556420685009,-1.50037462651412,-0.361382726849214,-1.6055360907658,1.38591083486631,0.282346274350871,-1.23696721288829,-0.518256908883435,0.598080254716598,-0.894953838376714,-1.12024660404315,-0.167435760771242,-0.357442427092963,-0.747660227161792,1,1
1.66745778518593,-0.548175558572569,1.5829919787228,-0.327726263251365,-1.099136573209,-0.0106539414178759,0.076176587241809,-1.32180169207566,1.06723205146213,0.747755400731257,-0.223513984767182,-0.54963402935676,-1.35668017975109,1.18068276911491,-0.046000620589596,-0.0160108906110818,1,1
1.32441974778697,1.30875361724041,-0.237247152522071,-0.914050444882741,-0.737560221315491,1.20953462504752,-0.651453550327359,0.69294302291115,0.349741113103201,-0.0471428846930673,-0.639893743598125,-0.54963402935676,-0.893155383214392,-1.41482454412655,0.462477300777988,-1.12889399435535,1,1
-1.1149618514945,-1.43245654790446,-1.67534880776862,-1.50037462651412,-0.15373363107959,0.291534025984453,1.67696288989398,0.701399403246733,1.59136712335688,-1.07436077757961,-0.315604601637913,0.831645206723056,-0.635575437027111,0.327123112955897,0.495534246861972,-1.31300720140793,1,1
-1.42750761890244,-0.988100049435657,-0.171130884936187,0.844922100011387,-0.71849178890838,-0.780317324704459,-0.0693494402720245,0.167000679223964,1.63825570915817,-0.308744108820683,1.43200036506965,1.52228482476296,0.176817596751598,0.270749415861143,1.60646599868613,-0.159744983730833,1,1
1.6560231839393,0.897065102662609,-1.54767511235001,-0.327726263251365,-0.914545208818444,-0.364086302052369,0.367228642269476,-1.41924731737194,-0.5078356377068,-0.994068295839268,-1.1806788150124,1.52228482476296,1.33231164882508,-0.255110116481932,0.547916144717692,0.281679142604599,1,1
1.3358543490336,-1.54469767741581,0.181351582509919,-0.327726263251365,0.811337866098658,0.609507199263653,0.94933275232481,-0.511376929621966,1.66937940984137,-1.74976410235794,-0.885963753712636,-0.894953838376714,-0.246369614522388,1.13534886398278,-0.545636643723398,1.10489398364973,1,1
-1.21787326271419,-0.0081227353443958,-0.531794765926119,-0.914050444882741,-1.68999619929666,1.33490608191514,1.24038480735248,-1.55650313629464,1.56046904791873,-0.909903535672372,0.364110379402027,-1.58559345641662,0.075177835363857,1.52412265128803,-0.579488918529056,1.71538806603359,1,1
0.905151035410468,-0.183733885506255,-0.0633162856335356,1.43124628164276,0.135440815370549,-1.59273763308595,1.09485877983864,-0.0785563343125987,0.471786165814194,-1.0393611296379,-1.34804676382328,-0.204314220336806,-1.70826151647053,-0.117214620835794,-0.0683843277963671,0.946983432957449,1,1
-1.39320381516254,-0.55880764231939,0.42202328109234,0.258597918380011,1.0098339889861,-1.48775035262434,0.658280697297143,1.40693899464553,-0.580376122731345,-1.75198553121446,1.36249545038918,-1.24027364739667,-1.60872124034727,-0.148796246251058,-0.823057889431557,-0.953742216705798,1,1
-1.62951890759294,-0.34926830009618,1.30989912427861,0.844922100011387,-0.802387364629696,-0.614318425185883,-0.505927522813525,-1.72509481452516,0.861609151656035,0.955597076124034,-1.58934808807243,0.141005588683148,-1.43371165294352,0.0090177907907198,-0.417331104207077,0.856600923455381,1,1
0.0361213406664436,0.122136767537583,0.591280194749715,0.258597918380011,0.355505658538397,-0.932224272860728,1.24038480735248,-0.809290549364002,-0.794083851390485,-1.49967222576073,0.885266757049146,-0.54963402935676,0.700183762159142,0.768794402793537,1.19597492518145,0.131881354243929,1,1
0.341044040576628,-1.16137882781297,-0.200114921229219,-0.327726263251365,0.580886919211373,-0.82145315191084,0.803806724810977,1.03772922236964,0.437484007922811,-0.207424442354387,-0.448310634246698,1.17696501574301,-0.0379182752700604,0.579542231764553,1.25711851054481,-0.164930630164586,1,1
0.981381710388014,0.26858967876122,1.13841227630745,0.258597918380011,0.533221560418311,-0.971878802966954,-1.52460971541036,-1.69874201494149,-1.6411766700139,-0.315701211755547,-1.57561614114177,0.486325397703102,-1.05498135340635,-0.950681873414175,0.453471853943602,1.50200239761138,1,1
1.52261950272859,1.081506359086,1.43764979734312,-1.50037462651412,-0.185344950824272,-1.05954475173836,-0.214875467785858,-1.69765919012068,0.433152994201674,-1.13700089550418,1.19146960761086,-1.24027364739667,0.33115602237347,-1.49695178541439,0.297739267405942,0.698867285303109,1,1
-0.257366757997108,0.923853706113645,-1.29172670972022,0.844922100011387,-0.526366867161527,-1.28418322674883,1.53143686238014,0.382912682225119,1.54252392192764,1.59097546555934,0.483876735759833,0.486325397703102,0.164713061690906,1.54599573462184,-0.241818842907249,0.628742938077241,1,1
1.13765459409198,-1.18738341125086,0.139863508413679,0.258597918380011,1.15465430949765,1.48354481828565,1.09485877983864,1.00080637022249,-0.918042625580456,0.329774466691098,-1.72347203016034,1.52228482476296,-1.41626484349784,-0.819270151590343,0.481556243611853,-1.67419937103126,1,1
-0.036297800562225,-1.20357803778425,-0.719497728982799,-1.50037462651412,0.888498397102493,-1.237445772794,0.658280697297143,0.956834508643592,0.94691498831127,1.05835780886788,-0.81944628142918,0.831645206723056,0.496995631039866,0.478276836608919,1.07104865602871,1.25911541849952,1,1
0.588793734253652,-0.789435204169419,-1.54422952559146,-0.914050444882741,-0.613356808748131,-1.02998831114957,1.24038480735248,0.967477684526752,-0.717889068925802,-0.0439061093661521,-0.524087376338915,-0.894953838376714,0.936598111786688,1.13075488305222,0.834751022684356,1.01239896935411,1,1
-1.63333044134181,-0.46591995716269,0.614360519248509,0.258597918380011,-1.36304974242391,-0.885760575255279,0.803806724810977,-0.482410751072363,0.705380590778623,0.743344426324406,-0.627071546332822,-0.894953838376714,-0.730355148195179,-0.684517079734079,-1.59863920010148,-0.686983434802113,1,1
-0.558477924158415,-0.300921357995021,1.28895417023874,0.844922100011387,-1.47026924312895,1.48030877330482,0.367228642269476,1.32476505076616,0.678327198993559,1.60108460122482,-0.0128042144543379,-1.24027364739667,0.660278120790669,0.467404783435344,0.811480071176998,-0.710456626126916,1,1
1.59885017770614,0.64364770512854,-1.14188028959293,-1.50037462651412,-1.39308478839099,0.869451306940498,-0.796979577841192,-1.68843773169973,-1.09115025205157,-0.557003885530975,0.0866622903405483,-1.58559345641662,-1.03154025869382,-1.3457084911761,0.772739384112976,-1.53077620718581,1,1
-1.39320381516254,-1.5259394958993,1.11405004448424,0.258597918380011,0.285350676840302,0.986541468547982,0.51275466978331,-0.651509831178653,0.325127041217126,-0.0156931551121599,-0.36783846020944,-0.894953838376714,0.90043553148989,1.61706294984888,-1.37853881950432,-1.53978958815143,1,1
1.23675447156279,-1.60257897983762,1.25639206449284,-0.914050444882741,-1.53947341981386,-1.37329881920351,-1.67013574292419,-0.564916059354442,1.22505823941166,0.0199860808867275,-0.594946277212389,1.52228482476296,1.43820729725303,-1.51666990884378,-1.20096183192325,0.583715982852787,1,1
0.798428090441903,-0.35853755901064,1.46806979952858,0.258597918380011,-0.559520754921607,1.14712928240163,0.803806724810977,-1.15937787576728,-0.411859006413982,1.67824145640843,0.0084000496165186,0.486325397703102,-0.191656047166533,-0.210566685151698,1.00818668833121,-1.074409981148,1,1
0.0132521381731798,0.704472777904434,-0.786277938298745,-1.50037462651412,0.870476252520774,-0.327869300770281,1.38591083486631,-0.568247363069025,0.713716366502458,-0.957473184927468,-1.6369512429106,1.17696501574301,-0.875796608319205,0.128471285211496,0.215107284556625,1.46013082458028,1,1
-0.238309089252722,-1.04970561034286,1.43199158094962,0.258597918380011,-0.705788831337825,-0.828715400385313,-0.651453550327359,0.296542338643685,0.590606803821158,0.578357234111196,0.500447626914094,1.17696501574301,-0.339726934851456,1.00030065321283,1.12500978093893,1.18119625484055,1,1
0.219074960612554,0.510645718152338,-0.59393607624272,0.844922100011387,0.905200946145976,0.249417888237162,-0.796979577841192,0.0692941241282119,-0.841213729558152,-1.28696359522124,0.363382492617773,0.141005588683148,-0.856874679988227,-1.30024336419166,-1.08144931417548,-0.515300905361325,1,1
-0.733808476606771,-0.818500028435094,0.210735809633919,-0.327726263251365,0.843912697936077,1.09845737818297,-1.52460971541036,-0.62643600354356,1.4293127084639,1.45276384958558,-0.778602210324127,0.141005588683148,-1.71996472482453,-0.201516124048431,-1.6154236231396,-0.408106436914685,1,1
0.459201586791824,1.36237424588051,-1.53225967186798,-1.50037462651412,-0.872470220939563,0.948480076220742,-0.0693494402720245,0.862693097109104,0.209679741305896,0.28340283028076,-1.12705336353791,-0.204314220336806,0.531832489368839,-0.686459587302953,-1.16044714056539,-0.589581545486083,1,1
1.68651545393031,1.39581854303688,-1.5552749204662,-1.50037462651412,0.786733617891023,1.33210017434297,0.51275466978331,0.74306077153237,-0.50541113446693,1.21776746688703,-1.49936074664831,-1.24027364739667,-1.576760654075,-0.644187847224992,-0.153578427328827,-1.39699895365441,1,1
0.2953056355901,-0.688052963611122,0.794368267597844,-1.50037462651412,0.851846728138339,1.46348636247888,-0.505927522813525,-0.760595719602626,-1.16113939216353,1.34220842094531,0.298242915563532,0.486325397703102,-0.994527330880231,0.960109251774825,0.0914372392242116,-1.60656834912965,1,1
-1.09590418275011,-0.92239497833074,-0.163884809307706,-1.50037462651412,-0.351595817786704,-0.913818049683782,1.09485877983864,-0.613269619296397,-0.0995930422051161,0.167846082230833,0.23378583566721,-1.58559345641662,0.78153860078199,-1.69778881012436,1.24998006692665,-0.160380748671252,1,1
-1.09209264900124,-0.291002151856976,-0.817512106097597,0.258597918380011,-0.994100552493128,-0.273899037534337,-0.214875467785858,-0.736959063004877,0.781841088217877,0.601626127600358,0.109431660765614,0.141005588683148,0.584790641788378,0.858016686546455,0.759757594464333,1.52713645895828,0,0
1.45782342899768,-0.885698143995856,-1.04632757122115,0.844922100011387,0.0737448678390694,-1.68382438583767,0.367228642269476,-1.28657196800564,0.41617880574858,0.659673198591918,1.69015019855161,-0.54963402935676,-1.4699235861173,1.06875349566785,1.70967696858431,1.43847931614304,1,1
1.30917361279146,0.6181796888202,0.619246707750546,-0.914050444882741,1.44827633503696,1.29531856587635,-1.37908368789653,0.874657839072757,0.771329071123964,-0.167755652870195,0.103231880691226,-0.894953838376714,0.565123411978935,1.38139297837399,-1.44876660283802,1.06925007779124,1,1
1.30536207904258,1.15335625940234,-1.70629133515504,0.844922100011387,0.480291508429002,-1.2016741102558,1.53143686238014,-1.57260192580356,0.993557317638714,-0.256814684599861,0.768114124605699,-1.58559345641662,1.50341722636611,0.438013194068957,-1.27034202496651,0.44621540589268,1,1
0.283871034343468,0.620646222293713,1.09139564844636,-1.50037462651412,-1.12291512903266,1.23383049920202,1.24038480735248,-1.21130385360405,-0.211048843830451,-1.12039916161014,-1.35980009779388,0.141005588683148,-1.46585312684173,-0.570483455232207,-1.42924092446082,1.22869624741993,1,1
1.28249287654932,1.14738661717949,-1.43243033168745,1.43124628164276,0.62848841655665,-0.59938022008715,0.076176587241809,-1.36813509256044,0.0608163136312213,-0.433677344661473,-0.709575584439393,0.486325397703102,-0.282457033481536,-0.248166885127553,0.143976711451434,0.0559626960710342,1,1
-0.680447004122489,-0.340841450343412,-1.04258991439941,0.258597918380011,-0.249400518144038,-0.465886997435912,1.24038480735248,1.12598883792155,1.66208553176775,1.6739421996818,-0.791788902358507,-1.58559345641662,0.805763625836572,1.61639149710621,-0.796959902115044,-1.09530162214038,1,1
0.161901954379394,-1.17896624558305,-0.366180789350675,1.43124628164276,0.315097917106797,-1.59940128940023,0.076176587241809,-1.5804580233321,1.59899472707639,-0.829793873059707,0.258512671816258,-1.58559345641662,0.591720628247007,1.31205076630768,0.646928636482444,0.637258692161659,1,1
-0.920573630301758,0.846509893362784,-0.0236382653436366,0.258597918380011,0.804740646883964,-0.608022911826904,-1.52460971541036,0.56930039523194,-0.300985426124467,0.880979567408503,-0.598291228769281,0.486325397703102,-0.938616113817481,-0.123435366079529,-1.26178545819602,1.45015569159259,1,1
0.341044040576628,-0.468010161253868,-0.474690344576839,-1.50037462651412,0.0520222818786498,1.32647121421158,-0.942505605355026,-1.57884356056393,0.627523923334646,-1.56092877891631,0.485995282861956,0.141005588683148,-1.15866783055392,1.52471705993794,-1.36398511798083,-1.64721758498533,0,1
0.512563059276106,0.614303726241831,-0.593764460863726,0.258597918380011,1.0792848087719,-1.6462054320554,-0.942505605355026,0.991258652614541,-0.806608976340006,-0.143485775140815,0.657324109031893,0.486325397703102,0.995881833410428,1.11190956397149,-0.127264418159,-0.850259585663938,1,1
-1.4846806251356,-0.780835184413735,1.64025938571255,-1.50037462651412,0.76383224517951,-0.334296916638763,-0.0693494402720245,1.42864706850247,-1.20118634307678,-1.56418424070906,-1.63669111276846,0.831645206723056,1.59245230368741,1.38045681023104,-0.41920407486307,-0.802154032912195,1,1
-0.074413138050998,-1.44044960677308,0.520696663955168,0.844922100011387,0.395979068529912,-1.62604264198277,-1.23355766038269,-0.046525185813145,0.913333359913636,-0.114550970187917,0.48142153016099,0.831645206723056,0.93808468481033,0.630811252120904,1.15111765744356,-1.3741577215195,1,1
0.790805022944149,1.73323372263831,-1.62629690976204,-0.327726263251365,-1.19893589400601,-0.456275127669642,-1.08803163286886,1.05394960413673,-0.227618711531008,-1.67135577792915,-1.34627823048625,1.17696501574301,1.61659232660652,1.23116940486528,1.18018152372414,-0.939463426589718,1,1
0.592605268002529,-1.17936833196672,-0.213566776518418,0.258597918380011,1.15474032063392,-1.1394224150429,1.53143686238014,0.714033171515763,-1.1175427416698,0.362981279802731,-0.128856543786768,1.17696501574301,0.374151254089103,1.34841150583717,-1.31466073873863,-0.394653495269054,1,1
-0.535608721665151,1.71874419048563,1.3314598398494,-1.50037462651412,1.49811478570653,-0.86525173536678,-0.651453550327359,1.02309839057041,0.880524331906744,0.269952172692213,0.784839891335263,0.486325397703102,1.49829764921341,-1.40030006976715,1.09276883007758,1.51612017807207,1,1
0.268624899347959,1.67994667361653,-0.660645769981108,1.43124628164276,-1.2464373328044,1.28938129688421,-0.942505605355026,0.923130053040727,1.41738464941647,1.00393506830728,0.703649162775128,1.17696501574301,0.670499151533141,1.60085948731369,0.233037240680012,1.24259550796377,0,0
0.539243795518247,1.04106110081953,-1.37926581891316,-1.50037462651412,-0.0397199967027756,-0.231896038515625,1.24038480735248,-1.02152607546821,1.47955651723231,0.258758751519399,-0.706598830799233,0.141005588683148,1.42818540455332,-0.569941203506681,0.0230680099682847,1.53733260960509,1,1
-1.61046123884855,0.573044850275477,0.92639286495996,1.43124628164276,-0.827600459918774,-0.790903152975033,-1.37908368789653,-0.0024788332076018,0.322399502383176,1.44903246453614,-0.802555693396464,1.17696501574301,-1.16379531807288,-0.204638484340807,-1.39318362778511,-1.30013957639556,1,1
0.90133950166159,0.288826443859565,0.397166688449139,0.258597918380011,0.875023154931173,0.296233886466508,1.53143686238014,1.59387522034823,-0.0783594466727496,0.952746521708443,-0.215908891625859,-1.24027364739667,1.1045084347261,1.00518795112801,0.840930609956353,-1.6181930983244,1,1
0.428709316800805,1.29278020906604,0.27316617169831,-0.914050444882741,0.762025503750695,-1.24462066199893,-0.651453550327359,-0.542936778966239,-1.23838325786827,-1.30631968733336,-1.09506982383449,-1.24027364739667,-1.04185453434378,0.568667724278709,-1.51488853434809,-1.33688221565716,1,1
-0.954877434041654,-0.7153816524681,-1.52159988253071,1.43124628164276,-1.23297120368271,-0.840537730030384,0.94933275232481,1.62876670286561,0.997091405085476,-0.845035152069431,1.6519891046795,0.141005588683148,-1.62912617467826,1.35285815238208,-0.759436391085076,1.4283258729458,1,1
-0.238309089252722,-0.0946746334790553,-1.21969430873486,-1.50037462651412,1.2958536544112,0.147773711063716,1.24038480735248,0.287112165751901,1.52093880349214,-1.67594673016138,-0.549000498637787,-0.894953838376714,0.0709738505906428,-0.339799757682992,-1.39086882248086,-1.17323601803115,1,1
-0.383147371710059,0.433634370892112,0.454599250581157,0.258597918380011,-1.09525950261544,-0.915881897202367,-0.214875467785858,-0.133925318176247,1.32908862360867,-0.425969021159617,1.47128561697642,-1.24027364739667,-0.620413433889122,-0.433579377157002,0.117333537362895,0.253856223681157,1,1
0.928020237903731,-0.291397389837513,-0.985856653560198,-1.50037462651412,1.02183059758092,0.605586801552494,0.803806724810977,0.545504041498855,0.856262727460945,0.0026183799487512,1.4198124683044,0.831645206723056,-1.57327580312028,-1.607644409147,0.513883571647846,-0.932285311841267,1,1
0.329609439329996,-0.234648443988656,0.0430880018438767,-0.914050444882741,-0.147108239167741,-0.0408804251062758,-0.360401495299692,1.09308251087017,-1.70990673988946,1.51831053508157,-0.479341561864149,0.486325397703102,1.67590298139621,-0.126186768362534,1.36484070160166,-1.64367578264864,0,0
1.44257729400217,-0.573142939303592,0.184837933939923,-0.327726263251365,-0.589251317931827,0.925523642543004,1.09485877983864,-0.367403159359945,-0.325253147319079,0.0468349368959261,-0.866445698051845,0.831645206723056,0.587361068652702,0.772048313708224,0.820979338655178,-1.42372099282261,1,1
-0.272612892992618,0.241552191027571,-0.722987569676092,-0.914050444882741,-1.17335556300541,1.53277980714967,-0.0693494402720245,-1.61874909997517,-0.315076254884854,0.945534395210165,0.939518412232111,0.141005588683148,1.40365431038478,-0.681417050068689,1.60821609445995,0.725351669443634,1,1
1.71319619017245,1.23870908454847,1.58645538088215,0.844922100011387,-1.1411502117492,-1.33523966437512,1.09485877983864,0.722331850910239,1.34594361584917,-0.836175904103467,-0.952792054944919,1.17696501574301,1.74103482353888,-0.126182860518467,0.914789553216842,-1.08771729028471,1,1
0.413463181805296,-1.02152250886999,1.21842351868383,0.258597918380011,0.556807430503717,-0.581196905526555,-0.651453550327359,1.5791626626019,-1.5001324778546,-1.23511463927986,0.0672429526209315,1.17696501574301,-0.36473455847267,-0.962495344714876,-0.688826172321373,-0.926933611716653,1,1
0.2953056355901,1.53073709418263,0.801315841882951,-0.914050444882741,0.173915022957728,-0.633276153337165,0.94933275232481,0.431989372296177,0.0987874614688853,1.04906106377044,-1.36758974641983,-1.24027364739667,-0.840713101375888,0.939487080490736,0.175595977044171,-0.417773002793987,1,1
-1.13020798649001,0.67634886542467,-1.43679186107418,-0.327726263251365,-1.29755267875084,-1.2133510934536,1.24038480735248,-1.08025089500843,-1.25806937105777,-0.907717669425576,-0.40565918341917,1.52228482476296,-1.08646407595442,-1.50858174522741,-0.134975708965615,0.544689638136879,1,1
1.0842931216077,1.14363526666757,-1.3390672644115,-1.50037462651412,-1.32980120321013,1.05752779550923,0.51275466978331,-0.873012784838536,0.548927554752093,1.25917919665473,-1.48129257461517,-0.204314220336806,0.0626528752216852,0.707819282245812,0.239286221590849,-0.101120017686133,1,1
-0.928196697799513,0.213549863867342,0.0038791245844159,0.258597918380011,-1.46854121673339,0.883799577302062,1.24038480735248,1.41838227301785,0.995256395946147,-1.17714373444242,-0.763854692453823,1.17696501574301,0.377915780888939,-0.414154170755363,0.260490821172893,1.53253376137906,1,1
0.0208752056709344,0.991258044867292,-1.14948434892717,1.43124628164276,0.838073852236478,-0.0652244627767688,0.803806724810977,-1.68592123187213,0.479091803784732,1.19059056886294,0.570665955086487,-0.894953838376714,-0.085674507120931,-1.57359363707607,0.710910700057004,-0.222088097364108,1,1
-0.672823936624734,-1.66690675010148,1.69009897682152,-0.914050444882741,0.728540328797399,0.118567094656355,-0.505927522813525,0.167902051852249,1.00325715511097,0.917122896800084,1.71003197558977,-0.204314220336806,-0.381087478393502,1.21678757368456,-1.43378552473771,-1.0300885926609,1,1
1.69413852142807,1.12659667273639,-1.15710164101255,-0.327726263251365,-1.5162209166384,-1.52907585543409,-1.23355766038269,-1.18325617048901,0.3607353379944,0.355777744998666,-0.863919050878762,0.831645206723056,-1.14061339857243,-0.0402747084683327,0.865577991565397,0.128406730575252,1,1
-0.813850685333194,-1.58354369874499,-0.0145761582913781,-0.914050444882741,0.207716710174608,0.179675237857716,-0.505927522813525,-0.753432529257884,-1.07363055026971,1.18584680004577,-0.100247790782564,-1.24027364739667,-0.191682060737884,0.343280687912934,-1.22349378758768,-0.164655490754499,1,1
1.53405410397522,1.37570228277185,-0.442993441689367,0.844922100011387,-1.42606248182101,0.992199003887627,-1.52460971541036,-0.669546636015561,-0.411411003382872,-0.618461279990725,-0.188580586116651,0.141005588683148,-1.42859933092333,0.799406287644804,-1.6306930704269,0.991216308856978,1,1
1.10716232410096,1.73107795542439,0.51307886954489,0.258597918380011,1.38763810834715,0.242794229746173,-0.505927522813525,-0.973326444303381,1.56059023831313,-1.1903961166827,-1.11084362307112,-0.54963402935676,1.27613766238192,0.534910287839349,0.0762379337760102,1.49991489942081,1,1
0.272436433096836,-0.699265360183017,-1.25950707397856,-1.50037462651412,1.39922052991013,-0.820159490399841,-0.505927522813525,1.0117256276488,-0.735914536461717,-1.22163126925117,0.377664239820041,0.141005588683148,-1.56158254898782,0.795371906449557,0.293013815091496,1.16019557441391,1,1
0.870847231670572,-0.990911683031501,-0.213078713310406,-0.327726263251365,0.681652412181745,0.565691859708622,0.803806724810977,-0.582161134048883,-1.50970848748282,-0.828066576849608,0.778298857720593,-0.894953838376714,-0.404000096841932,0.903377904850542,-1.60074713253106,-0.377267580769019,1,1
1.4540118952488,0.94197060865246,-0.753559883203815,-0.914050444882741,1.46473571464622,-0.488781688240181,-0.214875467785858,-0.536175093750322,-0.403970712054008,-0.217260037223216,-1.23992271618478,0.141005588683148,-1.37693724606071,0.30833555142895,0.0639930688982238,-0.971701111185392,1,1
1.05380085161668,-0.842186535960822,1.37571917519093,0.258597918380011,1.07059040851336,0.14303748959956,0.076176587241809,-0.163730764912717,-0.467584014264609,1.27546017567896,0.891600390439395,0.486325397703102,0.963741144552484,-0.459873306374092,0.130507469863776,1.42899035879058,1,1
0.19620575811929,1.29090263618293,-1.56672066837897,-0.914050444882741,1.12928335547708,-0.0544065341634354,-0.942505605355026,1.39255744491104,-0.11040953986398,-1.45608243875164,0.692523815837602,1.52228482476296,-0.639541415236395,-0.880886727378401,-1.53962086871448,-0.387924238393579,1,0
-1.26742320144959,-1.36518486784684,1.46594086026707,0.258597918380011,0.240137730943909,-0.420955186701927,-0.505927522813525,0.650860379234884,0.198660188642896,1.41167200207208,-1.06474926440776,-0.894953838376714,-1.33195888240444,1.38668931738507,0.743768285508133,0.933012691644388,1,1
-0.242120623001599,-1.28469777418214,1.18553171452976,0.844922100011387,-0.665558628446855,0.742539037548173,0.51275466978331,-1.51900440397255,1.68269538161341,1.44728045618521,0.513538840822351,-0.204314220336806,0.119203641283125,1.61704026677948,-0.992947840359537,1.68693862522277,1,1
-0.402205040454446,1.68646439255319,-0.674141075718306,-0.914050444882741,-0.968753183887694,1.3110101047673,-1.23355766038269,-1.59689972890495,0.871547099446234,0.75871103007445,-0.378610752000644,0.831645206723056,1.45382530266332,-0.48728336619571,1.03088130463663,0.270377002850611,0,1
0.512563059276106,0.623246757212906,1.03373749625961,0.844922100011387,-0.592934827794547,-1.71626557350839,-1.52460971541036,0.229014045695844,-1.60233749727286,1.3597199925189,0.626038312509822,-1.24027364739667,1.42735338867583,-1.33054979667576,-0.644657740240858,-0.0649979830522419,1,1
-0.207816819261703,1.22586845671352,-1.59927272897476,1.43124628164276,0.442087167334082,1.48238163556832,-0.796979577841192,1.33978594653671,0.722080215123265,0.907186553994257,-0.0206507569731576,0.486325397703102,-0.858353749338313,-0.951704790248879,-0.0658498066101164,0.691229721453417,1,1
-1.46943449014009,-0.593881580070664,1.65050394309533,1.43124628164276,-1.1238287715914,0.0281080541799216,0.367228642269476,-0.613189661431268,1.10507291129101,0.0677899529342156,-1.58619817344619,-1.58559345641662,0.771861956285998,0.588502590652055,1.3682903738285,-1.04796364437426,1,1
1.01949704787679,0.632457159826674,0.121323044989563,-0.327726263251365,-0.828454135344548,0.68001994869002,-0.942505605355026,-0.874643251685624,1.35027945750905,0.319412917358033,0.995894975694371,0.486325397703102,-1.61922334806364,-1.12219187595968,1.07148559701131,-0.0362625729777101,1,1
1.0347431828723,0.346058741340529,-0.654307600016173,0.844922100011387,-0.10904405302686,1.21367453955653,-0.214875467785858,0.858756489734714,-0.269427590657384,0.414833521951105,0.187303195487009,-1.58559345641662,-1.26693811242342,0.96469539063419,0.987244289741638,-0.640958493163379,1,1
-1.43894222014907,0.377080888012446,-0.448334797676716,0.258597918380011,-0.916362397791824,-0.124903501723919,1.09485877983864,0.352682507714536,-0.648508996822909,-1.326335949001,0.778612261474498,-0.54963402935676,0.0081466173630573,1.45586513157387,-1.16567000455315,-1.15006957058084,1,1
1.29392747779595,0.653521124969877,-1.4770419534693,-0.327726263251365,0.305186811641347,1.14252702065062,0.658280697297143,0.224296611037149,1.15690716333064,-1.09655319339945,-1.31383065734153,-0.54963402935676,-0.930826281522982,1.59547904998236,-1.55469996074146,0.382763807163131,1,1
-0.669012402875857,0.280301981912067,1.72859693244445,-0.914050444882741,1.45438570457909,-1.12226756008851,-1.23355766038269,-1.21573519732535,0.944977769596373,0.0506598241350818,0.766302895987133,-0.204314220336806,1.04449206470681,-1.68450644777908,0.377137683394841,0.26440736707262,1,1
-0.493681850427501,-0.229160493167959,-1.57121427690954,-0.914050444882741,0.852921021874465,-1.18584155351132,0.94933275232481,-1.12338733624755,0.115340394610419,-1.36684945925767,-0.308733062793407,-1.24027364739667,1.50514204085646,1.57658484767388,-0.298664280619297,0.902064347493879,1,1
-0.425074242947709,-0.762452511709496,0.566986534830771,0.258597918380011,0.572389882723245,0.530973720665201,-0.796979577841192,-0.756815574733594,-1.32075116184766,1.58441406331435,1.03888175151334,0.141005588683148,-1.70923345230225,0.827464737165365,1.42797045575123,1.28626736390106,1,1
-0.318351297979145,0.953176823810745,-0.169942375526285,-1.50037462651412,0.284842655678287,1.26369518310401,-0.214875467785858,-1.01643050910916,0.512755385230426,-0.0057482132495802,0.339559394077752,0.141005588683148,-0.916399501383098,-1.42768014710856,-0.510336881522312,-0.957057616617517,1,1
0.173336555626026,-0.935354078363528,1.58816097650168,-1.50037462651412,-0.040727278340149,1.34046780129514,0.076176587241809,1.6320839174152,-1.50007461133488,-0.446973785374176,-0.514104293299373,0.831645206723056,-0.199681339699058,-0.28939075500755,-0.299160707580286,0.965655764785693,1,1
0.600228335500284,0.687724621945335,-0.853261258217299,-0.914050444882741,-1.07605377853103,0.483666364766481,1.24038480735248,-1.66843229931635,-1.38090653468357,-1.219896937286,-1.04876359861175,1.52228482476296,0.228765961539506,0.689474202884077,0.100818247689363,-0.451706227864484,1,1
-1.0806580477546,-0.910767040106649,0.140397859218399,0.258597918380011,1.35659963349322,0.076253255126413,-1.37908368789653,0.435694659996927,-0.588358119179716,-0.320387379440439,1.09709580257732,-1.58559345641662,1.45252729452633,1.57153707178047,1.03760737758164,0.446939609506186,1,0
0.360101709321014,0.454320463922553,-0.0323302441836371,-1.50037462651412,-0.863164604873318,-0.592469718963835,0.221702614755643,0.0600091951225619,-0.450864475892512,-0.716693980103197,0.203354101064895,-0.54963402935676,1.36921686971916,-1.15240959468422,-0.791977033974676,1.2081315201535,1,1
-1.67144577883059,0.878294777103248,0.733562445478899,0.844922100011387,-1.40327748967917,1.6421889183313,-1.52460971541036,-0.613190493119979,-0.139033779918777,-1.46166884143284,1.69661497640543,-1.24027364739667,0.48574848265298,-1.27754301574435,1.54140843370973,-0.833961944275612,0,0
-0.56610099165617,-0.961675863627275,-1.47146776911384,-0.914050444882741,0.859536653258891,-0.632770987731038,0.803806724810977,1.34161540411247,-0.560874265549115,1.59145054533029,-0.449147218819802,0.831645206723056,-0.831518210830609,-0.093117398581587,0.14904543866338,0.351223374729,1,1
1.06523545286331,-1.51457691573365,-1.03460306602117,1.43124628164276,-1.11366390200511,0.829733587776197,-1.08803163286886,0.588474051676895,-1.60955851600393,-0.846754653132184,0.642049832013998,-0.54963402935676,0.992554887323278,1.61076453666879,1.19204099895983,-0.0634909307737661,1,1
1.33966588278248,-1.26722123940615,-0.962443380947157,0.844922100011387,-0.43939342433279,0.0986222237219598,0.076176587241809,1.72529597449098,-1.18498277339553,0.631018805911477,0.422229915155829,0.831645206723056,-1.02136979240151,1.62203888831528,0.0994946193190009,1.00303788833098,1,1
-1.32459620768275,0.386994719048395,0.856114560294723,0.258597918380011,-1.61977987235488,0.362294295754215,0.076176587241809,-1.14869233566829,-1.33026702265277,-1.44987654509632,0.4738167387252,-1.24027364739667,1.62341774752931,-0.93322280447164,0.953048789868517,0.682190740307377,1,1
-0.0934708067953845,1.23478052490823,-1.05075530115189,1.43124628164276,-1.24608412580087,-0.378558652512882,1.67696288989398,-1.42853393191523,-0.244777817453226,1.40447215998234,0.821198129027949,-0.54963402935676,-1.70400784243167,-0.618972783139998,-1.54334220911929,0.931036830716866,1,1
-0.219251420508335,-1.56662638164659,0.28420860232827,0.844922100011387,-1.12194936928964,1.58989832429364,1.67696288989398,-1.25004137911314,-0.997080322677904,0.284686250933265,-1.26827010644499,1.17696501574301,0.251974311088914,1.4043166503452,1.04734878851954,-0.724792182125838,1,1
1.25581214030718,0.833277897969025,-0.960085025799866,-1.50037462651412,-1.53003354584302,0.235403169524781,0.221702614755643,-0.800103209647991,-0.717470965318191,0.514329014112059,0.166488321824415,-0.204314220336806,-1.41765936297041,0.809066907751266,0.0937469021704095,0.706648891885754,1,1
-0.897704427808495,-0.534718326987723,1.28497439665382,-1.50037462651412,0.538828765778935,1.49675244103525,-0.0693494402720245,-0.28919243434446,-0.10608694879118,0.948161159887324,0.0248969086290324,0.141005588683148,-0.310512521650613,1.62526005836587,-0.164506902842902,0.367876896098428,1,1
0.920397170405977,-0.0569006047258803,1.56478318316685,1.43124628164276,1.1583771571717,-1.70806951395568,1.24038480735248,1.25506850211985,-0.916604276172926,0.33735179441614,-0.55734367745669,1.52228482476296,0.477991021204357,1.35316215396566,-1.33482040832985,-0.144749185437745,1,1
-1.37795768016703,1.51132803411044,0.0931826832508463,-0.327726263251365,-0.434517421431933,0.238808029678476,0.076176587241809,-0.750566740958303,-0.880999903907491,-1.52077987337843,-0.230154718970688,1.17696501574301,0.66759534343105,-0.977280201339856,0.847623140416523,-0.414035734374282,1,1
0.39440551306091,-0.567268714784041,-0.484020365672998,-0.914050444882741,1.28743458730887,0.736712692073718,0.803806724810977,1.43740803420738,1.13568099010081,-0.275068644860158,0.0587354074896221,1.17696501574301,1.00046877944784,0.894597059090134,-1.26707649884139,-0.574719401387103,1,1
-0.18494761676844,-0.102838324815941,-0.894738987792486,1.43124628164276,-0.984048728681397,0.832813922516363,0.076176587241809,-0.129435172134687,0.156704707224475,-0.856993338413793,-0.632858427527424,0.486325397703102,0.333681991993715,-1.54964086764412,-1.05521064586283,-1.68135498688624,1,1
0.527809194271615,-1.67567534656596,-1.5347828995632,0.258597918380011,-0.599151232614259,1.38370897116805,-1.23355766038269,0.50848384649064,1.21678325477755,-0.0766349207851917,-0.729887467741733,-1.24027364739667,-0.852567248384761,1.09430509482886,-1.28349939150146,-1.13174508937183,0,0
1.67508085268368,-1.43916430830002,-0.77511140391636,-0.914050444882741,-1.19912765871769,-1.71905941468202,1.53143686238014,-0.817018288298555,0.0414458600116325,-0.362789444649059,0.825715599714478,0.486325397703102,1.36009390771899,0.350971904493416,-1.69870620728706,-1.51187053410293,1,1
-1.53804209761988,-0.822806166229038,0.564654775264185,0.844922100011387,0.414824297663492,-1.733086854623,1.38591083486631,-1.19248339567094,1.39710115402659,1.10357771805769,-1.5205633704064,1.17696501574301,1.08904663363363,1.56952806229591,0.571683578040722,1.20166038395618,1,1
0.847978029177308,-1.62633049098903,0.145712342908992,0.258597918380011,-0.274592631209848,-0.107126457422448,-0.360401495299692,1.27880884731939,-0.850733408374126,-0.909029085305806,-0.660674716866381,-1.24027364739667,-1.16912515928588,1.58304046723146,-0.783160027631223,1.24198740979713,0,1
0.0513674756619528,0.475372052919978,1.57122896955876,0.258597918380011,0.389830012621913,-1.63329822306833,1.53143686238014,-1.35358097288593,0.392240826178203,-1.06791087365622,0.530186603392271,0.486325397703102,1.14247431105446,-1.54190811658836,-1.20365338592535,1.1942208178235,1,1
0.543055329267124,-0.238437622721903,-0.331306096280783,-1.50037462651412,0.899590609329968,1.62335039403577,-1.08803163286886,0.948229805953091,0.0026582332068395,1.56047403662527,-1.02480289232804,0.486325397703102,1.64933489786964,-1.16485109351419,-0.612956752550178,1.09702899921225,1,1
-0.531797187916274,0.185532333125099,0.702292197282349,0.844922100011387,0.157675366528887,-0.969139168905908,0.803806724810977,0.279569861702008,1.42947538125887,1.53071074233084,0.245571717024361,-0.894953838376714,0.485918498332514,-0.0523550090639751,0.0075694840859447,-0.953776586837536,1,1
-1.38558074766479,-1.11513329398121,-0.0081335387626565,-1.50037462651412,0.43911542656955,-0.105743959512816,-0.651453550327359,1.24999215213568,-0.288407412499664,1.6833474180396,-0.698415315926139,0.141005588683148,-0.746827601555214,1.30623094763295,0.02256305524549,-0.0240715228921536,1,1
-1.36271154517152,-0.69277221046064,0.0726321520303871,-1.50037462651412,1.49586377290473,-1.52358576839713,0.221702614755643,0.753548870134162,1.21013566519089,0.206990149553911,1.19277451115436,0.831645206723056,0.379695297803644,1.08266190549245,-0.44935295962834,1.4061472716814,1,1
0.802239624190781,0.588372632780771,-0.777632173519767,-0.327726263251365,-0.689587748601449,0.0643985558674072,-1.52460971541036,-0.757243967863888,0.21102587727378,-1.37408860658887,-0.531273738650426,1.52228482476296,-0.536187325038207,1.59794854838512,-0.0068163910197945,0.897176819323917,0,0
0.851789562926186,1.63823736521394,-0.127516845308085,-1.50037462651412,-0.483131107451082,-0.42515460175137,-0.651453550327359,0.256858109235855,0.707761267937567,1.28985571104146,-0.952307270577669,0.831645206723056,0.620243563405562,0.407775851054761,-0.240981740225058,-1.70835376360854,0,0
1.00806244663015,-1.54775199563557,-0.0725202441319577,-0.914050444882741,0.7485378097931,-1.5803563476277,0.51275466978331,-1.6876132615597,1.3202716391087,-1.26305029325985,0.0981981383725772,-0.894953838376714,0.165364468785418,-0.834757943259924,1.12859984488168,-0.13530925939812,1,1
-0.79098148283993,1.37734229499666,0.746677801775192,0.258597918380011,0.383035692904568,-0.579614620015212,-0.796979577841192,-0.0867923564622663,1.69809191983428,-1.22665457296114,-1.28031951398294,0.141005588683148,1.49965643123171,-1.63026723746333,-1.61889084032658,-1.67793174411672,1,1
1.58360404271063,0.285602277096364,1.55941539188651,-1.50037462651412,-1.10364203558065,-0.385602710210863,-1.37908368789653,-1.43495668749268,0.785365108970391,-1.09536042945005,1.03265017698563,-1.24027364739667,0.41894015358255,-0.950367248396739,1.28576446446386,-0.749824705252501,1,1
-1.70574958257048,0.240464815107752,-0.563862645590221,1.43124628164276,-0.424789153154756,1.67637018100905,-1.23355766038269,-0.247078374401142,-0.645430529993596,0.502335853699342,0.622160778885126,-1.24027364739667,-0.982072213943794,0.604332744614773,-0.876453612939067,-0.216655907300115,0,0
-0.855777556570844,0.0188419457012065,-1.5611121751704,-0.914050444882741,-0.109809595098428,-1.01799137842004,-0.796979577841192,-1.35321509036596,-0.698696600096513,-1.39473581805071,0.938376542460019,0.831645206723056,0.790765858708094,1.46701665277394,0.779095093120305,1.35477487678586,1,1
1.33966588278248,-1.48166559974137,0.0160834475735571,0.844922100011387,-0.276240697501083,0.142714770378907,-1.23355766038269,1.57678304433007,-0.664038082444739,0.935995849846588,-0.360414775598968,1.52228482476296,-0.680672947560791,-0.613623079995569,-0.318245472399284,0.534867609058446,1,1
1.12621999284535,-1.41033662805977,0.183377929313592,0.258597918380011,-1.10452865799512,1.66739188132201,-0.505927522813525,0.0789536972647012,-1.38934974182665,-1.56473485071398,1.16377478715714,-0.204314220336806,-0.77948081246006,1.29320761660759,-0.701783715857603,-0.468552269115981,1,1
0.531620728020492,0.369286901373997,-1.12264565155078,1.43124628164276,1.45869371290917,0.994533840638847,1.53143686238014,1.43039252144406,-1.54152222807242,-1.3834569252352,-0.0295581408653834,-0.204314220336806,-0.365393955072024,-0.359306263325449,0.410356343636959,-0.0279603271554591,1,1
-1.27123473519847,-0.535972246749258,0.933616702794294,1.43124628164276,0.901802410154613,1.68824278065685,0.658280697297143,-1.65542465701844,0.269199122074092,-0.258034106850488,-1.42347348756731,-0.54963402935676,-1.68265322991927,-0.657040263692394,0.942278571431753,1.09520614978388,1,1
0.825108826684044,1.47096197278137,1.71324364815075,0.844922100011387,-0.0633726445180647,1.6018714568824,0.658280697297143,0.475865264141454,1.05821780696586,-0.450150424379427,-0.971484572267333,1.52228482476296,1.63718184311845,0.0323221800018061,-0.162702389635784,-0.684529982547819,1,1
-1.32078467393387,-0.307416168083075,1.57724967896747,1.43124628164276,0.619227365695424,-0.0476048599435617,1.09485877983864,-0.669640672342405,-1.60150029548404,1.67030006461071,0.730586740431246,-0.54963402935676,0.122116514401513,-0.19647918744668,-0.105132185396404,0.399601705459189,1,1
-0.973935102786041,-1.22436097764093,-1.02308252958421,-0.914050444882741,1.36543581485731,0.665012037514694,0.221702614755643,-0.237088506921978,0.220402398460288,1.59095966361952,1.37842420522524,0.831645206723056,0.958584882288303,1.42414066435473,-1.5175814472183,-0.813124311611393,1,1
-1.0806580477546,0.765606620447722,1.332691255315,0.844922100011387,-1.24915454380151,-1.35371264202557,0.221702614755643,1.29138436157492,-0.448853258024262,-1.10826560702265,-1.42177304504119,-0.894953838376714,-0.829908113493084,-0.107174950986778,1.47965563914043,-0.0647127734654172,1,1
1.60647324520389,-0.701751928249015,0.739214132040163,1.43124628164276,-0.856853901975907,-0.214326278531935,0.076176587241809,1.66179149435493,1.33947669834418,1.52080871744705,1.26586399198009,-0.894953838376714,0.865366829561945,-0.763365752288452,1.2125486176872,-1.62984624864743,1,1
-1.37033461266928,0.106569512227311,-0.131352080845393,0.844922100011387,0.147363570780419,1.05310195673453,-1.23355766038269,-0.879076602765161,-1.22629329589632,0.637241412828916,1.03819251639903,0.831645206723056,0.242956256573703,1.17931086903953,-0.342658895570766,1.2151279378123,0,0
0.90133950166159,0.70680282171942,0.170004647179002,0.844922100011387,1.02784689015141,0.0068166246668687,0.076176587241809,1.55175113058987,0.209404724515675,-0.347098000656411,-0.508306575357764,-0.894953838376714,-0.253127750737899,1.71610965072783,0.928650077531498,-1.54840956177786,1,1
-1.24836553270521,1.41174757461798,1.24320904582749,-1.50037462651412,-1.59240112352278,0.686797414859492,1.24038480735248,0.652779089192056,1.60884884235626,0.801758415606525,0.65448302875239,-1.24027364739667,1.64248364434717,0.511184868010058,-0.636145414592471,-0.94336065113988,1,1
-1.16832332397878,1.03539556939042,-0.0400453220922422,-1.50037462651412,1.66339298629892,0.835126278227114,0.658280697297143,1.56269921835016,-0.540646131726669,1.3592245631409,-1.10106606464224,-0.204314220336806,-0.0113762658473342,-0.855730823978964,0.809026524578051,-0.568147327731089,1,1
-1.30935007268724,0.632029934526181,-0.411434180397257,-1.50037462651412,-0.154232090998544,-0.860942510595327,0.367228642269476,0.215081459036305,0.821897117139001,-1.14139978735547,1.08825081141199,-0.894953838376714,0.556118684892561,-0.895758726651963,0.0685682347094814,0.434411510000432,1,1
1.66745778518593,0.643424712263874,0.0054981818684599,1.43124628164276,-0.482900252504077,1.28283863685136,0.803806724810977,1.5950602115145,1.30501662937017,-1.08637660303911,0.542865462861683,0.141005588683148,-1.67104938586608,-1.51822196968773,-0.125181406712805,0.760539952743621,1,1
-0.0820362055487526,1.57075534143599,0.30379106624981,0.258597918380011,-0.711366728804799,-0.149989764227152,-0.214875467785858,1.35847330256368,-1.08609212315398,-0.347523118623783,-0.220791637312253,0.486325397703102,-0.678672020667122,-1.45090438839844,-1.52566571032002,-1.43805660710084,0,0
-0.55085485666066,-0.693148071531389,-1.05096731870958,-0.914050444882741,-1.11798827359309,-1.01006979356992,-1.23355766038269,-1.28747059001799,1.68305225406747,-1.17935992971511,1.26692126772002,-0.894953838376714,1.35814574287281,1.42820737349519,1.62317395941041,-1.56519630654438,1,1
1.61028477895277,-1.71945010076315,1.42141429527361,1.43124628164276,1.00230085802675,1.24740873752628,1.09485877983864,-0.65635516133734,1.05409023495273,-0.515354313993992,-1.26782898263648,1.17696501574301,0.908171100746421,-1.38493503847108,1.17967881337191,1.03195659802093,1,1
-0.505116451674133,-0.776271103891162,0.633950671512809,-1.50037462651412,1.56513143534811,-0.294705617603428,-0.214875467785858,-0.890953478323625,-1.25315880293794,0.475498199312869,1.20145695845872,1.52228482476296,0.137457342137661,-0.0518848289008804,1.0271703677895,0.733496981770035,1,1
0.706951280468848,-0.964540161428052,0.491831095390726,0.844922100011387,-0.295976436039617,0.85084074803502,-0.360401495299692,0.248793221685875,-0.657921996519181,1.05594428626966,-1.67095257301456,-1.58559345641662,1.39792276421012,0.682862530070917,-0.665118577993286,1.14388483354018,0,0
-1.67906884632834,0.581443061355335,-1.3621082522867,1.43124628164276,1.55484814791207,0.153923964511455,1.38591083486631,1.04791421869837,0.420745648503234,-0.718400134246249,0.877886034785423,0.486325397703102,-0.0378171883682701,1.20608209824898,-0.71821486530737,0.611023026592444,1,1
1.23675447156279,0.483507868326315,0.390776231424659,0.844922100011387,1.112997019024,-0.418554656866615,0.076176587241809,0.897622785330147,1.31348773404147,-0.788571371058075,0.249386134599273,-0.54963402935676,0.240655134605995,-1.12790555500675,0.264314738560581,0.867031143152822,1,1
-1.43513068640019,0.3433409291317,-1.28755636298506,0.844922100011387,-0.0644193780135944,1.05605760141644,1.38591083486631,0.784483949268261,-1.05647130262937,0.941071202365716,0.680507275218804,0.486325397703102,-0.398773841089064,-0.211927705297886,1.2102153062998,-0.411647693554882,1,1
-0.345032034221286,-1.66675684760948,-1.43434733960801,0.844922100011387,0.598496211245593,0.279460539759278,-0.651453550327359,-0.433020693705218,0.785591855760986,-0.443708796715985,-0.313352067973758,1.17696501574301,0.426333196941018,-0.852229153976474,1.51649120184604,0.314177023594755,1,1
-0.863400624068599,0.814566305928441,0.123809746833443,-0.327726263251365,-0.22267039502571,-0.388613635105959,0.076176587241809,-1.24921138075989,-0.796107411438881,1.07559241126211,1.26665499676733,1.17696501574301,-0.617812939515149,-0.837302774177878,-0.789794524481041,1.05396536147813,1,1
-0.12777461053528,-0.596663887048681,-0.308701079349976,0.258597918380011,0.202403536726717,-1.35662482000155,-0.505927522813525,-1.00345954136652,1.04045527236976,1.68305343957884,-0.660024865886562,-1.58559345641662,-0.387191439467063,-0.672272694707367,0.382874300403581,-1.1229484570147,1,1
0.39440551306091,0.592661244920852,0.337413987285741,-0.914050444882741,-1.51754229482806,1.35086968632603,-1.67013574292419,0.836194111359302,0.621556813452448,1.63543163438201,-0.79350602308749,1.52228482476296,1.62742016263788,0.301340240205086,0.786441764505936,-0.261136018164978,0,0
-0.303105162983636,0.21490011125438,-1.39779288158839,-0.914050444882741,0.674886657424794,-1.61202035008926,-1.67013574292419,-1.22185541555889,0.0702361237550384,0.534524887200174,-0.699860419570196,-0.54963402935676,-1.33819150866232,-1.6595816923659,-0.937161645454633,0.830859516815312,1,1
1.01568551412791,-0.529800219554929,-0.210763307303784,-1.50037462651412,-1.53548006115462,1.23973073075372,0.367228642269476,-0.960634880417656,0.506246066803317,-0.463897932541391,0.951848949696182,0.486325397703102,-1.35918738050246,-0.311642296290691,-0.30983026245337,0.116353760232582,1,1
-0.70712774036463,-1.25467584674153,-1.10060367903984,-0.327726263251365,1.08993739257834,-0.494042362122883,1.38591083486631,-0.262292997117574,1.28439045080403,-1.53959569405518,-0.0234645288220094,1.52228482476296,-1.57402271376688,-1.07442917418774,-1.07199087039344,0.628620490422532,1,1
1.48831569898869,-1.3945194543553,1.72078404998216,1.43124628164276,1.11694518837522,0.468501125260415,-1.23355766038269,-1.48310900491401,-0.398489942166524,0.796235158992449,0.122597561786102,0.141005588683148,-0.614195353239538,1.60739498654405,0.699838274333013,-0.707858583005318,1,1
0.9165856366571,1.17234798870148,0.241343000107767,1.43124628164276,-0.90252803750993,1.44304714250693,1.09485877983864,-0.996155893516769,0.916248946576724,1.62952239397492,1.15207406555107,1.17696501574301,-0.343013180289252,0.286262083273217,1.27105786300256,-1.6034322940321,1,1
1.56454637396624,1.47489524658296,0.679971260095342,-0.914050444882741,-0.605086099080102,-1.2115467935147,-1.67013574292419,-1.21411780696422,-1.17986650270185,-1.53093170523646,1.15805071668038,0.486325397703102,-1.39643782280137,1.26705622284715,1.31869141379359,-1.61442101236788,1,1
-0.501304917925255,0.539492320920396,-0.577418826828164,0.258597918380011,-0.0635287883632523,0.21910043897123,-0.0693494402720245,1.56238008467494,0.682493693410908,-1.74562698727578,-1.18918240106037,-0.894953838376714,0.180386581658421,-1.04397817078234,0.600005813154209,1.52624634676967,1,1
-1.39320381516254,-1.36312495530974,-1.37863170307789,0.844922100011387,0.332734814967596,0.899490101927775,-0.214875467785858,-1.06947330711538,0.85239537415708,1.12178741588451,0.166920385501981,0.486325397703102,0.298906405678798,1.06743806314339,-0.518793282132796,1.53229254162476,1,1
-0.501304917925255,-0.32330742804946,1.68178186989863,-1.50037462651412,-0.72981663293073,0.875893015356944,0.94933275232481,1.25218108622918,-0.204204495697474,-1.41189321028853,-1.31401787070216,1.52228482476296,0.880657840079588,-0.290964910858478,0.568657711676208,-0.988317479662082,1,1
-1.29029240394286,0.815127477887416,-0.713429654824275,0.258597918380011,0.318387527792672,0.0767448482540582,0.367228642269476,-1.33525000205457,0.999949788137295,-1.48356387725516,1.2809396307412,-0.204314220336806,1.66086274154644,-1.1058273875522,1.27272631218383,-1.20769051488144,1,1
-0.756677679100035,0.992317327155687,-0.235683630606923,-0.914050444882741,-0.693975361922084,0.418201878746456,1.24038480735248,1.27955771252742,0.187670191107506,1.39463309429699,1.170772472094,-1.24027364739667,0.423947612829036,0.899815551400855,0.446762436513707,-1.65225450157502,1,1
-0.253555224248231,-1.3116395396928,0.549470109295,-0.327726263251365,-1.52632144859553,0.87569718834089,-0.360401495299692,0.3434769283241,1.48986254027231,-1.49072597956393,1.21390987651051,1.52228482476296,-1.3370048483034,0.902447906815627,-0.291041447284575,-0.91965408092579,0,0
-1.6866919138261,-1.72321587108965,-1.62190550118598,-1.50037462651412,-1.70826264550606,1.16338347628135,-1.67013574292419,1.2103933920588,-1.33935260268982,-1.37105418611389,0.708938624581919,-0.894953838376714,-1.41721887871788,1.70627441398479,1.46512838168131,-0.56526129070417,0,0
0.0361213406664436,0.756615829963293,1.10656677933268,-0.914050444882741,-1.36946723947282,0.890464176166934,1.67696288989398,1.27150608283511,-1.27631580415147,0.211133881019459,-0.122768511005473,0.141005588683148,0.972642528246193,0.967496478745878,1.17208342267343,-0.885327472080023,1,1
-1.39320381516254,-0.481516014553322,0.155997608808731,1.43124628164276,1.00462579825011,-0.514564681523702,-1.37908368789653,0.332876523498979,1.16756263505608,0.861437395665691,-0.339994309660692,0.141005588683148,0.531407658561022,-1.21727938083324,1.33567031307494,1.02643676474613,1,1
-0.920573630301758,-0.837119691417147,-0.741361205585582,-1.50037462651412,1.58580178075027,1.69981526059411,0.221702614755643,1.44589749887998,1.16733539516523,-0.379296714932261,-0.373183662836534,0.486325397703102,-1.16266658183629,-0.607982763756173,1.40758125169507,0.861593725970938,1,1
1.71700772392133,-1.67840883080722,-1.49370453242726,-0.914050444882741,-0.250214079131527,-0.23722431581377,0.367228642269476,0.295032639504632,-0.107263929917637,-0.306303076348101,-1.52302847294886,0.141005588683148,-0.845489393202966,-0.163988092978122,-0.357141981132611,-1.43612091444365,1,1
-0.22687448800609,0.158210214476358,-1.14328432281879,1.43124628164276,0.0442469666302302,-1.64993567243913,-1.67013574292419,0.735351870739315,1.58495117888795,0.430120374394641,1.56172173720937,1.17696501574301,0.877930552071173,-1.28125657514559,1.25669378440417,0.682466807063813,1,1
-0.516551052920765,1.24071566327078,1.40101272449788,1.43124628164276,-1.21248670178275,-0.48489357215284,-0.360401495299692,-0.291639726208137,0.607638539763887,-0.011659359527022,-0.180788684572379,-0.204314220336806,0.23943671857271,0.99190481958319,0.254463818626912,0.0749262918193413,1,1
-1.62951890759294,1.61152368483937,0.675064783291826,0.844922100011387,0.17597948096263,-1.29397141814225,1.38591083486631,1.4333358250772,1.64982892967364,-1.70235023642289,1.49617458590259,-0.204314220336806,0.304797735534762,0.093686774976996,-1.5892870490336,-1.26028348848648,1,1
-0.150643813028544,0.246821512956058,-0.839708603985239,-0.327726263251365,-1.22002110023129,-1.31581590301758,-1.67013574292419,1.12191378474074,0.102815263698158,-1.37256313528902,1.31843604894,0.831645206723056,-0.995852529446933,1.52948262553985,0.481339510585751,0.827578932267525,1,1
1.69795005517695,0.0682319555850858,-1.47983651065109,0.844922100011387,0.38272244761553,-0.764246558188067,0.367228642269476,-1.15542215660027,-1.03319413543017,0.252902469706363,1.14143215874344,0.831645206723056,0.457611761579746,0.308873828198748,-0.0910488933065562,-1.41882515493877,1,1
0.249567230603572,-1.42712336981326,0.691010896063269,-0.914050444882741,1.48902198838561,-1.55032879632983,-1.37908368789653,0.263648220088414,-0.199412150093198,0.989415066778779,0.301615906616605,-1.58559345641662,0.948646650915578,0.0806281823447763,-0.768226096798652,-1.10564681618309,1,1
-1.22930786396082,0.188066115704381,0.280443440502814,0.258597918380011,-1.04467396283316,0.637919221493923,1.24038480735248,1.37361700549824,1.64170195269805,0.883279576721137,-1.39950986327539,-0.894953838376714,1.34621645731399,-1.47107210826076,1.64036187808496,-1.20163759577455,1,1
1.3701581527735,-0.40008763529449,-0.302678453790296,0.844922100011387,0.909514373735395,-1.47930910832932,1.09485877983864,1.01419341383457,-0.453479856491511,0.803236657886546,-0.622411868624005,0.141005588683148,0.831026075854238,-1.20326117768258,-1.53069658081164,1.51336319187638,1,1
0.954700974145872,0.390958770588138,-0.444763449208554,0.258597918380011,-1.63620892578141,-1.03382715129456,1.53143686238014,1.60128308431287,1.56109720121537,0.911652902061023,0.355007771454843,0.141005588683148,0.274884133897061,1.20323386434675,1.55546280562064,0.685335081949473,1,1
1.61790784645052,-0.369626236596038,-0.954630402211463,1.43124628164276,-0.427022295025979,-1.4141552803768,1.38591083486631,-0.931694097993995,1.01162385351203,-1.61269172348238,-1.70740588563315,-1.58559345641662,0.610923190020126,1.68836119408116,-1.1697134984179,-0.300795141364731,1,1
-1.66001117758395,-0.886507666317045,0.618058033834408,-0.914050444882741,-1.33649769698814,-1.51659142483199,-0.0693494402720245,-0.460057236407262,-0.207265736521723,1.34172225966142,-1.60544344574932,-1.24027364739667,-0.0416639088861414,-0.289601553997114,-0.415428421304273,1.11175679201266,1,1
-1.66763424508171,-1.39261675476934,1.66371099316286,-0.327726263251365,-0.506107699075052,-0.811734669566026,0.94933275232481,0.0239606560860011,0.13535757482665,1.32151421241181,0.613895930532483,1.52228482476296,-0.937271381744877,1.0676799718966,-0.275994503468955,-0.972239819164959,1,1
-1.38176921391591,-0.626654114894771,-1.0973786362478,0.258597918380011,-1.12080444204796,0.236149568640054,0.51275466978331,-0.926957279864392,0.360538825008392,0.080373049172372,1.34969851959045,0.486325397703102,1.33565405824706,0.440432690904928,0.811100782805127,1.4860686147571,1,1
0.283871034343468,-1.38676787568892,0.36626422465236,-0.914050444882741,-0.434553203725254,1.58942435522542,-0.651453550327359,-0.367967426723401,0.560852078079435,-0.90365697552847,1.23422984665477,-1.58559345641662,0.123127652061342,1.57969567504138,-0.97451864646084,0.681352053520086,0,0
0.333420973078873,-1.10729873588826,-0.23437465546688,0.258597918380011,-0.282654399767908,1.28234692588428,1.67696288989398,0.129080580913419,-1.46218846165169,0.289642427222484,-1.16679033512231,1.52228482476296,0.337117897684704,-0.898088444688747,1.69481862216785,0.2089753454867,1,1
-0.56610099165617,1.71496637097558,-0.156213234785095,0.844922100011387,-0.68434277913518,1.28364674486008,0.221702614755643,-1.07011995588925,1.48063678739907,0.170541251352709,1.4301868763161,-0.204314220336806,1.70990981829189,0.156023721801437,0.873430955066647,1.01703268807382,1,1
-0.787169949091053,-0.176781217172674,-0.82496261178745,-0.914050444882741,0.538708507822873,-1.12761739307156,0.803806724810977,-0.84375919706161,0.324686771376468,-0.992697073252985,0.679035692300272,-1.58559345641662,1.69224403120295,-0.31154079573472,1.01526847546805,0.501855775775868,1,1
-1.24836553270521,0.12886188729591,1.15823433315406,0.844922100011387,1.43953180576023,-0.821534780886275,1.53143686238014,-1.30045756951242,1.47226106994464,0.327678712555971,0.74901558654618,0.141005588683148,0.30934464443336,0.145301190264269,-1.35276938349837,1.33487140164215,1,1
-1.15307718898327,1.31895727409577,-0.0222598460337514,-1.50037462651412,-0.340804188896013,-1.47102507293303,-1.67013574292419,0.738179559293409,0.444540062100305,1.00202797069499,-0.691855287338693,0.486325397703102,-1.60648337986809,-0.79250195236338,-0.0713254542268294,1.13564263990842,1,1
0.447766985545192,1.74363598617593,0.179711957179603,-0.914050444882741,-1.05620050766685,0.947846788285133,-1.52460971541036,-0.480520913155071,-0.2453551584407,1.03263545938338,0.747865158563476,0.831645206723056,-0.350233531137104,-0.0058215375550651,1.55453419223727,-1.03455883478415,0,0
1.14527766158974,0.305915919658335,-0.649167546416964,0.258597918380011,-0.786947775686554,-1.49368498354037,1.67696288989398,-0.969920030862468,0.221411108363884,-1.55971197333802,0.726111509080498,-0.894953838376714,1.52671983158964,0.43087236049314,-0.785855281053054,-0.89075478978227,1,1
-0.356466635467918,1.10602757703758,-1.07621520809895,-1.50037462651412,1.2167522832321,0.183769373202487,-0.0693494402720245,0.0244187948982524,1.12317698508973,-1.08228165215586,0.32383137415267,-0.894953838376714,-0.724277730140502,-1.43742170409628,-1.2178119364149,-1.49083547280067,1,1
0.897527967912713,-0.584786807647118,-1.40929560378581,0.844922100011387,0.246774177046592,-0.880214135444892,0.658280697297143,-1.49649046521831,-0.605579168522037,0.553753334881486,-0.505764624122262,-1.58559345641662,1.74168030538519,0.837063616829233,-0.0398597115705616,-0.957666299636443,1,1
1.08048158785882,-0.658603253936093,0.772646156296873,0.844922100011387,-0.153873350876821,-0.89547668251798,-1.52460971541036,1.46568483736643,1.55918643117644,1.21922761867065,1.0799370590898,-0.894953838376714,-1.43180979177493,0.711737107179479,1.50181806792483,-0.533850939567486,1,1
0.691705145473339,-0.320951577153248,-1.02611038185625,0.258597918380011,-1.20290735530684,1.67913871459615,0.658280697297143,-0.712894265583615,-0.125361230473159,0.0431869750719185,1.52204705086996,-0.204314220336806,0.246229387677918,1.30954444524914,-0.035022761533095,-1.61551561278966,1,1
-0.535608721665151,0.618609483198164,0.689135472749829,-1.50037462651412,-0.172024210108852,0.87312289083265,1.24038480735248,1.33772072528226,1.55842039036073,0.690253873832518,1.28569245715461,0.141005588683148,0.0635624924552797,-0.252903644677131,-0.318956771562291,-0.631911586538946,1,1
0.935643305401486,0.652334430065559,-0.351801254559916,1.43124628164276,-0.760258555032182,1.14929805259254,-0.796979577841192,-0.0091951349741546,1.29919704605589,-1.69386297888717,-0.905257470990089,-0.894953838376714,-0.838576917637708,-1.50460321278282,0.531352664701509,0.937616321095595,0,0
-0.615650930391574,-0.625536302431003,-0.263585783115522,-0.327726263251365,1.52304618509758,0.236438002699921,-0.942505605355026,1.21193335150448,0.910794487691772,0.346053568677153,-0.196871354145107,-0.54963402935676,1.56596169985136,-0.130531943817637,1.52430560180149,1.17405704783291,1,1
-0.543231789162906,-1.25943398534615,-0.0781035369010895,0.258597918380011,1.32004749276006,1.26669702629944,-0.942505605355026,-0.87709357000099,-0.120269511065596,1.57375114366818,-0.557747111045459,-0.204314220336806,0.423319688531716,-1.2435999228062,-1.55152976762483,-1.68410870958735,1,1
1.38159275402013,0.478927330435662,-0.430533236798318,0.844922100011387,-1.42872002945809,0.489695949976358,1.38591083486631,-1.12577990556043,0.290156225923495,0.528716669028876,0.718098784703465,-0.204314220336806,-0.925721202366751,0.508694423411354,-1.19005510005408,-1.69004278618301,1,1
0.550678396764879,-1.27644219211023,-1.35820515587847,-0.914050444882741,0.0578832742717417,1.5256451356522,-0.651453550327359,1.20937459122636,1.15245842053014,1.43610059409555,1.15149713413428,1.17696501574301,-0.392199854669822,-1.55456847050695,-1.26156573694257,-1.21167308747244,0,0
1.04236625037005,0.291213475626673,-0.63224958089079,-1.50037462651412,-0.943815986276487,-0.764923404942544,-1.08803163286886,-0.995352887774667,0.142860760511197,0.19875502623168,-1.00025802978274,0.831645206723056,0.777306606484018,-0.43114517199464,-1.42585480579458,1.28491618844019,1,1
0.809862691688535,0.691443193881667,0.597645958381464,1.43124628164276,-0.305827554253539,0.316840912910202,0.367228642269476,0.851843607814305,0.809577083486113,1.16208411135126,1.55614833094511,-1.58559345641662,-0.691708282497306,-1.43182971155454,-0.674854102663795,-0.10144432243471,1,1
0.379159378065401,0.716479375753128,0.604766313768608,-0.327726263251365,1.29523780862095,0.643497741296658,-0.796979577841192,-0.539296744383264,0.989773729560164,-1.33582052179885,0.612727782785323,-1.24027364739667,1.32663333618957,-1.70498757187759,-0.927056217666835,1.66416394536075,1,1
-0.371712770463427,0.900560631620631,-0.713550275216057,-0.914050444882741,0.0951935195946734,-0.380430306335515,-1.37908368789653,0.858765776860732,0.0365324916720868,-1.33807506352933,-0.990990615319879,-0.204314220336806,-1.14962681875304,1.5848440781903,0.179429243139384,1.33563519347677,0,0
-0.524174120418519,1.31631376714036,-0.109623054450157,-1.50037462651412,-0.568835688092318,1.29664957202167,-0.360401495299692,1.4110926695261,0.116044663827513,-1.34965412266858,-0.457514081548049,-0.894953838376714,-0.806832773465175,1.70709736498073,-0.587607543933655,1.34524880980226,0,0
1.61409631270165,0.0177291716200132,-1.03579058573231,1.43124628164276,-1.00279902514917,1.64150932071791,-1.37908368789653,1.66739377865665,-1.04617112679085,-0.0692284427414153,-1.38884719189068,0.486325397703102,-1.22168548474405,0.192686548682517,-0.317662594715634,-1.27296692888247,1,1
-1.48849215888448,0.819689371497083,-0.977005915009455,0.258597918380011,1.0323624719094,-0.0330313386712997,0.221702614755643,-0.486556574877625,-0.885086485654274,-0.62001221378735,0.332231089736722,0.141005588683148,-1.36292122207797,-0.895274894950813,1.54156098523771,-0.0809864377123963,1,1
0.737443550459867,0.432877877457151,-1.62763713183299,1.43124628164276,0.428423793735161,-0.388342997170063,1.38591083486631,-0.459827921311697,1.38226131454855,0.730750772962526,-1.16313386752467,-1.24027364739667,-0.682625335705449,1.41485799915352,-1.18222509927263,1.70090627125118,1,1
1.00806244663015,-1.07336985195237,1.40696137153173,0.258597918380011,-0.109028259062392,-0.108248019572243,-1.37908368789653,1.66652539916311,1.160358030429,1.3678411263818,0.667809336199834,0.831645206723056,1.74136835421519,1.45588698105526,-0.375694072816847,-1.20226409370612,1,1
1.16433533033412,-1.63386149274243,-0.975843814344569,-1.50037462651412,-0.969834464291656,1.20372507919677,-1.67013574292419,1.25134427885939,-1.69083360463267,0.384097878732059,0.822130478913325,-0.204314220336806,-1.39708376069566,1.2203596251828,-0.830838568691932,0.25934512148966,1,1
-1.57996896885753,-0.732438870365579,-0.917398279946337,1.43124628164276,-0.568728918136119,0.489619761421598,-1.67013574292419,-1.57670504343437,1.2601522324463,-1.02654809299377,-0.0792314496649854,0.141005588683148,-0.985469562264213,0.154422926144684,0.181073876001873,-0.531131400896421,0,0
-0.0172401318178385,-0.180506853718328,-0.736553340021671,-0.327726263251365,1.58034701269133,-1.57996928803614,0.94933275232481,0.253471767040455,-1.63893312962727,1.46597318440483,-1.42655686178121,0.831645206723056,-0.782165949934641,-1.45980914519291,0.82951681500791,-0.381329337962448,1,1
-1.35890001142265,0.425680506094355,-1.26516273685763,1.43124628164276,0.0696882985991742,0.133723506482883,-1.23355766038269,-1.10508600894321,-0.151718885237336,0.0662491953935432,0.38047463176653,0.141005588683148,0.423175658064621,-1.41259635319307,1.10893083810483,1.34753268559813,0,0
-0.924385164050636,1.23656672710195,0.512649787149772,-1.50037462651412,-0.340447242953965,-1.67461993043465,-1.52460971541036,1.71025638138549,-1.49401249889733,0.733389279014161,-0.453632565218006,1.52228482476296,0.860953413007999,1.36509332062616,0.0637352432270103,0.306333389745586,1,1
-0.36790123671455,-1.03991879389188,-1.44669386674973,-0.914050444882741,0.0742643979072077,0.948077731713946,-0.214875467785858,-1.25168414908025,1.60164513354803,1.32576091932543,1.56443787662391,-0.894953838376714,0.88380368667423,1.29362870387779,1.24033318547026,0.893720690539874,0,0
-0.447943445440973,-1.28610955751411,-1.24156407472855,-0.914050444882741,0.95906697989252,-0.603084104067246,1.67696288989398,0.204622621973679,1.6136518979878,1.67072956004924,0.0391420194303146,0.486325397703102,-1.6943097417941,-0.223549563103989,0.998371875106076,0.599665816217177,1,1
1.40065042276452,1.63188974839867,0.53173141615434,1.43124628164276,-0.54858961028898,-0.108008385422477,-0.0693494402720245,0.571278556915365,0.372324925634741,-0.0094412543523111,-1.50187320311272,-0.54963402935676,0.536667020256454,-0.588701808093047,-1.17755355792714,0.103906800076202,1,1
1.57216944146399,-1.34706959105798,-0.527951263961984,1.43124628164276,-1.10304699572352,1.01747586305794,0.076176587241809,1.51299488597556,-0.378642867003134,1.03942832046567,0.468460449716687,0.141005588683148,0.463434985263693,0.497273753760165,-0.871210148310775,1.00693574456375,1,1
1.04998931786781,-0.0570304972061972,0.751211484842531,0.258597918380011,0.292450483370986,-1.57419340235177,0.51275466978331,1.20191512195749,0.0327461761284513,0.201733575074816,0.969287730589119,0.141005588683148,0.0712116074494448,1.05703178740534,0.605658618760516,1.62233181412909,1,1
-1.10733878399675,0.31583822091251,0.228403426029657,-1.50037462651412,0.56819026534876,-1.18799831887965,0.51275466978331,-0.881630127815095,0.892377512503872,-0.0775486034262824,-1.1934995648781,-0.204314220336806,-0.408986038455692,0.798217958661536,1.65564317348794,1.60887947111349,1,1
-1.62189584009518,0.161953832608889,-0.81845406629482,0.258597918380011,0.731411906699969,-0.363124226916505,0.94933275232481,0.250610468564955,-0.959082961818098,0.100477148257714,-0.185046426314262,-1.58559345641662,1.04165603922226,0.399248124409365,-0.41840258236315,0.999169639243053,1,1
-0.173513015521808,-1.42372535309133,0.552818446386174,-0.327726263251365,1.31289354168742,-0.94205900566754,1.53143686238014,1.57018138291506,-0.208583951814499,-0.085115436980496,0.842925534337642,0.831645206723056,-0.53151969988666,-0.92086243405469,-0.925328121309736,-0.0393906852101939,1,1
1.35491201777799,-1.52473291113442,-1.30383554023557,-0.914050444882741,-0.441873251338913,-0.570046423271682,1.09485877983864,0.815547173946443,0.806414470905609,-0.30477853437448,-1.68280984855707,1.52228482476296,-0.926470433444287,-0.814337729901957,1.28957294351228,-1.15374400725543,1,1
0.25337876435245,-1.35598845032547,0.155414769128173,0.844922100011387,-1.45808324232316,1.70480524186353,1.24038480735248,0.651426089973284,-0.367695761265813,0.746500679243593,-1.65318691974788,-1.24027364739667,-0.648704461353473,0.772037009764692,-1.02994040074773,-1.56174148943026,1,1
1.07667005410995,0.315921641832701,-0.189350420320416,0.844922100011387,1.57521186806493,1.1095910333885,1.09485877983864,0.88199934445282,-1.61571154731333,-0.899900882985364,0.611270200745052,-0.54963402935676,-0.199353321882804,1.04201879315086,0.694652664801286,-0.919007436345761,1,1
-0.3259743654769,0.17229815518627,-0.777287387715429,-1.50037462651412,-0.222575073072846,1.31109865969242,-0.505927522813525,-0.615771257566779,0.0169540635283996,0.373701653815152,0.779772114437967,-0.894953838376714,-0.981809635152954,-1.31740526322846,-1.60283273377661,-0.544957200722396,0,0
-0.257366757997108,-0.909346331735486,0.390189454840709,-1.50037462651412,0.424093654341944,1.49422703349262,0.51275466978331,0.793154554020913,0.806903765460949,0.709128426210662,1.20174984344794,0.141005588683148,0.383085442271438,-1.07282441214245,-1.65572996051665,-1.26824654025868,1,1
0.314363304334486,0.497655222807694,1.3186951811557,0.844922100011387,0.571973218974645,-0.559591761793717,-0.796979577841192,-0.926314445268346,1.62909653440223,1.33126571128521,-0.357892840307885,-1.58559345641662,1.34259875271964,0.62219487466489,-0.15705442387402,-0.941969028549774,1,1
-1.13401952023889,1.13247173317695,1.76178472019771,-1.50037462651412,0.160460290296441,-0.710699706169845,0.076176587241809,-0.249995760159454,-1.59836952896473,-0.614408073521435,-0.392223219198013,1.17696501574301,0.341078253669147,-0.379624437340938,0.553066799254101,-1.42741937580468,1,1
0.428709316800805,-1.578528706763,0.403241226951112,-0.914050444882741,-1.01183653788319,-0.927804590635988,-1.23355766038269,1.34972128297443,0.128659186609214,1.22189202949963,0.176008027652574,-0.204314220336806,-0.175003236018409,0.219460219744263,-1.22802931133642,0.0855546882669435,1,1
0.912774102908222,0.0113597123491035,-0.302031209440999,-0.327726263251365,0.877152119724293,1.12579255177252,0.076176587241809,-1.66718484625757,-0.180367041721072,1.51603539066985,0.892307685533388,-0.204314220336806,1.03966016729683,0.396539845850863,0.924949484438584,-1.28038598939283,1,1
0.604039869249161,0.677124596812097,-0.925479815375965,-0.327726263251365,1.04413543360768,0.607048046739291,-0.651453550327359,-0.297742510076765,-0.892952398453641,0.485875297604368,0.485735860834304,-0.54963402935676,0.870293775492358,0.951226590612901,-1.27548532106018,0.838693216971388,1,1
0.638343672989057,-0.84467440335793,-0.814720586258588,0.258597918380011,0.182658388818455,-0.920536726634662,-1.52460971541036,-0.80865626270192,0.464679733191004,0.912209957276918,-0.610487970315974,-0.54963402935676,-0.451129600176815,1.05266341280946,0.127519721927552,-0.571110842387653,1,1
-0.112528475539771,-0.651544631742036,-0.0424070153364239,-0.914050444882741,-0.0386206129352617,-0.435360653883315,-0.796979577841192,-1.04500528310984,-1.16366664486073,-0.357990332299737,-0.5433032560386,-1.58559345641662,0.371230955032379,-0.753876778666356,-0.653398344439512,0.59563809634301,0,0
-0.760489212848912,0.413603434489783,-0.432029547452322,-1.50037462651412,-1.32554039726834,0.0115589086455953,-0.214875467785858,1.17183850002776,-0.750716928984654,1.53980609669258,0.912151341404948,1.17696501574301,0.807182130944873,0.143860252748965,0.884660723594609,1.31909359738567,0,0
-1.26742320144959,1.40363772376588,1.46624313459255,-1.50037462651412,-1.42855129160438,0.0853861978803469,0.658280697297143,0.679699180440645,0.959202631934248,0.562915680321743,0.114074811353174,1.17696501574301,-0.872878992700355,-1.29201038314713,1.06433941908637,-1.41892492170528,1,1
1.5874155764595,1.09714957028933,-0.428494564938947,0.258597918380011,-0.550458693170832,1.3277254676645,1.67696288989398,-1.34275096624066,-0.144399204643185,-0.689844818338912,-1.41202039238272,-0.54963402935676,-0.4538497296778,1.17741913300918,-1.49251696283696,1.68512857020641,1,1
0.23813262935694,0.307363791948471,-0.410610243013514,0.258597918380011,-0.649114281921411,-0.423052930771078,0.221702614755643,-0.0201297475566974,1.6869792775175,-0.363011078110466,-1.21973834733534,1.52228482476296,-1.35738125502756,1.18921744355994,-1.05421719078296,0.503445164631067,1,1
1.10716232410096,0.819593704081555,-0.375565171578233,-1.50037462651412,1.55909326690028,1.39593002723897,0.076176587241809,-0.115586230001208,-0.398370138521821,0.3784738503543,1.22034569355041,1.52228482476296,1.70148614401337,-0.687167088505447,1.37103848420441,-1.53116301617706,1,1
0.489693856782842,-0.452868852720302,1.19812605913763,-1.50037462651412,0.974986693984829,-0.213572665912966,0.367228642269476,-1.23919756305459,-0.13461372446774,-0.953874998462609,1.73623028738719,-0.54963402935676,-1.42639853386923,-1.16451178987308,-0.281615023739574,-0.635212714908446,1,1
-0.436508844194341,0.508768873256294,0.552680801739593,-0.914050444882741,0.550052857695573,0.83726700880843,1.38591083486631,1.03739530232516,-0.694418238988949,0.851366231600002,-0.581272466258629,0.486325397703102,-1.13945644649988,-1.47565487111567,-0.0698570245461622,1.33190092507267,1,1
-0.120151543037526,-0.0998968993686746,0.425491309980751,0.258597918380011,0.0612999629987506,1.47079778928626,1.24038480735248,-0.462778686147486,-0.914091229398924,-0.986673659631695,-0.402969876515248,-0.54963402935676,-0.0599757953663719,0.259616261827844,-1.13937602223097,0.334971739739375,1,1
1.23675447156279,-1.06189121082851,-0.547115399533634,-0.914050444882741,-1.14199777274619,1.39266274055214,-0.505927522813525,0.906373721809881,1.4418062321647,0.288290432268834,-1.21452029846206,-1.58559345641662,1.27691486092237,-1.40232266941239,1.72528141548144,-0.727269838771338,1,1
-0.588970194149433,0.720403253994075,1.13312012762736,1.43124628164276,1.64428797535575,-1.53800360758465,-1.37908368789653,-1.06761413222621,0.846108098947239,0.653719877338619,-0.930651392046477,1.17696501574301,-0.489893678296086,0.622623060214868,1.47637030386877,1.51838607198451,1,1
1.16433533033412,0.214503846120063,-1.5744377671592,-1.50037462651412,-0.428590630016685,-1.02550760518536,0.076176587241809,-0.641517446533148,-0.580588693910355,1.21893570612886,-0.270416791626826,-1.24027364739667,0.941597145432798,0.614139104953905,-1.714472724033,0.991608986631414,1,1
-0.299293629234759,-0.474462761780893,1.31683204696885,0.844922100011387,-1.34963029393869,-0.0911334117884578,0.076176587241809,-1.40323671759787,0.678957806931575,0.781855803821335,-0.760534409938163,-0.204314220336806,0.620547411557091,0.393695600496967,0.186508568024881,0.813839270612469,1,1
-1.00442737277706,1.45031531464088,0.0732354038742171,0.844922100011387,-0.0206277364416309,-0.247382504996845,-0.505927522813525,-1.23590175085086,1.59120692098765,1.00734518961372,0.696938568392118,-0.54963402935676,0.490930314892673,1.29615024870487,1.30044422853022,1.33940155971028,0,0
-0.775735347844421,-1.65042209088336,-0.324453420652381,1.43124628164276,1.28544742092262,0.473851364509385,0.803806724810977,1.32635617745992,-1.47129368984693,1.40364831531896,0.125268026737362,0.831645206723056,1.206662239625,-0.416420227417093,-0.229922684740696,0.931545962140933,1,1
0.714574347966603,-0.623677693268407,0.0191126824912522,-1.50037462651412,1.33111203058283,1.52059893665631,-1.08803163286886,-1.35494414152182,-0.817206492766993,0.309067739129457,1.11936830202333,0.141005588683148,-1.67511410442252,1.38451147039851,-0.208163645628253,-0.728933661255848,1,1
-0.69188160536912,-1.52523965533327,0.610431673583322,0.258597918380011,-1.67927483350497,-1.34695435979157,-0.214875467785858,-1.40129603709454,-1.03674794647587,1.17216049961826,0.777669684100571,0.486325397703102,1.49848556408463,-1.58964667334741,-0.407255849528051,0.292526491937529,1,1
0.737443550459867,0.946023944313378,-1.66334817110269,0.844922100011387,1.3276930839772,-0.177427471463523,-1.52460971541036,1.52446957995619,1.26151077029441,-0.961734375134127,-1.3067401883603,-1.24027364739667,1.15189122172659,-1.32901602044064,-1.62161262841341,1.18078972927338,1,0
-0.810039151584317,0.721688883427778,1.31945327246158,0.258597918380011,-0.784331980334722,-1.0713071058921,0.658280697297143,0.504443008745934,-1.11020180673097,1.06259541573682,-1.32320665718633,-0.54963402935676,1.52871052980708,-0.29982162289319,1.01641416218798,-1.09293667813966,1,1
0.306740236836732,-0.569425309937525,-0.156036780026506,0.844922100011387,-1.58306596732306,1.34626083120762,1.53143686238014,-1.38333651526091,-0.667567969542131,-0.997109520156553,1.37572038320816,-0.54963402935676,1.02828049133207,0.324975578718044,-0.138975200604298,-1.15421041297392,1,1
0.390593979312032,0.629598649640009,-0.516468966829845,0.258597918380011,1.19541754356022,1.58906131982285,1.09485877983864,1.63302607620489,0.142190971288312,1.47900544618356,1.10963205526551,-1.24027364739667,1.3231135410548,-1.60528394563647,0.118366043988126,-1.16812228759021,1,1
-1.63333044134181,-0.344515148588521,-1.22752114002079,0.844922100011387,1.25064412777627,-0.0849447370500025,1.24038480735248,-1.22335988417727,0.407435337249892,-0.621020186346391,-0.119133813472102,1.52228482476296,-1.01989125931552,0.233694770024233,-0.835677455518236,-1.04684886797465,1,1
1.09572772285433,0.910247527911264,-0.181301906729396,0.258597918380011,0.331251385335293,-1.37587578564835,-1.23355766038269,0.921642399263413,1.0499590901414,-1.17023880172698,-1.29882952936564,-0.54963402935676,-0.617023735526397,-0.660040503838537,0.995056336637214,-1.35974999727426,1,1
1.59122711020838,-0.141678360986167,0.0161794689832715,1.43124628164276,0.256372354101399,0.971365656335353,1.38591083486631,-1.61217744460318,-0.326721756291771,-1.25244424806163,1.38595207069099,1.17696501574301,-0.630925589934587,1.33253501623239,1.02841923018407,1.16478055085622,1,1
1.31298514654034,-0.287604190081122,-0.305710032292352,-0.914050444882741,1.0763177854003,0.667649430746074,0.803806724810977,0.430448448327118,0.109166434694698,-1.11663433673799,-0.948169390569089,0.831645206723056,-1.34562076434094,0.116322814026076,0.194082332155395,1.09839871178569,1,1
0.268624899347959,1.53177093465064,0.649487134235088,0.258597918380011,0.984216531707628,-0.512270501220484,1.67696288989398,0.1608260296557,1.59010218671283,-0.212699254553392,-1.63024334428818,-1.58559345641662,0.806267822071189,0.30401314690361,1.41255587950868,-1.19427260947017,1,1
-1.33221927518051,-0.849664065892421,-0.245796614060193,-0.914050444882741,1.34078041583032,1.32317677051007,1.09485877983864,-1.01239550156725,-0.704364099462027,0.0464249689173435,1.47564106964869,0.831645206723056,-1.25195741225975,1.53351158082969,-1.3200113721523,0.71070823494166,1,1
1.15290072908749,-1.30387827622846,1.63158163655632,-0.914050444882741,0.181874678622126,1.62782702043073,-0.651453550327359,0.494891951722788,-0.87356424757646,1.40661444382483,1.07267191822165,1.17696501574301,-1.54213646551502,0.90987150824486,1.00374578834077,0.440648746621458,1,1
0.108540481895112,0.312284039943566,0.37376961700213,-1.50037462651412,1.60715447716283,0.187759666020899,0.94933275232481,0.404508015240247,0.714823039792575,-0.443748470108164,0.669178455837017,0.831645206723056,0.965358741764191,-0.210227826805499,0.213702669926064,-0.765179489549794,1,1
0.569736065509265,1.65223339793349,1.09690692471684,1.43124628164276,1.70505791380613,0.214888315945692,-0.0693494402720245,1.03250779627455,0.922726375288239,-1.01171190199773,-1.63550104789867,1.52228482476296,1.4135429357274,-0.077539140750754,-0.921152321939018,-0.933020728113882,1,1
-0.577535592902801,-0.407539479846668,-1.3278628828315,-0.914050444882741,-1.31658669579219,-0.709195661748458,-0.214875467785858,1.3010370716106,-0.301116691023388,0.816311296016665,0.0923526669483454,-1.58559345641662,0.926083328109789,0.51033404508149,-1.26312656894166,-0.853209680530178,1,1
0.291494101841223,-1.50728666266517,-0.327784089647737,-0.327726263251365,1.20144119952268,0.279584930694827,0.51275466978331,0.0340511652419486,-0.994161186624152,-1.29938083944642,0.529924521375313,0.831645206723056,1.13845444163225,-1.02848010358693,-0.678661678712429,0.796968160064874,1,1
-0.440320377943219,-0.541729695921466,-0.537721305340829,-0.914050444882741,6.39569000005915E-05,-0.219516665993323,-1.08803163286886,-0.0345677236714862,0.949467264274634,1.3319344156825,0.89936826893985,-0.204314220336806,0.341638599391532,-1.41186801568557,1.24518108979681,-0.616942705862096,0,0
-1.70574958257048,0.0385283091711544,0.270282937726423,0.258597918380011,-0.385562052021842,-0.693080110668883,-1.37908368789653,0.420243721521994,0.577085429302041,-0.3451653301597,-0.108102123158348,1.17696501574301,1.35486723729498,-0.646848744990193,1.00718490123392,-0.759112172529785,1,1
-0.284047494239249,-1.15944384412111,1.2831980595386,-0.914050444882741,0.38910505004796,-1.50274997737449,-0.0693494402720245,0.792999786580898,1.28364367897908,0.364880061586567,1.57737519081969,1.17696501574301,-0.0014572160527246,0.958716874772215,0.51354532686211,-1.63733118271599,1,1
-0.596593261647188,0.568445504954307,-1.43559583412753,0.258597918380011,-1.5246902723858,-0.863565367725775,0.367228642269476,-0.499159281646451,1.17408447369857,-1.1204126245715,-0.898960227857333,0.141005588683148,1.70371408829615,-0.832144889907312,-1.40855322788255,1.40749727253333,1,1
1.47688109774206,1.75122929682236,-1.45561377578715,0.258597918380011,0.0228700368904293,-1.05255213106764,0.51275466978331,0.0151277071118763,-1.02089297161094,-1.2616118606412,-1.51071918260963,-0.894953838376714,-1.36557043344688,-1.26714303879293,1.58648093643448,0.872847045043733,1,1
0.39440551306091,-0.15018997163879,1.24570123587149,-0.327726263251365,1.27477261372481,0.133282761078583,0.076176587241809,0.293840693542092,1.13291637668228,1.00739479649334,-0.591465740353869,0.486325397703102,1.08236389068446,-0.9637847911126,-0.663303429585228,-0.0893935623316944,1,1
-0.501304917925255,-0.488019792515513,-0.96839912388248,-0.914050444882741,-0.983653876788278,0.338720323442132,-0.796979577841192,1.69073922903488,-1.12399603226022,-0.274652331262005,0.558472906294609,-0.894953838376714,0.500383099096631,0.6170485338953,0.381437185550371,1.52674734843904,0,0
0.200017291868167,-0.327914803859598,0.61507795662713,-0.914050444882741,-0.252193823361481,0.362498884884438,0.367228642269476,0.302874569157106,1.24063268356573,1.66000076361248,0.821817554261903,0.486325397703102,0.289695992005622,0.393560354401727,1.06082340316468,-0.70557943269893,1,1
1.44257729400217,-1.32233898650778,0.177879041057396,0.844922100011387,1.51039680700274,-0.396817287052538,-1.37908368789653,-0.95634018442321,0.919926251510656,0.0538870929031257,0.826499571664195,0.831645206723056,0.793196075532818,0.649156958039807,-1.26121401014965,0.604721234303171,1,1
-0.261178291745986,1.35257999927202,1.18518249872831,0.844922100011387,-0.244725807591642,-0.282953886705185,-0.0693494402720245,0.303836360490053,0.231484166554804,1.16998252382408,-1.3676440800497,-0.204314220336806,1.19027117216924,-0.609998953339073,0.538019335179341,-0.665641406485949,1,1
0.661212875482321,-0.278738277851753,-1.27321782378004,-1.50037462651412,-0.485866610598318,1.13999249393215,-0.651453550327359,1.10576179377904,0.479993186997533,1.63645620609304,1.33881768338456,-0.204314220336806,1.26863293907278,1.37965347205729,-1.60959907008322,-0.633252645922987,0,0
-1.66001117758395,-0.374682445064012,-1.25691407678846,0.258597918380011,-0.203596332361669,-0.0934507742116971,-0.0693494402720245,1.23705761514572,-1.36815676042138,-0.790587578524662,-0.772961870508865,-0.54963402935676,-1.1159580547694,-0.163838791072881,-1.36884258934267,1.18911890932784,1,1
0.207640359365922,0.573975730806827,0.226297286276793,-0.327726263251365,0.0674994630795899,1.66896908921576,0.803806724810977,1.03908482970444,-1.5886194146179,1.01448802261434,-1.02082527297662,-0.894953838376714,-1.040848228309,0.0490560398742249,0.783811669704767,0.990816229327856,1,1
-0.83290835407758,-0.183990237262267,1.5793473159975,0.844922100011387,0.454096470596905,-0.219603110804907,-1.37908368789653,1.3437654549196,-0.59005294344896,-1.69061858053154,0.393001155359932,0.831645206723056,-1.66819025501376,1.54446231938648,-1.18421191481695,-0.703602089030765,1,1
-1.39320381516254,0.534078674738903,-0.266284665823205,-0.914050444882741,1.03362643925124,0.503788698360435,-0.0693494402720245,-0.5733033723325,1.09536775655869,0.593800718847173,-1.01405238154656,0.141005588683148,-1.26697050355937,1.64918422232763,-0.184977900924684,-1.43483055792849,1,1
-1.21787326271419,-1.50934292146159,-0.572126182393076,-1.50037462651412,-0.163865867759616,-1.56070780084123,1.53143686238014,0.0252725472949188,-0.125943774685083,0.821104091302115,0.0210834134146838,0.141005588683148,-0.80899223896601,0.55714158695021,-0.861150091651807,-0.485397728169185,1,1
1.1185969253476,1.11037890187573,0.399512855366293,-0.327726263251365,1.09129770692538,0.516739579915874,1.24038480735248,0.967522975851582,-0.958392423176288,-0.109119822814321,-0.331926566561656,-1.24027364739667,0.77663509366711,1.53073238686857,-0.262156314585844,0.898124694305264,1,1
1.48069263149094,1.5518783826846,1.52401786169886,1.43124628164276,0.116513104122063,1.19921050194441,1.53143686238014,-0.816871984783595,1.1405052482208,-1.20404167213745,-0.943508298845285,-0.54963402935676,-0.0740732278605632,0.144584275012151,-1.4539610376033,-1.36898481869675,1,1
-1.16070025648103,0.535931018217131,1.1991945165985,-0.914050444882741,-0.554183644655326,1.51284279395402,-1.52460971541036,-0.445779736655761,-0.940419873409926,0.374879317814989,-0.733728998515455,-0.204314220336806,0.904510031199076,-0.660437029688807,0.893832062598898,0.595769240635648,0,0
1.68270392018144,1.60084766225605,1.74990233717318,-0.914050444882741,0.543273524716635,1.70186250513236,0.221702614755643,1.14613720472838,1.0750637898914,1.35015178257448,-0.260710262437697,1.52228482476296,-0.0367234564674847,-0.633594637670054,-1.44765248246036,1.34399460744967,1,1
1.55311177271961,-1.19597652224831,-1.62929911199962,1.43124628164276,0.748602711897088,-0.762029132293653,0.221702614755643,0.934597105363254,-0.169923743770893,1.46750944440009,-0.544655446530242,-0.204314220336806,0.202815362462517,0.204501592838007,1.1814301907216,-1.0985087786563,1,1
-1.60664970509967,-0.060773650373186,-1.31569863460192,0.258597918380011,0.200086699035027,0.24810860290893,-1.23355766038269,1.63123464952059,-0.133810709180979,0.82423438688816,-0.420884017348826,-0.894953838376714,-1.33903120418579,0.362930338365473,0.574091665822813,1.24925938825401,1,1
-1.46181142264233,0.372402693895579,0.409163142163138,0.258597918380011,-1.52245937309465,-0.181357475667214,0.658280697297143,1.71705088956302,-0.788992898279198,-0.851147550831889,0.815797396525337,1.52228482476296,0.969213661517376,-0.205609219699357,-0.278245012764266,-1.53804517339974,1,1
-1.09209264900124,0.302510832362835,1.14240163018597,0.844922100011387,-1.13335696128629,0.208306274029861,0.367228642269476,-0.898985020111471,1.36588251413506,1.25567765422122,-1.16597031816777,-0.204314220336806,0.905283490574101,1.32093414331414,1.28041676646331,0.577823144300018,1,1
-0.840531421575335,-0.325276502787584,-0.716953962926488,0.844922100011387,-0.736879282892889,-1.19174881786913,0.51275466978331,1.38616551013486,-1.42068114082636,1.31991645624536,0.438997182306936,-0.204314220336806,-0.657492143765721,-0.25001808225714,-1.07664361662904,1.00462475396802,1,1
-0.718562341611261,-0.545981198984074,-0.876840114487657,-0.914050444882741,-0.746058638638803,1.2154833537354,-1.08803163286886,-1.4055071150983,-1.22966107882685,-0.491581970128434,0.615623758477107,-1.24027364739667,-0.584596875017981,-0.776810268195961,-0.804916173972212,-0.185705319370391,0,0
-0.0019939968223293,-1.28167218291873,1.02569736721525,-0.914050444882741,0.596416589589632,1.39953008448745,1.67696288989398,0.725774654469491,0.458230257196367,-1.13153557078277,1.04873721895018,-0.204314220336806,-0.962302684743331,-1.68912444949252,-1.24642831371045,-1.01428351252475,1,1
-0.0972823405442618,-0.359122991828017,-1.51185632413908,0.844922100011387,-1.65391333149046,-0.184996842532714,0.658280697297143,-0.970497689112545,1.19396503497551,1.27072485427168,1.20684441023261,-0.894953838376714,1.09852343418806,1.61925516250462,-0.399559435470639,1.46419280232475,1,1
0.0399328744153209,-1.15687450753209,-0.424718490070689,1.43124628164276,0.879002775959061,-0.76805424991307,1.53143686238014,-0.692652523475523,-1.39778809190062,1.30697657790256,-1.19992052261497,-0.894953838376714,0.866714924950662,1.11657836439526,1.69700587657785,-1.64596710330525,1,1
0.863224164172817,0.834024583079101,0.049128523217425,0.844922100011387,-0.805430339638427,-1.24900838560691,-0.796979577841192,1.5450585119648,0.794337909223366,-1.41659187855317,-1.27123205261677,-0.204314220336806,0.388553473692859,0.399099120391493,-1.16361495833378,0.193474017022484,1,1
-0.56610099165617,-0.996092158273915,0.238559037910405,-0.914050444882741,-0.651945982089517,0.621563043128822,1.53143686238014,-0.821370594111716,0.824420039164045,1.5913775999206,0.39409691548091,1.17696501574301,-0.895913707815149,1.13798712153441,1.15739376023042,-0.432922602311048,1,1
-0.558477924158415,-1.51937563326425,0.822994805913503,-0.327726263251365,0.0965514975831766,-0.658486315865921,0.367228642269476,0.598918705969427,0.271533953578539,0.0843899025286697,0.890873386020234,-1.24027364739667,-1.12819357118732,1.06837817948278,0.536922244109667,-0.129703924787415,1,1
-0.619462464140452,0.200231273781748,-0.475209225407953,-0.914050444882741,-0.975189154466901,1.39942543835187,0.658280697297143,-1.11588041988697,-0.054020741495302,1.68426858637511,-0.802693460917532,1.17696501574301,-1.54990695369789,1.48618102379317,-1.66669975793852,0.129858122176774,1,1
-0.207816819261703,0.349499012915638,0.420335213628527,-0.327726263251365,1.32142572528147,0.577627139697721,-0.0693494402720245,-1.4094058115602,-0.622881489771737,-0.221493326678149,0.0833220851908049,-0.894953838376714,-1.56606094784567,-0.389656609850322,1.55204270310529,0.123614039435603,1,1
-1.67525731257946,1.31301817188069,0.325483817778693,-0.327726263251365,-1.42368315196064,0.490367049756187,-0.214875467785858,-0.557540281543069,-0.51856752527414,0.0850941979811465,0.944424460478805,0.486325397703102,-1.07518545501987,0.190450082815134,1.64281514609003,-1.01464456203513,0,0
0.981381710388014,0.285951947694022,0.194335307913795,-0.914050444882741,-0.190385381731377,0.193093937709188,0.94933275232481,0.429250991692159,0.590618608179421,-0.842917803403585,0.927871752927136,-1.58559345641662,-1.37556836423551,-1.37757678189543,1.48279000538707,0.621899633199181,1,1
0.687893611724462,-0.520223897727695,0.516888606565232,-1.50037462651412,1.2010238518913,-1.57651030255774,-0.214875467785858,-0.87404290719517,-1.50138059580941,1.35507935745947,0.530567611208871,-1.58559345641662,0.204585050540621,1.60119785332327,0.01676749559383,-1.64878787918537,1,1
-0.684258537871366,1.07307741681713,-0.806547686494172,0.844922100011387,0.398626107727837,1.47654497868397,-1.52460971541036,-0.693145637543063,0.283252716565859,-0.225994916607292,-1.47908113425121,0.831645206723056,-0.482234910065626,1.66928978726962,-0.958007143619945,-1.64178970450941,1,1
0.543055329267124,0.158138778218357,-1.41367760777329,0.258597918380011,-0.712723380590644,0.429220121428261,0.367228642269476,0.72206693440552,-0.768343802232959,1.06218171084011,-1.57743944783317,1.17696501574301,-0.180977781174332,0.995497388405584,-0.365968131971672,-0.0697869270838992,1,1
0.592605268002529,-1.44723800364316,-1.29342269042965,-0.914050444882741,-0.271533148514549,1.69063549386343,-1.08803163286886,-1.37682425564005,-0.123126473856174,-1.49012352509966,-0.396876097142136,-0.894953838376714,0.336246866681941,-0.155759771401049,0.406352034137159,0.148207159043895,0,0
1.2520006065583,0.247189287081845,-0.927649631271613,-0.327726263251365,0.710719318192569,0.117139447739308,0.803806724810977,-0.184866490319344,0.194113831417351,0.97060521194866,-1.66116344538367,0.141005588683148,0.561817965048632,-0.0098751351386294,-0.409025409471151,-0.769664749488194,1,1
1.5035618339842,1.43875153606505,0.0296389800810074,-0.914050444882741,1.62643871356639,0.712333627941082,1.24038480735248,1.52917084454691,1.31603455608879,-0.0643883754191039,1.40541150564487,-0.894953838376714,0.524011441087752,-0.22021679338709,0.731941902355685,0.181801143599894,1,1
1.57216944146399,-0.343207861944685,1.21140279240284,0.844922100011387,1.3512003397397,-1.54056454509687,1.24038480735248,-0.357830658666829,0.26312729632078,-1.74826595001409,-1.68402937656727,0.141005588683148,-0.819487534513464,-0.708459372786599,1.03474879367785,0.0595402067935938,1,1
-0.337408966723532,-0.691400941311452,0.728098629751618,1.43124628164276,-0.540606552980813,0.442307794943444,0.51275466978331,-0.228872036527249,-0.94546037132534,-0.981215963588545,-1.65093950427692,0.486325397703102,1.08391192060951,0.0974429232569842,-0.996054774712011,-0.514147969170904,1,1
-0.733808476606771,-1.22370629425374,1.03286900219408,-0.327726263251365,1.71210375686673,0.900236871962791,-1.23355766038269,0.824163462683104,-1.4527089428452,-1.09420512631335,-1.17663844925,-0.204314220336806,1.45879446502446,-1.5328690333617,-0.318583977594795,0.525896814940755,1,1
-1.20643866146756,-1.19593052835931,-0.488651145292225,0.258597918380011,-1.70490602557977,0.948005117667655,1.53143686238014,0.965515392319759,0.427677334565491,0.843899697973306,0.436888198645117,-0.894953838376714,-0.628437531922907,1.69252364829904,1.59657544545682,1.57834599214389,1,1
-0.661389335378102,-0.216243909354923,-0.302212280577651,0.258597918380011,-1.62203054698164,0.919055340037671,-0.360401495299692,0.932936999485195,0.146269641564045,-0.109680805845379,0.138215371885524,0.831645206723056,-1.66507241358225,-0.259112236232392,-0.856042616787725,-0.0274522848612191,0,0
1.24437753906055,0.351066406694048,-0.340320552616075,0.258597918380011,1.11314438990761,-0.95460870214302,1.38591083486631,1.72360792686056,0.581567213410403,-1.21233129527527,0.550372788532091,-0.204314220336806,1.39443513625492,1.47076899653225,-0.521235278193095,0.987477700770463,1,1
0.889904900414959,-1.44258859370229,-1.04125767205413,1.43124628164276,-1.03174321320214,1.62633377756366,-1.52460971541036,-1.48539982847749,-0.147885585803588,-0.875147595280124,1.36840393650191,-1.58559345641662,1.47904714031425,0.772738079436703,-1.59794288556172,-0.863485520224982,0,0
0.241944163105818,1.54862108128214,-1.49506371923313,-1.50037462651412,-1.50818837242539,1.69449472309925,0.367228642269476,1.66952356623376,1.10814352765422,-0.0163427879945713,-0.164467784019103,1.17696501574301,-1.54755674875146,-0.720034108814289,-0.570019823172352,0.90463217591133,1,1
-0.520362586669642,0.90634664564974,0.344728088538362,-0.327726263251365,-0.902284871719545,-1.47377251311422,-1.23355766038269,1.55845838055372,1.43458823517314,-1.69884274482286,-1.60109214761901,-0.894953838376714,-1.70707163391788,-0.953370718123282,-0.436411868843967,0.516035576980436,1,1
0.482070789285088,0.319530213817931,1.72813557516678,1.43124628164276,-0.253189152467196,1.49213155390691,0.51275466978331,1.21882096962765,-1.58820990449504,-0.294020737853912,0.913869719980365,-1.24027364739667,1.10742045721567,1.70554415128042,-1.37561127533246,0.484382016465069,1,1
1.66364625143705,1.1616234050322,-1.12824056333382,-0.327726263251365,0.792724986547307,-0.736979778622908,-0.796979577841192,-0.159855489997603,0.829829093958124,0.587921765621245,1.08325724851716,-0.894953838376714,-0.678643759543286,0.937213696900706,-1.71649049552684,1.35524254787321,1,1
-0.630897065387084,-1.44408131430475,-1.54553678981454,1.43124628164276,0.427796900890398,0.640578639678437,-0.0693494402720245,1.28381566879557,-1.60484530029719,0.0311614031381505,-1.58007980379218,0.486325397703102,1.44794678368843,-0.858480034705828,0.271979457045348,-0.912457918439017,1,1
-1.25217706645408,-0.0627840748250085,0.99984189975354,1.43124628164276,-0.900659507478866,-0.569324646467625,-1.37908368789653,-0.967958568584454,-0.196995904735675,0.310206843404246,-0.905711453229866,1.52228482476296,-0.972492654387753,-1.48475159069486,-0.676861682847135,-0.44804538720364,1,1
-1.30553853893837,0.470906935746814,-0.830385343816613,-1.50037462651412,0.0119093178392944,1.59999723379561,0.658280697297143,1.00931396915532,-0.140307299480462,-0.63267317634866,0.938683720499126,0.831645206723056,1.26263437328691,0.678720181136912,-1.6597372191484,-1.42906255065833,1,1
0.905151035410468,1.16236945540267,1.17389508596043,-0.327726263251365,1.4648222275864,-1.38451126703762,-0.505927522813525,-1.09125283394051,0.665434879535269,-1.13120914361154,-0.439827979094257,-1.24027364739667,-1.48617217586914,-0.675100804029593,1.25775147033361,0.781462639305424,1,1
-0.935819765297267,1.00502343882099,0.737279624222709,1.43124628164276,1.08280181562022,-0.0193281864147251,-0.651453550327359,1.09142965192319,-0.515334098916761,1.0452581546661,-0.102588959078037,0.486325397703102,-0.820249696671099,-0.955851538831721,0.30317407989646,1.18622489986657,1,1
-1.08446958150348,-0.758459759288298,1.57689825314932,-1.50037462651412,-0.606710954493358,-0.259463506443974,1.53143686238014,0.395765628901594,1.09363523757712,1.37830540434729,1.12243892148595,-0.204314220336806,1.65101490222418,0.809396596244436,-1.12848201204357,-0.319538126761219,1,1
-0.55085485666066,1.55318851575549,-0.287369260298842,-0.914050444882741,1.65736898801682,-0.610969821646833,-0.942505605355026,-1.39332882785518,-0.548094844426043,0.0068010825724925,-1.4237513154676,1.17696501574301,-0.922362426992775,0.61803979132297,1.27612111724953,-0.488001057396132,1,1
0.180959623123781,-1.29030217519361,0.591517290847565,0.844922100011387,0.717335659184351,0.489845654957108,0.367228642269476,1.3683942352538,-0.549283699513945,-0.707611755095117,0.612571182902299,0.486325397703102,-1.26291055616986,-0.0619591709329671,-0.842949854097933,0.549537600191849,1,1
0.695516679222216,1.32423340742234,-0.09311751584427,1.43124628164276,-1.50241686966668,-1.28269561913072,-0.360401495299692,0.269084267630724,-0.960567588458688,0.0084134973869445,-1.00309495428538,-1.58559345641662,1.24841372999377,1.52331795950395,-0.93351154266069,-1.45476509902784,1,1
0.405840114307542,1.65786942730302,0.482521954150615,0.258597918380011,-1.59615990166762,0.734905720549179,1.53143686238014,0.54027637621841,0.623023164396762,1.28574975161939,-1.53547486174942,-1.58559345641662,-1.31567374601137,0.619335676463415,1.3779325680594,-0.704514877223825,1,1
1.42733115900666,-1.10640525082344,-0.146105364518057,-1.50037462651412,-1.13842368638888,1.64422754138596,-0.942505605355026,-0.750849847462233,-1.46257306771248,0.634269985736128,0.560894746769796,0.141005588683148,-1.38623887948255,1.35409425075526,-1.09976330971963,-0.455736281607314,1,1
-1.11877338524338,0.791192540579909,-1.05251434094117,-1.50037462651412,0.78341410424586,1.03773643081297,0.367228642269476,1.28635516224087,-0.478752516296222,1.21500482781495,-1.33011495925613,1.17696501574301,-0.602469758582588,-1.06163401484178,1.32371985796187,0.0680689438164706,1,1
-0.314539764230268,-1.58303297254969,0.0563813932020562,1.43124628164276,-1.08575810369371,1.22880702048723,0.221702614755643,0.155619320732771,-0.809011045999773,-0.626555997965624,0.856241957661543,-1.58559345641662,0.479360954000911,-0.696996152881549,1.06037797968308,-0.076380566711455,1,1
1.02712011537454,-0.311482597030148,0.128232288027801,-1.50037462651412,0.0401343516063615,-0.495161338442142,0.94933275232481,-0.274182362308521,-0.937987086305015,0.705721151085906,-1.0460081273204,-0.894953838376714,0.740946342978909,-1.35732580363447,-0.648276672006014,-0.997261700066871,1,1
0.649778274235689,0.0745767701273562,1.10776407885352,-0.914050444882741,-1.3965745033155,-0.614886617171223,0.076176587241809,0.117797083511866,-1.51616179372785,0.501051282332902,-1.58488989565767,-0.204314220336806,1.33229591393556,-0.669726967462029,-1.60231995698988,0.144374268768546,1,1
-0.756677679100035,0.29871007739015,0.846979676668435,-1.50037462651412,1.44651944973177,0.0471717530005151,0.221702614755643,0.703303924417875,-1.07176226547216,0.218228663017047,-1.40740269208183,-0.54963402935676,0.151877513680789,1.62341062915658,-1.43541628226917,1.468108831728,1,1
1.64840011644154,1.53597533775582,0.597844849387851,0.844922100011387,-0.535358175656585,-1.57668161985651,-1.37908368789653,0.674674117503844,-0.193054262550571,0.0675256508764759,1.18567639711785,-1.58559345641662,-0.359701619775611,1.59274573797178,-1.34203132151954,-1.62149511027377,1,1
-0.440320377943219,0.617715987752997,-1.31386144287001,0.844922100011387,1.40270605268226,1.52283523630975,-1.23355766038269,-0.494289292553183,0.0044086391753709,0.146548980187267,-0.457955812233432,1.52228482476296,-0.479655630023951,0.896863721078654,1.36464561355247,0.623976771084448,1,0
0.733632016710989,-0.0473254912733117,0.795212544102149,0.258597918380011,1.5289290816463,-1.2388386835589,0.221702614755643,-0.398404587880433,-0.800033997942342,1.18393802990976,-0.698057095404488,-0.54963402935676,1.21320198128648,0.0742669747129885,-0.321722532408135,0.432857429722488,1,1
0.234321095608063,1.09628111790064,0.0300113875160964,-0.914050444882741,-1.6958920118998,1.3769429084519,0.221702614755643,0.214635289298519,0.507542678480898,1.41428535312349,-0.0377686162701113,-0.54963402935676,0.786275689424273,0.966955283838769,-1.60878921700184,1.46315279153776,1,1
-0.596593261647188,1.58680280904327,1.39776756465119,0.844922100011387,-0.122529690311055,-1.44625700692751,-0.651453550327359,1.46915051442865,-0.572377917475608,-1.37507321504642,0.457568718427346,1.52228482476296,1.41619925055499,0.185757625291824,0.206650146702494,0.503794412974766,1,1
-1.63714197509069,-1.64647991835153,1.48727871730777,1.43124628164276,-1.63224592009971,1.09998028415228,-0.360401495299692,0.849193442761197,-0.464360157151669,0.208348121815618,-1.62476527886426,-0.54963402935676,1.61947454196488,-1.70449928013799,-1.00090725720033,0.433316979346287,0,1
-0.638520132884838,1.69819906068961,-1.51611200036747,-0.327726263251365,1.40463222513836,-1.2106651008422,-0.505927522813525,-0.380542301081868,0.962179989588074,1.42266912497935,1.38459684976904,-0.894953838376714,-0.683543051829408,0.0072420629197897,-0.906903448487193,0.931634360078563,1,1
1.32441974778697,-1.42337717670258,1.14262781339935,-0.327726263251365,0.063908875548988,-1.60284881396475,0.221702614755643,-0.565453199643882,0.170029341606323,-1.29908362183364,1.59531095618751,0.486325397703102,0.11290078762628,0.341921286957393,-1.16425810979693,-0.794014747949268,1,1
-1.70956111631936,1.11268924295464,-1.57675260399386,-0.327726263251365,-1.45949472580427,0.744645745809238,-0.651453550327359,0.0809236724368726,1.54790400291545,-0.333149340748644,-0.296009637342533,-1.58559345641662,0.467194568204789,-0.803189972818342,0.918502165735843,0.333248351750734,0,1
-1.25980013395184,-0.747088006011934,-0.432404923682966,1.43124628164276,-1.3381183729166,-0.76862121629805,-0.214875467785858,1.28066005081302,-0.491644534466048,-1.45766436559479,-0.312358215491287,-1.24027364739667,-1.15595662603122,-1.01784493790227,-1.71936376291487,0.0709249474342371,1,1
-1.57996896885753,-1.26302177433144,0.175870943703112,-1.50037462651412,-0.399499898133264,0.72744224709561,-0.360401495299692,-1.70283492662709,1.1174664833157,-1.37293400687939,1.31599798325723,-1.58559345641662,-1.53923033737087,-0.775485497406661,-0.200646105704815,-0.207339921884971,0,0
-0.958688967790531,-0.191574120027464,-1.19329120557663,1.43124628164276,1.51298459090769,0.178220962653311,0.803806724810977,0.728150399322005,0.810085222062855,1.3730122073308,-0.254054098774437,-0.54963402935676,1.2855585933671,0.426829123966599,-1.42052583577048,-1.44136997531928,1,1
0.135221218137253,0.519184879508129,0.884467104680921,-1.50037462651412,0.663363750838403,-1.35934827550135,-1.23355766038269,-0.712739310722344,1.33159056877056,-0.217425173552694,1.23781837159609,-0.204314220336806,0.133189288919785,-1.21454057647672,0.19218999178458,-0.70868475642643,1,1
1.17195839783188,-0.396700084844574,-1.67866782278955,-0.327726263251365,1.26353352629461,1.47726035634178,-1.23355766038269,-1.01103187065277,1.56032427379932,0.62500831375787,-1.65539863735691,1.52228482476296,0.255455667987827,0.759185577151284,-0.522812098794339,-0.75215994637472,1,1
-1.48849215888448,-1.53330483317376,-1.12209514683263,0.258597918380011,-0.458078907257823,-0.175858095843551,-0.0693494402720245,-1.69085416088329,-1.69923407542285,-1.28458541343104,-0.0431793719122593,-0.204314220336806,0.200446017596722,-0.263839143595425,-1.62326432263423,0.775037790959586,1,1
1.47688109774206,0.364234420634673,0.309581105361174,0.258597918380011,-1.56849596227698,0.796180221396953,0.803806724810977,1.37279707218544,-1.42235546442336,-1.69082238481911,1.5741590421263,-1.24027364739667,0.8943028806186,-0.502113514193348,-0.124462501288205,1.45019041095739,1,1
-1.09971571649899,1.4191969803496,0.773578456637871,-1.50037462651412,1.63006939741427,-0.008049058497386,-0.651453550327359,1.4270342221151,0.590293546287901,1.32568488261785,-0.870919005833168,-0.894953838376714,-1.2195928419412,1.05786815034295,0.255280829396986,-0.921268469352485,1,1
0.920397170405977,-0.38881762301314,1.47606757105175,-0.327726263251365,-1.65795204340966,0.347993236152452,-1.37908368789653,-1.52015532654751,-0.385528841980791,0.228401971438794,-0.824262274001301,-0.54963402935676,0.405551464228311,0.0227640019435433,-0.863500790774862,-1.45808756637935,0,0
-0.928196697799513,-0.969967820882913,0.742697880787737,1.43124628164276,1.53846534586895,-0.691072987389672,0.803806724810977,0.0746147030809959,1.08753508359659,-1.69762869678234,0.44774967430148,1.52228482476296,-0.095883023254488,-0.416008243658314,0.930594620533613,1.72279094193761,1,1
-1.66763424508171,-0.182096078467461,0.625588141693961,0.258597918380011,-0.450450003839918,-1.04391935459362,-0.796979577841192,-1.20439696922188,-1.68445515256813,1.67943850835999,1.48246076250145,0.141005588683148,1.38681825930926,1.30162950606376,-0.436005253731106,0.661441795728423,1,1
0.15427888688164,-1.55490504180656,-0.338030760084324,-1.50037462651412,-1.68228242390808,0.135102643115001,-1.67013574292419,0.89511529845101,1.04581607280437,-0.0576184825073431,-1.05985871797294,0.141005588683148,0.0780315277348807,-0.450889761705831,0.874590374448472,1.33267677340057,0,0
-0.661389335378102,1.13393462386348,-1.70322484490177,1.43124628164276,0.650475006243228,-0.217529914820337,1.38591083486631,0.57194744110275,-1.26113417210477,-0.114285020383634,1.4665946691195,-1.24027364739667,1.5462879363468,1.23579638341696,0.284486988117259,-1.2200184014406,1,1
0.928020237903731,1.15431783912567,-1.2903398577422,-0.327726263251365,1.65144575052872,-0.390160200527687,0.076176587241809,-0.703668901803857,-0.728791318880943,0.389444203196655,0.562662783161555,-1.24027364739667,-0.499012412869529,0.0163556047122924,1.29000126690576,1.03806909298307,1,1
-0.79098148283993,0.3243238803833,0.148968932260201,-0.914050444882741,1.60021058672859,0.58298364568405,-1.37908368789653,-1.32776074958014,1.60252109584827,-1.73959483884359,1.71611355522554,1.17696501574301,1.62939179663684,-1.00164468721696,0.17330936872835,1.08122995627452,1,1
-0.89008136031074,-0.493681001203726,0.637225751079622,-0.327726263251365,-1.16408814973122,0.644790714351186,-1.37908368789653,1.14636238650085,-1.54839352909827,0.209622038550038,0.819376902651874,-1.24027364739667,1.31120465478629,0.389677035148757,-1.07838999779623,-1.19386032989626,0,0
-0.756677679100035,1.06183446235969,-0.257773316760457,-0.327726263251365,-1.09431569764322,-1.57601515292337,0.367228642269476,0.602641042862905,-0.526882617360685,0.41920762983549,0.579426838713527,-1.24027364739667,0.302242253682857,-0.735910794571762,1.12834329259476,-1.15977614814251,1,1
1.37778122027125,0.208313506542603,0.830163140985035,1.43124628164276,0.225816435997066,-0.567141784125375,1.24038480735248,-1.7092753352453,-1.43529929816279,-0.735700890150183,1.09352757851689,-0.894953838376714,-0.497427528452718,-1.21079078794222,0.991303493554887,-0.69898275930604,1,1
-1.2331193977097,1.15289527459642,0.104885259552191,1.43124628164276,0.472349556774232,-0.315564455628131,0.94933275232481,0.441983162653536,1.20594783789794,0.757377428997458,-1.14234375211643,1.17696501574301,-0.420380703746022,-1.41915943162056,1.64719612130278,-0.969393396747121,1,1
-0.886269826561863,0.475662715916557,-1.45005168170166,0.844922100011387,0.823132504198901,-1.40040003116614,-1.23355766038269,1.07388164255393,0.688780401109105,-0.45619251334719,1.55164025374084,0.141005588683148,0.956011937860622,-0.885852502863665,-1.39727673319082,1.63840924286166,1,1
-0.547043322911783,1.00828265313245,-1.04076076253496,0.844922100011387,-1.09499397061777,-0.921470806784046,0.076176587241809,0.313459758872634,1.02301217629943,0.72584426862266,-1.17570137532953,0.141005588683148,0.289644946199697,0.814954949022576,0.326806810387715,-0.466973511898409,1,1
1.32441974778697,0.361106724766916,1.20985882683455,1.43124628164276,1.57747398427652,-1.55630193401602,0.076176587241809,-0.261735227532144,0.0852457140348905,-1.26752990775727,-1.66471789942168,1.52228482476296,-0.331364833641833,1.16361646435124,-0.0181219032062161,0.90241776896938,1,1
-1.00823890652594,-0.281122277597754,0.810135317209722,1.43124628164276,0.477277167407673,1.69814668457647,0.367228642269476,0.289733181347104,-0.497074808409141,1.4063087544635,0.684468918397708,-0.204314220336806,0.481880648239311,1.24514686451782,0.60271933037929,1.05279130275638,1,1
-1.56472283386202,1.61261789921353,1.4000684388276,-0.914050444882741,1.19286395288441,0.803449585008704,0.94933275232481,0.413718732881438,-1.71778932480441,1.28738854066465,-1.10929962925098,0.486325397703102,0.818942143865208,-0.788067612940843,1.67430213501542,-0.387919990552863,1,1
-0.863400624068599,0.161046335696784,-1.29937735270517,-0.914050444882741,0.138309886298375,-1.43293074175529,0.51275466978331,0.484113976639441,-0.771108014221557,-1.24390837390541,0.897292117927464,-0.54963402935676,-1.64483349789908,0.55518322820858,0.122545696942844,0.631810885240379,1,1
-1.01205044027481,0.38383462898388,1.73162917298148,-0.327726263251365,-0.293805045849051,-1.66445880142038,-0.796979577841192,1.61684384821343,0.0415407554175506,1.49228904567472,1.02410532051098,1.52228482476296,-1.41257611706696,-0.924838949881578,0.654223722101758,-1.34404271314461,1,1
0.173336555626026,-0.955498973220569,-0.980358902097412,0.258597918380011,1.63991228503215,0.743950997023306,-1.37908368789653,-1.1140816894232,0.556030135628116,0.170174306629501,-0.927204928643653,1.52228482476296,-1.39654258361059,0.423853964511619,-0.518581660914082,-0.350034187108222,1,1
-0.0858477392976299,0.455436985855438,-1.66677125808917,-0.914050444882741,0.282781150499398,-0.221067592667942,1.09485877983864,0.42543040712095,-0.939354676957583,0.669846018826977,-1.45135781412082,-0.894953838376714,-0.919805633483463,1.33275561864826,-0.685717224278866,1.61056767302251,1,1
-1.03491964276808,0.267237714805051,1.75663815775879,-0.327726263251365,1.26097329908704,0.976540670166556,-1.52460971541036,-1.08170974537185,-1.24856853957309,1.15136981150864,-0.0041407156239484,0.486325397703102,-0.24325553501339,-1.57600771617144,-0.559867151844908,-1.13527853805684,1,1
-0.0820362055487526,-1.0796435226423,-0.731439106512336,-1.50037462651412,1.55784265203781,1.44744445031189,0.803806724810977,-1.00563082652595,-1.03318892289083,-1.47680188259915,1.35674293347005,1.52228482476296,1.06318039396856,1.66962866670887,-1.58773178562483,-0.388709191717998,1,1
-0.592781727898311,-1.51581735514282,0.612529260698291,0.844922100011387,0.603059748362521,0.330556184589558,-0.214875467785858,0.585340287019426,-0.509589338335633,-1.17910783138846,1.20671833625267,-1.58559345641662,-0.506483377921837,1.12611454912689,-0.735015876295172,1.00284612955876,1,1
1.53405410397522,0.381291792152549,-1.09401974195411,0.258597918380011,0.168790643270783,-1.08957630180301,-1.67013574292419,1.43987008415322,-1.2160200186656,-0.75849356700942,-1.34524692223387,0.141005588683148,-1.66364211005418,0.901248470079269,-1.12232206050799,0.572814623016738,1,1
-1.13783105398776,0.936151206439095,0.307607251321771,-0.327726263251365,-1.70488477044677,0.960682997007279,0.51275466978331,-1.18198629989454,-1.1870376951401,-0.109672846928816,1.61733511217716,-1.24027364739667,-0.0477323952405942,0.659632472639299,-0.136748330363374,0.456265681906094,1,1
-0.249743690499354,0.0993646694090031,1.43227611603074,1.43124628164276,-1.57946832041714,1.55885124477478,0.658280697297143,1.60098087017434,-1.57534057627572,-0.565168804076664,-0.831970589400552,-1.24027364739667,1.73252320593817,0.930846834825433,-0.12498032391214,1.2185040926572,1,1
0.71838588171548,-0.933612203371855,-0.595608761403319,-1.50037462651412,-1.02697328228658,0.264857060390404,0.51275466978331,-0.626626630594943,1.2166656047113,-0.0101969025255428,-0.533364197399958,0.831645206723056,-0.513691016517197,1.70183196149391,0.929617416031748,-1.61459954747647,1,1
1.38540428776901,0.597766385263071,0.620290375434107,0.844922100011387,-1.07796180617521,0.615473865256039,-0.360401495299692,-0.377428058039683,-0.970877548548675,-1.12134103516369,-1.23352449696087,-0.894953838376714,1.60982891680054,0.930562969659821,0.018679840899634,0.936304987053278,1,1
-0.539420255414028,-1.44436349304309,-1.05504516926112,-1.50037462651412,-0.841787817681728,-0.571516646454986,0.658280697297143,-1.20056463584665,1.09707333178545,0.602136216121104,-0.434069430381339,1.17696501574301,-1.37274988123437,-0.508118148972446,-0.117161656639512,1.31919536308146,1,1
-0.432697310445464,-0.184685726642886,0.462400234949822,-0.327726263251365,-0.669421763564144,-0.419740044691903,-1.37908368789653,0.40029284502576,-0.220305626069699,-1.57347563319775,0.467034634197456,-0.54963402935676,-1.12387071642665,0.39347029298454,-0.919028109675951,-1.65901051245897,0,0
1.13003152659423,-1.15441613791718,-0.539101409878557,-0.914050444882741,-0.480034050065716,0.796894160423558,0.803806724810977,0.333039201724524,0.446392336728478,-0.511700549780605,0.0142327059061757,0.141005588683148,0.787339682750573,-0.558565131856789,1.23189175825789,0.206852005567471,1,1
1.68651545393031,-1.08096455631483,-0.974101642131974,0.844922100011387,-0.27229755021302,1.46224230076585,0.94933275232481,-0.200922852617117,-1.46561274893539,-1.14524904715645,1.13768952082661,-1.58559345641662,0.0141820459602043,1.61752349936994,-1.40621853874735,-0.516320739894463,1,1
-0.284047494239249,-1.01885649181637,-0.619918618595483,-1.50037462651412,-1.3773157988372,0.432840785403388,0.221702614755643,-0.083768211342019,0.278600976959722,0.768077547173008,0.486814419716409,1.52228482476296,0.92954645137622,1.37719125027867,1.68163332721089,-1.54011173785805,1,1
-1.68288038007722,-0.376658194086288,-1.08652179448802,-0.914050444882741,-1.57142198827771,0.98705302309014,1.24038480735248,0.425024260114712,-0.729662400972146,1.30196151463315,-0.833385036404097,1.52228482476296,1.27097165970726,0.234333207106321,-0.072146577443359,-0.278581039596247,1,1
-0.413639641701078,-1.54519789956843,1.42491666788833,0.258597918380011,0.598215448909457,-1.14288710753341,-1.52460971541036,0.288271959385657,-1.3986167816613,-1.49341624536474,0.193727092245263,-0.894953838376714,-0.853380521090803,0.968652992505441,-1.0771434650503,0.499274724862451,1,1
-1.22168479646306,-0.338051085618617,-0.328146722582045,-0.327726263251365,0.128928622604013,-1.00395784510896,-0.0693494402720245,-0.436489764306049,1.3935578478518,0.959460848721259,-1.53009386866265,-0.54963402935676,0.644116072281907,1.41000468145883,-0.493933405710517,1.44454422263317,1,1
1.24437753906055,0.0586418702059787,-0.855763528251665,-0.327726263251365,-0.191203518734312,0.0988044360193551,-0.214875467785858,1.32958070003566,0.347450534723005,1.34387810788216,0.275340537221572,-0.204314220336806,0.38318946348203,-0.879312205605025,-1.66823779559124,0.418493486907161,1,1
0.836543427930676,-0.0403038315069263,-0.150242260785944,0.844922100011387,0.462507988737133,-1.12593898492723,0.658280697297143,0.579807197310752,-0.895497781581755,1.61564035952203,-0.392617561679351,-1.58559345641662,1.26395382852266,0.275101217468683,-1.14457673223489,1.23048609330107,1,1
-0.371712770463427,-0.390319457679543,-0.594375750935972,-1.50037462651412,1.1263319048323,0.453535719706987,-0.942505605355026,-1.02139289956916,-0.284394647256957,0.245213861182183,-1.41054446220446,-0.54963402935676,-0.232456555444469,-0.0609155553111513,-0.559717301581905,-1.29670295469724,1,1
-0.348843567970164,1.19891261444391,0.877886781105054,0.258597918380011,-0.247717656540311,-0.729386327986987,0.94933275232481,-0.624788454004376,-0.499890552902446,-0.629985805275227,-0.679893302357496,-0.204314220336806,-1.54435190657747,0.935374919672642,0.199259828562561,-0.990934047954725,1,1
0.257190298101327,-1.21723867691551,1.66562783838513,1.43124628164276,0.485453755422667,0.992857385755453,0.076176587241809,0.996228295429671,0.680412844040577,-0.648804012673389,1.38424205024291,-0.54963402935676,0.267289813881224,-0.413664370225727,-1.27290651139913,1.62081914879718,1,1
0.173336555626026,0.0377102591449367,-0.186274655897887,0.844922100011387,1.55880392651256,1.04997293371616,-0.796979577841192,-1.37083394056251,0.360518558246934,-0.450849983835483,0.293679334796971,1.52228482476296,1.6015871150543,0.720180619535342,0.62035749819992,1.33587315612121,1,0
-1.38558074766479,-1.50727045796471,1.28291978043526,1.43124628164276,1.16736614951205,-0.136328991925609,1.38591083486631,0.86582613853963,-1.65765944580183,0.360802386237167,1.40233785011791,1.52228482476296,-1.67351551695046,-0.331484575817293,1.20347102961655,-0.90600667499419,1,1
-1.04635424401471,-1.47553104660689,0.257712062863326,0.844922100011387,-0.253530421144122,-1.11127418506089,-0.214875467785858,-0.489906286699833,-1.04619766585413,-0.0644339775100557,-0.318736010515921,0.486325397703102,-0.890933367918655,-1.33479741998446,0.261357874071067,0.420017680426322,1,1
1.34347741653136,0.275101647782726,-1.16156330218307,-1.50037462651412,0.497811593725724,0.494121192190105,-0.796979577841192,0.178101077951452,-0.0835561018940288,0.503086705025581,1.66670095319641,0.831645206723056,-0.627988562321929,-1.3483852326411,-0.692885322358975,-0.468042848135902,1,1
-0.977746636534918,0.247773856938493,0.691036701436202,0.258597918380011,-1.10866429656331,1.68624283332133,0.076176587241809,-0.761074983827885,-0.195659594711982,-1.6305073070027,-0.496221427673424,0.831645206723056,0.932033644600806,-1.30736541823484,-1.30092882423195,-0.103780283424632,1,1
-0.527985654167397,1.33433196904387,0.0756131986770116,-1.50037462651412,0.208582766084375,0.410799399089011,0.076176587241809,1.68408331271204,0.0488260863274378,-1.39931162692581,0.890482189134638,-0.894953838376714,-0.602983828023099,-1.60478820017416,-1.66766657525293,1.24470059471479,1,1
-1.25980013395184,0.21941066654783,0.552049368697227,-0.327726263251365,1.65415267524752,-1.61096916499428,1.24038480735248,1.40483696531841,0.729287140380011,1.62456371565053,-0.687095719684442,-0.204314220336806,-0.895005798172467,0.115252474006007,0.813809343607326,0.814437796135204,1,1
-0.882458292812985,1.61904346696223,1.3824430462505,1.43124628164276,0.0635913579363103,-1.67464110871571,-1.67013574292419,1.48315405992244,0.616635342789268,1.69001762107111,-1.38401140990023,1.52228482476296,0.52524724184625,0.592748397760818,0.455851554013868,-0.89495285930392,1,1
-0.0858477392976299,-1.55374841013344,-0.177935621451936,-0.914050444882741,1.46971467486645,-0.630475427932785,0.94933275232481,-1.09285587319607,-0.445239326338929,0.826166908195479,1.15697096513948,0.831645206723056,-1.56330764324608,-1.28099675390897,-0.0714245496833545,-0.628369093339902,1,1
-0.135397678033035,-1.3820218992413,1.42235170771271,-0.327726263251365,-0.317652230476695,-1.05968684353386,0.94933275232481,1.18262740616331,1.28829314470508,-0.876557069401878,0.910671594084996,0.486325397703102,-1.13255162187848,0.386376902570844,-1.36812807760779,-0.718716896140712,1,1
-1.27885780269622,-1.5698683459462,0.899593917940179,-0.327726263251365,1.71432617806856,1.06699577046459,1.53143686238014,0.121660559143059,-1.50946744609073,1.54413466227923,1.11353857215117,1.17696501574301,-0.309018652418099,0.337854092904426,-1.00425762568295,0.968956246904377,1,1
-1.16070025648103,-1.07811666059066,-0.0106267305755605,1.43124628164276,0.272814366827879,1.1763999893489,0.367228642269476,0.71905120370716,0.281792815710053,-1.02483850609509,-0.707046217346777,1.52228482476296,-0.49087199996703,-1.21100072046893,1.1026408779801,-0.0299076350041723,1,1
0.33723250682775,0.161590584664014,0.38747035953889,0.844922100011387,-1.57174125162705,-0.843200396354024,0.221702614755643,-0.979487608944318,1.53592045005056,0.773280414896187,0.704755734009971,0.486325397703102,-0.520125659620606,-0.32773996435328,-0.059063158533107,1.55355125500772,1,1
0.756501219204253,0.524811035116812,-0.57685319761492,-0.327726263251365,0.298698079738015,-0.612274478649997,-1.37908368789653,0.733341315447032,0.160120372002838,-1.36674527023843,-0.985835803780108,-1.24027364739667,-1.34774254738169,0.878817436509203,1.61420426926175,1.09279191934035,1,1
-0.558477924158415,-1.56457756396725,1.70861791026933,0.258597918380011,-0.773722316987407,-0.920278378648631,1.24038480735248,1.43402704572315,-0.162619748335808,0.486657145599176,-1.71489978217994,-0.54963402935676,-0.472696964944867,-1.65896800890045,1.74287167045398,-0.98861967158901,1,1
1.12240845909647,1.5709163873782,0.610208107611836,-0.327726263251365,-1.60536425329744,1.39544257283751,1.09485877983864,-0.806371411207886,-1.26568261044286,0.870817628427231,1.27381121307087,0.831645206723056,1.04355875919064,-1.21150309310749,1.05252691816797,0.987106569395675,1,1
1.64458858269266,1.20942514289324,-1.55539383106516,0.258597918380011,1.1028826054108,-0.0024374530305803,-1.23355766038269,-0.924564831427571,1.05684603226317,1.21856147671475,0.0752080412938046,1.17696501574301,-0.288853000974814,1.70606980270547,-0.827021537927452,0.0250619729487805,1,1
0.527809194271615,-0.690402608951365,-0.573238305970567,-1.50037462651412,-0.769747946114906,0.526376547224197,-0.796979577841192,-1.37121785289312,-0.441868657480376,0.783264920335642,1.68328307237854,0.486325397703102,0.308859750243914,0.804610560023368,-0.920799657216987,-0.842469843076471,0,1
1.48831569898869,-1.45452578991654,0.457256436368992,0.844922100011387,1.01938995721624,-0.302756359524414,-1.67013574292419,-0.808708537825441,0.682700933796501,1.44030178103594,-0.408792169982062,-0.204314220336806,-1.1568915114069,-0.121358166873641,-0.842782347855898,-0.465640054691294,1,1
-0.398393506705568,-1.13170986108858,-1.51202504213335,0.258597918380011,-0.726848856341632,0.439820332668335,1.53143686238014,0.123029354727603,-1.04715964876813,0.0421664953207183,1.58968999656385,-1.58559345641662,-1.4824709822076,0.448047788780121,1.69718566130536,1.62712104602935,1,1
1.38921582151788,-1.28125293383436,-1.6247296432085,-0.327726263251365,-1.04938774891399,-0.404829802883042,1.67696288989398,1.15154308739278,-1.5818262680501,0.585724004120563,0.395097315698749,1.17696501574301,1.32784674889922,1.19187432872835,-0.559715019352545,-0.0509694301344006,1,1
1.33966588278248,-1.29400068936662,-0.144628064233125,0.844922100011387,1.62875691902447,-0.563924051628449,0.94933275232481,-0.767164007714611,-0.676526526640208,-0.483566492354426,0.0356449567325577,0.141005588683148,-0.574904143099865,1.17841384873705,0.725966038428516,0.759070001484778,1,1
-1.70956111631936,0.0825110100234735,-0.552161521742227,0.844922100011387,-0.474606940636202,0.451761391001864,-1.37908368789653,0.418680181992707,-0.759134109067429,-1.73096449958243,-0.696159528603368,-1.24027364739667,-0.509125672937629,-0.600570282160575,1.60098685340072,-0.0746065307098246,0,0
-1.15307718898327,-0.8671862575216,-0.185354407046124,0.258597918380011,0.348926146491241,0.302172581802473,1.09485877983864,-0.0716469705557564,1.27419056594013,0.861016395881369,1.12978018645974,1.52228482476296,1.31997956798853,-0.0280062563504822,1.11796708446239,-0.437364380496649,1,1
-0.619462464140452,-0.476140804946385,-0.795279900239076,0.258597918380011,0.378487352057626,-0.722927152994898,0.367228642269476,-0.733291345291549,1.24396353810691,1.25405822707514,1.14207646320699,1.52228482476296,0.730627527731187,0.476415416718438,0.348884560268475,1.023122547003,1,1
0.779370421697517,1.72252028285894,-1.1355759742966,-0.914050444882741,0.208415460553924,-1.21967142296436,0.076176587241809,0.0349314814523335,0.107962707488517,-1.16299226833668,-0.297328185874742,-1.24027364739667,0.898818863358691,-1.4694506731414,-1.1361136035665,1.2015462887339,1,1
-1.51136136137774,0.659726009887026,0.685898390138982,-0.914050444882741,1.42525389175258,-0.464360363648927,1.38591083486631,-1.15109476500184,-1.66034930516817,-1.66757604343254,0.787344195766135,1.52228482476296,0.641252195687051,1.5341123220906,-1.11542138225893,-1.46748848608336,1,1
-0.554666390409538,1.58139760434507,0.0795609895354618,0.844922100011387,0.599921465608242,-0.303736371874435,0.221702614755643,0.482530754501485,-0.941459082129741,-1.19571793644923,-0.191405045218338,-1.58559345641662,-1.35732515498881,-0.229239196502499,-0.0155093518571537,-0.755611675783112,1,1
-1.4503768213957,-1.22688537467498,-1.01249538848059,1.43124628164276,-0.330025677257757,0.431793223310613,-0.796979577841192,-1.33225536098993,0.468972193427083,1.3423742572773,0.83056196900877,-0.54963402935676,1.5985261878827,-0.441916893053915,1.5764820200952,0.0312210327189434,0,0
-0.337408966723532,-0.392564295092544,-0.597664041214345,1.43124628164276,1.24553808527778,1.41661824365365,-1.67013574292419,0.799141050851104,-1.37732936450896,-0.740713182964636,1.72010761126623,1.52228482476296,1.42905785543676,1.40111469019819,1.41209084550617,-0.626634255536034,1,1
0.581170666755897,0.208469442706487,0.347825606719563,-0.914050444882741,-1.09495089736875,-1.60955621650344,0.076176587241809,-1.11732080963534,0.680559141903655,-0.955372073675174,-0.83704818394154,-1.24027364739667,-0.904938611429133,-1.31001076734842,-1.14572216361466,0.978994671925026,1,1
-0.874835225315231,-1.4560213660097,-1.45681361784726,-0.327726263251365,0.152638417151917,-0.894734635004976,-1.23355766038269,1.72461982904604,-1.68451548215548,-1.71637620795661,0.461482553373092,1.52228482476296,1.06437456348311,-1.5816198861988,-0.724694919807579,-1.32020942323123,1,1
0.969947109141382,-1.70874053574008,-1.19554115617389,-1.50037462651412,1.54842314044661,-1.06681129502793,-0.0693494402720245,1.1202166695264,0.618447894239445,-0.73534809654473,-0.426817630723575,1.17696501574301,-0.304280004780508,0.637771717939607,0.318423359560729,1.02786041226138,1,1
0.47825925553621,0.61139073713822,-1.45328388185502,0.844922100011387,0.431445480581482,-0.0036602857948716,-0.796979577841192,-0.541872118625596,1.17481522197189,0.718432490361007,0.162041201581397,-1.24027364739667,0.647368804204732,-0.393315999370483,-0.0674505207908272,0.409404366478079,1,0
0.516374593024983,0.511742794673421,1.11371548158253,-1.50037462651412,1.0895371993478,-0.253768343416502,-1.52460971541036,-0.256570228538223,-0.114156706331503,1.56395752354452,1.30057649169808,1.17696501574301,-1.14987272757241,0.910919034044346,-1.30795999201408,-0.71989508643334,1,1
-1.09971571649899,-0.292796146904459,0.905638176857891,-0.914050444882741,0.528192469367681,0.7775422420406,0.658280697297143,-0.835088366167351,1.12172672951365,-0.680868876096351,-0.539708414095031,-1.58559345641662,0.143701350657042,-1.48097242947972,-0.442038875570193,-0.530530872983591,1,1
0.882281832917204,-0.0181913848371112,0.908776970852809,0.258597918380011,1.16649486164419,-0.899024400696563,-1.67013574292419,0.924305566258483,0.958413917940461,-0.93112570371588,-1.50144601688474,0.486325397703102,-1.28509733059865,-0.397597855342602,1.58607811698634,-1.08588609681197,1,1
-1.37414614641816,-0.276588441768597,0.780308904478291,0.844922100011387,1.5275970259437,0.314011686389195,0.221702614755643,-0.414100571531932,0.58026647935131,1.31729758412462,1.03772894654433,0.141005588683148,0.135421792249801,-0.907753271882762,1.57474192423243,-0.846377395135272,1,1
0.908962569159345,-1.63972792642768,0.617273654179417,-0.914050444882741,-0.779393788571774,1.31094516608007,1.38591083486631,0.882984582040647,-0.196815278625828,1.19377994353744,0.185293417272716,0.141005588683148,-0.879362629790336,0.825444192680308,0.216618836022399,0.751036513723993,1,1
1.26343520780493,-0.555428236584648,-0.050961909701954,-0.327726263251365,-1.13411887654621,1.40335024151292,1.24038480735248,-1.6691578526186,-0.791793806072714,-0.627316615351477,-0.183845658054857,-1.24027364739667,-0.154892219510275,-0.935782074186238,0.479347269197702,-0.422490559884497,1,1
0.516374593024983,-1.10665343316058,0.523122684944663,0.844922100011387,-0.0543210684068784,1.56909369880801,-1.67013574292419,-1.26312211428428,1.23087943259113,-1.52808137130817,-1.11371144766691,-1.58559345641662,0.592575136923365,-0.14261560708821,-0.952702721756665,0.648650014065897,0,0
1.17195839783188,-1.38057146890709,-1.57444577850323,0.844922100011387,0.694120398868694,0.929906369219002,-1.37908368789653,-0.468666049800138,0.501865315233803,1.67822278555998,-1.42992602917755,1.52228482476296,1.31785246062291,1.09789594142861,0.848974927599459,0.0526592908562104,1,1
0.531620728020492,1.60835048826948,0.450830839044575,1.43124628164276,-0.93648893684094,1.38719227220918,-0.214875467785858,-1.35565115991902,1.0150426703435,0.597100744793488,-0.780294553906671,0.831645206723056,-1.15096181904754,1.4296077316563,-1.53961641387572,-1.21514280815324,0,1
-1.10733878399675,0.36388125542391,0.994097185253342,0.258597918380011,-1.7028559194365,-0.926190874514986,-0.796979577841192,0.349345480500907,0.170030050118985,1.45105149367039,0.758026374214536,0.831645206723056,1.37402288244026,0.767013239567474,-0.956943536145826,0.0009692182700873,1,1
0.150467353132763,0.814142254595701,0.0301961797433395,0.844922100011387,-0.538881006392129,-1.05349513301529,-0.505927522813525,-1.5568218461524,-1.13535436141063,-0.579686440591874,-0.315356700292642,-1.24027364739667,-0.371425564838636,-0.241314679390098,-1.70110333334652,0.88579183177033,1,1
-0.478435715431992,-0.625103411391252,-0.465943899644472,0.258597918380011,1.61131882172506,-1.71187084514116,1.38591083486631,1.24523003368118,1.63809969247938,0.482423170161752,0.238424593757963,-0.54963402935676,1.20242832686477,0.249337785866438,-0.385242347276786,-0.691336656018122,1,1
0.611662936746916,-0.354231352458338,-0.744106663691801,-0.914050444882741,0.670434536087494,0.701079377226848,-1.37908368789653,0.904192242320765,-1.09801541201636,0.575543062578047,-1.46769542989758,-0.54963402935676,0.0534988987878146,0.653882613156608,1.22420478526084,0.513202039525798,1,1
-0.261178291745986,-0.89826118253299,0.524942287369927,-0.327726263251365,-0.338296223895549,1.49564841415534,-1.67013574292419,-0.983809121389557,1.40389171509097,1.26463316655152,-1.32371663196949,-1.24027364739667,1.26628999768207,1.29055529761994,1.68236263707159,-1.03042638576598,0,0
-1.32459620768275,-1.38565059736412,0.698603080120433,-0.327726263251365,-1.05540029989914,-1.0901726101593,0.94933275232481,-0.0570944297788672,-1.01078420069481,1.68193412026083,-1.71491972155037,1.17696501574301,0.574728766272003,1.33744017406005,0.591923602386836,-1.24813913466497,1,1
0.169525021877149,-1.09986492531087,1.31742398862997,0.844922100011387,-0.493691944701879,0.460248940173339,-1.52460971541036,-0.167865738874983,-0.442024741190331,-1.38964035660811,0.59859224777322,-0.54963402935676,0.0402084528496508,1.48315206487274,0.859070208235829,-0.476315751891779,0,0
0.741255084208744,1.05393180884773,-0.518665595285937,0.844922100011387,-1.13350619449387,0.837567042378841,1.24038480735248,0.777956180000529,-0.214212952626844,0.424878986036904,-0.830204550042188,-0.54963402935676,-0.640229373838292,1.06982812746898,-0.811202944957301,-0.37670427366572,1,1
0.626909071742425,0.636155651472972,0.96594490843172,-0.914050444882741,-1.3517593907952,1.46170185692412,1.67696288989398,-0.342114141349875,1.43869672993945,-0.598561050371292,1.62482568569158,-0.54963402935676,1.63637863830899,-1.21201845905034,0.0811822364070925,0.901397568067142,1,1
-1.64095350883957,0.18129660946911,0.242057146274675,1.43124628164276,1.39793215485472,0.494414950133607,-1.08803163286886,-1.61881448891209,1.32475505965556,1.05191654722631,-0.676426915752972,-0.204314220336806,1.05363429802024,0.853053337452846,0.830354077807716,-0.133067375693588,1,1
0.0170636719220571,-0.0688747912647068,1.35864791046179,1.43124628164276,1.71022282249997,1.6087463071575,0.658280697297143,-0.784706571954753,1.10160160824164,0.852177477889593,-0.483643535459615,1.52228482476296,-0.402123220830824,1.08316793426721,0.0013027501936052,-1.43536207306389,1,1
0.123786616890622,1.4889527536511,0.125550596215143,1.43124628164276,-1.15317292106454,-0.546715709458016,0.94933275232481,-0.118045479892668,-0.431976949235755,1.33275112098738,-0.113638142416891,0.831645206723056,-1.14598597193949,1.30065585540028,-1.41472209122437,0.46479388863819,1,1
0.550678396764879,-1.47003141693656,0.0901847379311463,0.258597918380011,-1.52964731795035,-0.528609209090625,-1.08803163286886,1.64264003809984,-1.7101664281523,-0.573336228506647,-0.639084723276842,-0.54963402935676,0.97953979195421,1.46200580215291,0.845203752822218,-0.101529543652228,1,1
-0.200193751763949,-0.746161479031697,0.299440016172735,1.43124628164276,-0.584239943346972,0.136626530119558,1.53143686238014,1.31934240132966,0.615173429570409,-1.12615711373809,1.10240465658502,-0.894953838376714,1.70933881644906,0.0334067856303524,-0.960816091391486,-0.574571003144589,1,1
-0.64995473413147,-0.504702887601496,0.894892287483765,-0.327726263251365,-0.131035366316168,-0.412938344148537,1.24038480735248,-1.10452703166889,-0.314253177722552,-1.69132877986822,1.30777422660024,-1.58559345641662,-0.756644335029957,0.534973054125112,-1.3830178950699,1.04305617878227,1,1
1.53024257022634,1.00138870216083,1.64294932173748,0.258597918380011,-1.01333527346813,-1.72931227070145,0.221702614755643,0.772453176752052,0.874377834924627,-0.879649741539378,-1.7158624615938,-1.24027364739667,1.452389577623,-1.68372532644007,-0.0652767255613558,-1.18390565178543,1,1
-0.322162831728022,1.73299979197922,-1.45218024834509,-0.914050444882741,-0.681478513867618,0.786963124515735,-0.360401495299692,1.51216638583395,1.00417379088151,-0.491827399627953,0.533508391147288,-0.54963402935676,-1.28941764879175,0.252079428954572,-1.46300729326098,1.42460200639847,0,0
-0.451754979189851,-0.885214337075191,-1.52209293898248,-0.327726263251365,-1.02690622763935,0.855680052667567,1.24038480735248,-1.70244221983793,-0.215449448570991,1.5187298663923,0.643339633224465,1.17696501574301,1.57844518929272,-0.0901914143259311,0.459192323620011,-0.566258011205791,1,1
0.729820482962112,1.32135596288927,1.54868414684984,-0.327726263251365,0.942825380653522,0.839340848834187,-0.796979577841192,0.764381376607958,0.843621398748463,-0.0604655469537335,1.60559807049501,-1.58559345641662,0.860929882959556,1.59085471479161,0.497403821727217,-0.130101823394629,1,1
-0.402205040454446,1.16922925567073,0.132717759011112,-1.50037462651412,0.730930767997081,-0.545518373187422,-0.651453550327359,-0.141815801536926,1.15901063869033,0.165517693442961,-0.459944445091689,0.141005588683148,-0.522101271054076,1.38258579358706,-0.832154602258754,1.47967379726162,1,1
1.4197080915089,-0.940978250339009,0.428041264314598,-0.914050444882741,0.464265370168689,0.0652290744209536,-0.651453550327359,0.623368011686979,1.4630808466327,1.28972033445996,-1.07195882159326,0.141005588683148,-0.667653991251855,1.02477923916322,1.62009925535323,0.902188896788905,1,1
0.0208752056709344,-0.332691202958564,-0.0320961697194865,-0.914050444882741,-0.386759168601125,-0.494001041410354,-0.796979577841192,0.364798891472821,0.274736802714969,1.30688002076875,0.0649177615798947,1.52228482476296,0.507479394560025,-1.52067084774855,1.13478853908548,-1.4591927561898,1,1
0.57735913300702,-0.296682287269853,-1.38238791861059,-1.50037462651412,1.40582828981526,-1.67897385729962,0.076176587241809,1.677879208355,0.947942817828974,0.066452331087696,-0.190294562748838,-0.894953838376714,0.334304367412179,-0.334798658484284,-1.3418279921888,0.273313279823186,1,1
1.04998931786781,1.68322268278488,0.96009963331216,0.258597918380011,1.61363144604067,0.203591220646951,0.221702614755643,-0.732472599337511,-0.0271066345446357,-1.3721452790172,1.01254608090909,1.52228482476296,1.46305039990683,0.67571516284823,0.871699678684332,-0.647723197749835,1,1
0.783181955446394,-1.0933867614343,0.887630676506606,1.43124628164276,-1.12045269757934,-1.307829481918,0.94933275232481,0.990218022096962,-1.58251382628839,-0.827520430093145,1.40482125928728,1.17696501574301,0.933435765004775,-1.61461493926894,-0.498275643633926,0.0333426961760184,1,1
-1.46562295639121,1.05965659906349,-0.625054651805731,1.43124628164276,-0.95084347055054,-1.4584565269692,-0.214875467785858,-0.920130918176062,-1.19251853945259,-0.180233165579623,-1.4514008109719,1.52228482476296,0.149981457166042,-0.906074040323366,0.877853917314054,0.839382142249455,1,1
-1.42369608515356,-0.559533598035199,-0.644032891331902,1.43124628164276,0.0887232731859284,0.868710339909609,-1.52460971541036,-0.223998510600209,-1.28523443241814,0.841832908964047,1.20423132708655,-0.894953838376714,1.49298040347623,1.33377363775903,1.05283063305877,-0.0089918868357029,0,0
0.996627845383523,0.821852479579569,1.20236752024621,1.43124628164276,-1.40347779266143,-1.70147246604228,0.658280697297143,1.64571825564616,-1.13570069266238,0.70468832289464,1.42227953198046,-1.58559345641662,0.331611061476764,-1.27050587931034,-1.1970446018958,-1.47046983442653,1,1
-1.16832332397878,-0.26068087296239,-1.45636935308594,1.43124628164276,-0.217640449312298,1.56986489498988,-0.942505605355026,0.920916958207655,-1.69052386017694,0.465136951924069,1.47527884052644,-1.24027364739667,1.22285166533208,-1.53998893119949,0.571434846680226,0.107223444705125,0,0
1.44257729400217,0.290751205420162,1.35263448244771,-1.50037462651412,0.281647157065723,0.0409943299151492,-0.505927522813525,-0.638927164136647,1.22347114044594,1.29012598383061,0.916711844640506,-0.54963402935676,1.19252957358839,0.278895281387808,1.26740225275418,-1.63166415228393,1,1
0.592605268002529,1.17615577358235,-0.816229375182254,-0.914050444882741,0.0765025555726301,1.65258005009735,0.94933275232481,0.412531400848321,0.198130953546553,1.02061697507643,0.839030907039893,-0.54963402935676,1.46394581396492,1.53640827011342,-0.601173649828067,-0.516936500837787,1,1
0.0894828131507258,1.07709499214602,0.351913095999063,0.258597918380011,-0.580195031092754,-1.53440426581524,-1.08803163286886,-1.56077073879231,-0.409740262866451,1.64392530652709,-1.70236993228183,-1.24027364739667,-1.48978715941979,1.1520184847835,-1.44319328927955,-0.0713572630201856,1,1
-0.123963076786403,1.2939002784711,1.54327918075268,-0.327726263251365,0.146486069059131,0.27622062184842,-0.505927522813525,-0.810134826793901,-0.318288369114612,1.32108151972429,1.46149428212303,1.52228482476296,0.300703560234468,1.63370150687748,-1.62702014149378,0.501486520863029,0,0
-0.55085485666066,-1.51571208949811,0.64761992836934,1.43124628164276,1.57676586967705,-0.530681560398104,-0.796979577841192,0.755530486681803,-0.134304541364616,-1.08751519913385,-0.525975968743968,0.141005588683148,-0.0996529853068284,0.873275137033971,-1.34039369905597,0.0255000557225855,1,1
1.09191618910546,0.686666835243471,-0.268257298135982,-1.50037462651412,-1.00922618652349,1.17184123310918,-1.23355766038269,0.241845491426031,-1.47185851495168,-1.56694036998171,-1.61071722485032,0.141005588683148,-0.0228268663853371,-0.213333097785299,-1.7069158799317,-1.19228632883838,1,1
0.180959623123781,-1.23583225462853,0.687255926361839,0.258597918380011,0.532557397976328,-0.48969709113479,0.803806724810977,-0.106001350779917,-0.782310404358213,-0.327413283247407,-0.311133595644075,-0.894953838376714,-0.129072592300593,1.53693008450926,-0.588797512718825,1.48993340037107,1,1
-0.604216329144943,-0.275280569651308,-0.512950134207181,0.258597918380011,-1.56786733191225,-0.836761758994659,0.803806724810977,0.660223385018864,1.19915487171587,0.377601884604312,0.806773750355178,-1.58559345641662,1.18047326541467,-0.250234062058897,-0.68447660183907,0.520826553149243,1,1
-1.32459620768275,0.187075771143044,-0.744691279963651,0.258597918380011,-1.48878910545518,1.22031904562522,1.09485877983864,-0.352679055272796,0.828416560821174,0.466509741617171,-0.209867376676245,1.52228482476296,-0.619785233639489,-0.513294797427011,-1.33921471966906,-0.62501847750703,1,1
-0.695693139117998,-0.320827033832592,1.75406911128087,-1.50037462651412,0.178716925851278,-0.443425239611536,0.658280697297143,-1.6422967657461,0.209313829368606,-0.837951526229092,0.894698628627583,1.17696501574301,-0.119220450191778,-0.176124016257896,0.534281658577806,1.60585491240958,1,1
1.59122711020838,0.0861674743601253,0.900014937562903,-0.327726263251365,-1.3564541303801,-1.67622821489852,-1.23355766038269,-0.205228888636791,-0.074709266573621,1.21939786629718,0.0258746139973418,-0.54963402935676,-1.02820002232747,1.08104244892461,1.71492810340973,1.31929357351776,1,1
0.657401341733443,1.74697005495572,0.531603776047706,1.43124628164276,-1.64017880710564,-0.389554212447131,1.38591083486631,1.39198210421844,-0.836202436428889,-0.623544686123155,-0.707980681157228,1.17696501574301,-0.851189343798814,1.43752311246953,1.39973216036893,-1.22135673310797,1,1
1.49593876648645,-1.25244347266778,-0.473667369900833,0.258597918380011,-1.12775709954289,0.520813133268421,0.51275466978331,1.23432615467624,-0.107160150312734,1.42512176681745,-1.04528485923723,-0.204314220336806,0.566390594438723,-0.487216844206037,-0.845497513327826,0.538459198972458,1,1
1.24818907280942,0.628878293415191,-1.53693692874906,-1.50037462651412,0.223447001220717,-0.85787480765662,1.38591083486631,-0.316175506812389,0.32762504317293,-0.129132860733813,-0.282741535009657,0.486325397703102,-1.31867347340343,-0.12782936335082,0.946079820632878,0.210655658009818,1,1
-1.7019380488216,-0.344293180411913,-1.59981693665043,-0.914050444882741,0.69919949613852,-0.2458896400999,1.53143686238014,-1.65592616741041,0.721824781930453,-1.73096027368871,-1.62930435980755,-0.894953838376714,-1.072807217996,1.37096206141741,1.52423376436219,-1.05182077452486,1,1
-1.38939228141367,-1.26013089937283,0.217137895981308,-1.50037462651412,-1.02138295126211,-1.53882265968351,-1.08803163286886,0.471202822140307,-1.15330293329811,-1.20426359898847,-0.277706829118541,-0.894953838376714,0.107214009032875,-1.5548704409235,1.4185712521544,-0.912028618161938,1,1
1.31298514654034,-1.17053958465625,0.939063196608868,-1.50037462651412,0.578686069551286,0.291942444835677,-0.505927522813525,0.834520939580037,1.06687825801777,-1.4116838015246,-1.51461530662132,0.831645206723056,-1.57243758874547,0.977571710261523,1.34299514524913,0.223389448263693,1,1
-0.463189580436482,1.5824159915828,0.158779703531657,-1.50037462651412,-1.09009541948157,0.871452314196488,-1.52460971541036,-0.713669987855826,-0.537973168913227,-1.61414236645834,1.31056275469389,-1.58559345641662,-1.28401967424349,-0.155427158776429,1.00313551600146,-0.6101665454464,0,0
1.39683888901564,1.33979229983053,1.21259176874188,0.258597918380011,0.390428018452999,-0.310231064540134,-1.52460971541036,-0.0817847512061037,0.0027485880705238,0.712799946761152,0.256784562315686,0.831645206723056,1.27025921282072,-0.422477334836976,-0.706431242393928,1.15516369923664,1,1
0.0018175369265479,1.43535068654821,-1.59158646601521,-1.50037462651412,-0.301765072672225,-0.286389216537135,-1.23355766038269,1.70278912093339,0.362136602856575,-1.09911725393619,0.503387499769292,0.831645206723056,1.21057993959081,-0.18050486151155,-1.43198660091572,-1.3786275791641,0,0
0.0170636719220571,1.72958062743319,-0.433855187123511,-0.914050444882741,0.529012748955406,-1.43006305842353,1.09485877983864,0.263492908644771,-0.049325663296516,1.14555586219516,-0.74489726880621,-0.894953838376714,-0.518008895105934,-0.277532513790941,-0.0314587779524512,1.42741539777879,1,1
0.684082077975584,-0.997887488537331,-0.884275343389454,0.258597918380011,1.70129949189155,-1.0384738206932,1.09485877983864,-0.516812215885373,0.238681904238535,-0.84852338519846,-0.965222414755091,-1.58559345641662,-0.51726244253737,0.883914141466716,-1.53166567187828,1.17483032833114,1,1
-0.871023691566353,-0.485544577394686,-0.154183986322707,-0.914050444882741,1.50468083416887,-1.20131871998694,0.658280697297143,0.440656822285579,-1.34259106206931,-1.65477299319544,0.719586536148635,1.17696501574301,1.52402194080395,1.47276566106412,1.73768031299435,0.824444067553084,1,1
-1.12639645274113,0.607158575515852,-1.45630289039599,0.844922100011387,-1.70223652024872,-0.0746567179236648,1.09485877983864,-1.10932049854366,-0.24144015700913,1.08323313114488,0.592584724522359,-0.54963402935676,-1.63463399267395,-0.0274412092627066,-0.48013923603788,-0.812023033867569,1,1
0.821297292935167,-0.0385338899247429,1.60627557618716,-1.50037462651412,1.32474915078603,0.0892293941045108,1.24038480735248,-1.04270956305137,-0.762384311197872,-0.148080491635724,-1.32568977603994,0.486325397703102,0.288480098411495,1.14551934083116,1.59863867533469,0.743092291188395,1,1
-1.66763424508171,-0.266327466498316,-0.932258603244102,1.43124628164276,-1.4885335555803,1.53517635520479,0.94933275232481,1.47094340581089,-1.43015683123144,0.315089660944725,-0.920417443878762,1.17696501574301,0.34777399844697,0.79911017309702,0.956955989222477,-0.206318031208436,1,1
-1.20643866146756,-0.47728465570069,1.49574253747561,1.43124628164276,1.55699823501883,-1.48191852317489,-1.37908368789653,-0.904335026406382,-1.06741404660494,-0.599299637192288,1.55370281780199,-0.894953838376714,1.00850732082016,-0.580019462617327,-0.29658799376688,0.46396337268647,1,1
-0.554666390409538,0.34445267937556,-0.228441956890796,0.258597918380011,-0.748806579244582,0.332511692557656,-1.08803163286886,-0.656357059157,0.343386106900527,-1.60714547365295,-0.691379202942025,-0.204314220336806,1.57686446951446,0.302019384944596,-1.31160250871609,-0.640189650410355,0,0
-0.596593261647188,0.281117750878342,1.71531033296488,1.43124628164276,-0.404564108402124,0.0797306048685023,-0.360401495299692,0.150688489470082,-1.05011479949439,-0.481388849381661,-1.66415473879063,1.52228482476296,-0.490082488160582,0.575264530693367,-0.89974225406092,1.15869207863435,0,0
-0.569912525405047,-1.16106375625603,0.216711127774271,0.258597918380011,-1.40214617038928,0.0443629340599258,-0.942505605355026,1.38354207401301,-1.1037669994928,0.0330083415070935,-1.53152352216577,-0.894953838376714,-0.205646684055327,-1.63579136068432,0.610245723195306,-1.57512871733703,0,1
1.10716232410096,-0.0805409196798572,1.52535251496377,-1.50037462651412,-1.33126153092063,1.27408723382005,-1.37908368789653,0.973958178644496,0.172995596177369,-1.7264593632677,0.955801457808108,-0.204314220336806,0.604122101085059,-0.355672349872213,1.15378628362986,0.662316365380916,1,1
1.27105827530269,0.204081537473864,-1.68910749923751,-0.327726263251365,0.779582771540673,-1.02607892260047,0.658280697297143,-1.58123599590268,1.38143475594039,0.22751422355871,0.891709121970694,-1.24027364739667,1.63069912221063,1.69510520083917,1.67174066821295,1.13385023364871,1,1
-1.54947669886651,0.262638485356748,0.891153136881728,-0.327726263251365,1.527062351138,-1.59374745380387,-0.360401495299692,0.667683260574118,0.983021180288011,1.33456973742699,-0.420005116302169,-0.54963402935676,1.36543228326345,0.473670417506262,-1.26361713109007,0.50751788036119,1,1
-0.406016574203323,-0.991647732654996,1.42885725560042,-0.914050444882741,0.381122188380491,0.581964908292466,1.67696288989398,0.0131172599517473,1.382762474793,-1.01046779301864,-1.21901903054428,-1.24027364739667,0.589396746744329,-0.567772579618545,-1.18121450341209,-1.05462973673453,1,1
-0.470812647934237,0.861555365796556,-1.2223980547141,-1.50037462651412,0.742171121113985,-0.545047062181829,-0.0693494402720245,-0.0856336847865023,0.276539370395076,1.45170674136276,-0.0136318358274859,-0.894953838376714,1.24726538274393,-0.857233910472393,-1.5744574373823,-0.734975407762784,1,1
1.38921582151788,-1.63556977915226,-1.37381448962326,1.43124628164276,0.900603452712066,-1.67362149971026,-1.67013574292419,0.662586824328365,-0.317770856192177,-1.42804462840198,-0.594532779709579,-0.204314220336806,-1.42873358257384,-0.996576865730068,-0.819465853398987,0.055401608060656,1,1
0.184771156872658,-0.487660065798716,-0.233028582736427,-1.50037462651412,-0.814115313922986,-0.868160913752038,0.803806724810977,-1.05317165956041,0.780219843545723,1.09976854486702,-0.447470820633475,1.17696501574301,-0.416206091461064,-0.336130253403294,1.12306430993449,-0.582113439173375,1,1
-0.3259743654769,0.9936816038837,1.53523760136268,0.844922100011387,-1.56157075448059,-0.668495190600307,0.94933275232481,1.66687499929141,-0.827991530396218,1.15147596978691,-0.842328752213902,-0.894953838376714,-1.67885241146957,-1.05231039287185,-1.03463509382707,-1.69771064214815,1,1
1.68270392018144,0.240372024397156,0.176171675723868,-0.327726263251365,-1.71051206087755,0.390980133194898,1.38591083486631,0.502375307879491,-1.45753585444911,-0.87182424247622,-1.53475324066519,1.52228482476296,-1.10870450746435,-1.25192765569105,0.176565814338071,-1.57477804211678,1,1
-0.0858477392976299,-0.813853494836108,0.124315344805241,1.43124628164276,-0.512380992030182,-1.13961137948398,1.09485877983864,-0.466304227784337,-0.542082271598347,1.55963046579427,1.01054637048043,0.141005588683148,0.462587607199556,-0.465284968189133,-0.174929336060396,0.924631283224194,1,1
-1.63333044134181,0.696774702088731,-1.21751618844184,-0.327726263251365,-0.887457844153134,-0.311120692033338,-1.23355766038269,0.346138660927497,-0.697924895354061,-0.320162224996785,0.406153468946714,-0.54963402935676,1.34728959912752,0.369679067407249,-0.592676663468023,-1.42686346511701,0,0
-0.162078414275176,0.252553503828992,-1.70494381883459,-1.50037462651412,-1.50286905241094,-0.0719429242977382,0.367228642269476,-0.983066517458946,0.594415089043473,-1.27645259765713,1.16248767078306,-0.54963402935676,0.470522584194615,-1.21338896226503,0.420746385146992,1.47551044322163,1,1
0.645966740486811,1.0495076562306,1.10615332146834,1.43124628164276,-1.10022263920587,-0.152005411624812,-0.505927522813525,0.462662907918746,0.167954869657304,0.288030836186693,0.0041805466139432,1.52228482476296,0.579286486392471,-1.5641515902767,0.0187981223850409,-0.192682417541408,0,0
-0.432697310445464,0.836321252822343,-1.40351546710309,-0.914050444882741,-1.28926180767785,1.62131149952402,-0.942505605355026,-1.63515769080189,-1.25075915871101,1.69428675247528,1.68794275347997,1.52228482476296,-1.36416027945797,-1.59752609112242,-0.561715065260399,0.891693391905203,0,0
1.39302735526676,0.401310665363328,0.493848725697427,-1.50037462651412,1.42588129398507,-1.57744777928731,-0.0693494402720245,-0.551080511582254,1.39449089462774,1.35627446045086,1.60944251348603,-0.204314220336806,0.581792060758247,-0.797567458494309,0.665005973619466,-1.28318276324666,1,1
-1.26742320144959,-0.0232979635274938,1.46902846458436,-0.914050444882741,-1.23509386282049,1.54216365060438,0.803806724810977,0.856421309727792,0.312114529125159,-0.799434709242086,-0.804590962472752,0.486325397703102,-0.148370822329999,-1.06307978064933,-0.751549831005737,1.47030449525667,1,1
-1.24074246520745,-1.25953079044718,-0.982980532821891,1.43124628164276,0.130006048294954,0.270734521519555,1.53143686238014,1.06585171479899,-0.153766345982777,0.23687965001313,-0.402007878859504,-0.54963402935676,0.535244155220538,0.13684413934041,0.506792805514663,-1.59839154453378,1,1
-0.192570684266194,-0.813259450093885,0.602989507033934,-0.327726263251365,0.320515832297179,1.00731082743638,0.367228642269476,-0.856812558547281,1.49302392736522,-1.36636549460404,0.876170096618694,0.831645206723056,-0.592938460162812,-0.150263362879926,1.59484838788172,-1.56976249068313,1,1
1.30917361279146,-0.263855180398349,-1.43434420840853,0.844922100011387,0.150071262742531,-0.251384834474351,0.94933275232481,0.135558954732138,-1.39143255534127,-0.163018421677328,0.95967606906552,1.17696501574301,0.292609076520223,-0.600346264611076,0.80393442030334,-1.52696973876479,1,1
1.35110048402911,0.363670786633817,0.389321643527851,0.258597918380011,-1.37666277430548,-0.170608442116359,-0.505927522813525,0.0977450943681708,0.986112363310076,0.0496225636856566,1.42831952404923,1.17696501574301,-0.253387459961113,1.14830001210092,-0.271960546431276,-1.35914036376527,1,1
1.01187398037903,0.0656080706659213,-1.13830605872184,-0.327726263251365,-0.621796546100665,1.29533524035779,1.38591083486631,-0.273019317619765,-0.473221829053354,-0.67205741229907,0.526421564216656,1.17696501574301,0.213358164036961,0.0189274671534872,0.868398724442498,-0.0411029696464606,1,1
-1.51898442887549,-0.719752036361761,0.848483100154666,-0.914050444882741,-1.54081949576274,1.35255507578759,1.67696288989398,-0.941630988796918,0.662589046985875,-0.0854216278625907,-0.0939581677944319,-1.24027364739667,-1.21408637396885,-1.4019724712166,1.08209497142813,0.99512859681938,1,1
1.27105827530269,-1.70081143343538,-0.661426880412911,-1.50037462651412,-0.357724325443689,-0.911865208857532,0.076176587241809,0.70301001900672,1.47080563533425,1.42798308008143,-0.434598605280373,-0.894953838376714,-0.351352755727433,-0.700026030398745,-0.592627382777197,-0.735088669273751,1,1
-0.478435715431992,0.0047754828588458,-0.0982015985779438,1.43124628164276,-1.06906281932751,-1.0477726860545,0.51275466978331,-0.858744482272082,0.0523915860223147,-0.0300238821372209,-0.289468214768523,-0.204314220336806,-0.426085314026358,1.62877551562302,0.721411915017495,0.849034026595685,1,1
1.29392747779595,-0.728661860506332,0.374301112145473,-0.327726263251365,0.212397079128865,-0.0245362778658492,0.076176587241809,1.42279880361755,-1.64784882201073,1.11905796128896,1.21760145513121,-1.58559345641662,0.829906435956111,1.64127938336601,-0.216540915012688,0.946262217027821,1,1
-1.17594639147654,0.834869495145155,-1.11280635133153,0.844922100011387,0.663017623906039,1.36751647634915,-1.67013574292419,0.0977741960394202,-1.62652377005159,-0.664721787153623,1.67054613503512,-0.54963402935676,0.725904030024433,-0.841260283206456,1.11424742014003,1.4076376485838,1,1
0.0780482119040939,-1.63993261980907,0.868226091755893,1.43124628164276,0.111013968213946,-0.623608485264913,0.803806724810977,1.28234685832175,-0.590348028796092,1.60672842490431,-1.57301733566427,-0.204314220336806,1.42809499698415,-1.14177309685798,-0.698164639624953,-1.20120639433354,1,1
1.2863044102982,0.313275469472726,-0.656532876702859,-0.914050444882741,-0.225238176906676,0.51217346841114,1.38591083486631,-0.725796583794362,0.958862048344705,-1.44244158676827,0.273432709937155,1.17696501574301,0.468008915076315,-0.0128948691051203,1.52733932541528,-1.24870443592087,1,1
1.34347741653136,1.55525729182344,0.592913618470998,1.43124628164276,-0.38636217930642,0.705583546154208,-1.37908368789653,1.06273873689548,-0.73561770769528,0.266748407886086,0.0630756381404169,0.831645206723056,-0.633262942215004,-0.0617796121505928,0.269836528268142,-1.29490322931454,1,1
-0.440320377943219,-1.1159618198944,-1.15792544393792,1.43124628164276,1.17446772549506,0.948557643492147,0.658280697297143,-1.33918015964646,-0.576927479395953,0.976305135136553,-0.439873285196605,-1.58559345641662,0.992335864433916,-0.306928838629316,-0.497483577954198,-0.479462903065111,1,1
1.69032698767919,-0.0808555423288642,0.68233585969573,-1.50037462651412,-0.963363464486316,0.208674845027265,1.38591083486631,0.923321060819553,0.968486691796402,1.06019139520372,1.22169493777402,-0.894953838376714,-0.0004369238002146,0.102824599144776,-0.268594103803054,-0.0322305832906497,1,1
-0.291670561737004,-1.40495584823813,-1.26245357847926,0.258597918380011,0.805270719872608,-0.347638204312612,-1.08803163286886,-0.392559022818131,-1.3265675519336,-1.07839943324213,0.257700159171792,-0.894953838376714,-1.05313607991092,-0.91851040150516,-0.516554367036836,-0.127805848778775,1,1
0.43633238429856,0.455545367690619,-0.230305920372521,-0.914050444882741,0.885188089154202,1.59745343624299,-0.942505605355026,-0.104902479057695,1.18262388711897,-0.372094806829223,-0.660140062605094,0.141005588683148,0.868118502279762,-1.32154971614933,-1.21482321700211,-0.830993220702117,1,1
0.169525021877149,0.193842978946871,-0.849071330457399,-1.50037462651412,-0.276892811480168,0.372004617726314,1.24038480735248,-1.1550958277315,-0.812782714611334,0.400842850652333,-0.202357527708719,-0.54963402935676,-1.26458093590997,0.244098419865396,-1.4841982606865,0.423474974566152,1,1
0.341044040576628,-0.304717361888131,0.891627041802405,0.258597918380011,-0.695646516809921,0.775914631730873,0.658280697297143,-1.66837454867217,-1.54968154283941,-0.66995823562919,-0.507459084792355,-0.54963402935676,-1.1063421498412,1.48874918126325,-0.606699209705131,-0.55177856802634,1,1
0.836543427930676,0.0923150958478166,-0.797566375838622,-1.50037462651412,-0.10052251716104,-0.545648678273133,0.658280697297143,0.574739414661887,-1.3226059592755,0.519274748952461,-0.25134975505538,-1.58559345641662,0.907466539038094,-1.24311838828327,-0.132374589857228,-0.456182511539316,1,1
1.14908919533861,1.39889946261613,1.35476067566439,0.258597918380011,-1.39673319177537,0.573963754063116,-1.67013574292419,0.302895653695188,1.54577485036258,-0.451507815221883,-1.50536902044046,1.52228482476296,0.946968248649296,0.705865949042498,-0.467988503216558,-1.35184622009603,1,1
-1.11877338524338,-1.03974959988437,1.38985084313914,0.258597918380011,-1.55916470798691,-0.846029378647497,-0.796979577841192,0.423127002538092,-0.1756095110268,-0.548456922404132,-1.36330352373399,-0.54963402935676,1.01854580222394,-0.211522115005453,-1.67326360824264,0.321213738965483,1,1
-0.604216329144943,-1.64474442411943,-1.02539129745374,0.258597918380011,-1.33356162626304,-0.889787485407633,1.38591083486631,-0.849599534609339,-0.844908693478346,-1.39171729017944,0.425273265546944,-1.58559345641662,-0.706871050461959,-0.706170514640732,0.284454134492915,0.537947966954748,1,1
0.756501219204253,1.27733002784978,0.424369771033803,-1.50037462651412,-1.07405731390393,0.728221057917827,0.51275466978331,-0.904066845700611,0.0646104274055069,-1.63071914713876,0.636280389197922,-0.204314220336806,1.28147807629016,1.21554899823711,-1.21977688904067,0.890880693543273,1,1
-1.16451179022991,0.286423706915854,-1.40301851531319,1.43124628164276,0.0150229238766866,0.0621464205764232,-1.08803163286886,1.14316052960837,0.617794955694283,1.13393488039033,0.470457166140233,-0.894953838376714,0.78229674063106,-0.147611718324207,-0.990468756622047,1.39296578393278,0,0
-1.30935007268724,1.37829693851257,-0.347769985576539,0.258597918380011,1.20004263301543,0.61988098932023,0.51275466978331,0.904000875400623,-0.630743840663231,-0.0668148516246992,0.912397594505088,1.52228482476296,1.16833608200702,0.288265335129556,-1.30315921006423,0.91856752974768,1,1
-0.112528475539771,0.355473019947686,0.76987652712874,1.43124628164276,-0.907457454033898,-0.805923019959658,-1.23355766038269,-0.566293231339137,0.765211334087202,0.187862280568999,1.54307232384191,-0.204314220336806,0.733520711479756,-0.193788749710871,0.0815288085243301,-0.904230447773473,1,1
0.840354961679554,1.09797374625201,0.582672274414179,-0.914050444882741,1.49556042869494,0.328568070746755,-0.214875467785858,0.476393272945436,-0.859284920710842,-0.474290080331059,1.25329484094156,-0.894953838376714,0.286055442186132,-1.43730588636937,-1.39181199392524,-0.904534693930988,1,0
0.794616556693026,-0.227032773805026,0.462071213997604,0.844922100011387,1.56339232520689,-0.204731671434758,0.221702614755643,1.13572594666093,-1.33979632950046,-1.2921302817458,-0.291806167600878,-0.204314220336806,-1.34482986169938,0.328108950840708,-0.833348882961152,1.43104690246277,1,1
-1.70574958257048,0.887981615573684,-0.726343887734094,1.43124628164276,1.57712193430273,0.322493787969496,0.076176587241809,1.34591316324762,0.162272940012149,-0.205643010864587,-0.994152521751043,-0.54963402935676,0.741604792949043,-0.277015939480408,-0.156562458490832,1.00151256477213,1,1
0.531620728020492,1.45624330578515,-0.3947013990448,0.844922100011387,1.16028350530836,-0.73205112021012,1.67696288989398,-1.71278663075035,-1.20660867739388,-0.971858970295831,-0.664557023332211,1.17696501574301,0.670586144187614,-1.41837843391685,-1.14046717490521,0.974400129736049,1,1
0.741255084208744,0.269032239776971,-1.35012573651581,0.258597918380011,-0.467119103510291,0.73073187435414,-0.651453550327359,1.08484960072207,1.5043226538449,1.14230245129885,0.299632943047895,0.141005588683148,-0.640394125660218,0.331226441801896,-0.175503868518517,0.759440605468729,0,0
-1.37033461266928,-1.09375850937259,0.789677983777307,0.844922100011387,-1.46725871723578,1.04245876204156,1.24038480735248,-0.519176571759085,-1.72405554468314,1.66015957196351,1.23788267548783,1.52228482476296,0.827912921313767,-1.68263183725389,-0.534096593329348,-0.796090882280484,1,1
-0.398393506705568,-0.787264814275428,0.0424583562795916,0.844922100011387,0.23708339459077,-0.838729398138166,1.09485877983864,0.755488210438143,0.869699980429934,1.3208648492782,0.697984466554152,-1.24027364739667,0.184977316772984,-0.99988052448566,1.26001332103377,1.19840433582992,1,1
-0.379335837961182,-1.03156502799656,0.754051948748129,0.258597918380011,0.20225937937548,-0.698490869470045,0.367228642269476,-0.446403491535069,-0.765798936116274,0.067697224045996,0.143314224022585,-1.58559345641662,0.216026060519758,0.967951103715432,1.03241951862986,-1.22343786230989,1,1
0.0361213406664436,-0.863670488813156,-0.84303668512157,1.43124628164276,1.20292524909672,0.543662486070118,0.803806724810977,0.367084415352165,1.18013023113383,0.414511457610718,0.349039103184184,-1.58559345641662,-0.449233877087647,-1.58620264147787,1.7182131886773,-0.511408054386772,1,1
-0.710939274113507,-0.656264857482236,-0.580822817110565,0.258597918380011,1.70452277218473,0.662287908586246,-0.796979577841192,0.507487704579358,-1.5190206314488,1.52586900467632,0.0917586669704145,-1.58559345641662,-1.3191968563697,0.506066122792181,0.110903934939805,-0.523587532473992,1,1
-0.375524304212305,0.20986930578371,-0.546864230081303,-0.914050444882741,0.0286968488058687,0.691623105253241,1.24038480735248,-0.330046379112192,1.54730556377599,0.103844013556916,1.64125468668959,1.17696501574301,-0.97185138580136,1.54755204890012,0.271950387455399,0.210871156718223,1,1
-1.30172700518949,0.324293117072269,-1.6182755395845,-0.327726263251365,-0.531086738449361,0.617889231409454,0.94933275232481,0.0433357570797768,-1.37737578818159,0.450830896085947,1.09768043271058,-0.204314220336806,0.942413992684442,-1.12817532957434,1.55812509194043,-0.121500691198203,1,1
0.520186126773861,-0.23808454170248,-0.523132955049006,-1.50037462651412,-1.07832841600262,-0.380876778490901,-0.505927522813525,0.782974521016823,0.98023905768456,0.418324074317639,0.976010107908445,-0.54963402935676,-0.782773796191371,-0.282958847362509,-0.337117751767818,-0.133997639177122,0,0
-1.56472283386202,0.419812106310063,1.08241169032159,0.258597918380011,-1.70045683590493,-0.373827804029711,-0.214875467785858,-0.0830273575484328,0.0511179128408395,0.69232204286084,0.053552240128848,1.52228482476296,-1.71644880064448,0.261407798819596,0.203650699114812,0.188321824128106,0,0
-1.10733878399675,-1.43924716964951,1.40887843123001,0.258597918380011,0.0319822638690281,-0.856296559623006,-0.360401495299692,-1.68447197454174,-0.247486827236273,0.456721178120095,-0.594809563140214,-0.204314220336806,1.7338718402551,-0.16849422464943,-0.408162362361473,-0.286589377477565,1,1
0.508751525527229,-1.41760999819167,0.0922287159467571,0.844922100011387,0.191394480953272,-1.19388235629841,0.221702614755643,-1.68820012372475,-0.763454735418387,0.562373679863186,-1.68623312176965,1.17696501574301,-0.993516290946872,0.41565876865037,0.169622893549951,-0.855281230516548,1,1
-0.524174120418519,-1.12494571222604,-0.125603354277523,-0.914050444882741,1.11691616182424,0.651925098025556,0.51275466978331,0.557812594964375,1.16392945103169,0.754050423602857,-1.60265067859029,-0.894953838376714,0.548920086285433,-0.327688666937205,-1.44167541325464,0.568337086459041,1,1
-0.794793016588807,0.0808248696022924,-1.60062363025004,0.844922100011387,0.0163975267063529,-1.41315933714929,-0.651453550327359,1.20184316234454,-1.03958864493543,1.04302821869332,-1.64875500656584,-0.894953838376714,1.49074726658694,-1.20615433242461,0.993932471771191,1.00323068465547,1,1
-0.0172401318178385,-0.97810999239989,1.3460324439029,1.43124628164276,1.43134321560077,1.49676848356686,-1.67013574292419,0.987206357933841,0.751371295718574,-0.367200940046933,1.67218145349276,-1.24027364739667,0.355828349449147,-1.41051550335303,1.69197120093675,-0.0680388037724068,1,1
-0.577535592902801,-0.736816172111237,-1.66249795885315,0.258597918380011,0.440672008190192,1.11397301681407,-0.0693494402720245,-0.657704782103882,-0.194609179668863,0.823302187547468,-1.35433392899051,0.831645206723056,1.04715849754628,0.842067499498934,-1.49373242235662,0.51801984157316,1,1
-1.57615743510865,-0.329277569703786,1.57369083358474,0.258597918380011,1.16981115523496,1.22015578183975,-1.37908368789653,-0.100961272292062,1.70354764495852,-1.419031119421,-1.25774862365584,0.486325397703102,1.66226260471465,-0.896415625231299,1.05367920938421,0.125726962394783,1,1
-1.39320381516254,1.10391133917841,-0.0085034383379389,0.844922100011387,-1.20749335483424,1.3895382181677,-1.52460971541036,-0.921790637384468,0.374138511953982,1.27603416376638,-0.0624031849799843,-1.24027364739667,1.25989014565067,1.19609953525649,-0.884007702392475,-1.51180788023827,0,0
0.0094406044243025,-1.67504948748621,-0.52005347737772,0.258597918380011,1.22133938239615,-0.326450212422979,0.51275466978331,1.69341275631958,-1.36777784243974,-0.759697387923645,-0.0720098838818674,-0.54963402935676,0.210815883257567,0.83720105768849,-1.03709417614422,-0.260236408792984,1,1
1.66364625143705,0.538067234697008,1.5023787828746,1.43124628164276,0.602335694046657,1.18292906137593,-1.23355766038269,-0.830531860852009,-0.284830192340434,-0.365793140094355,1.46073291218022,0.486325397703102,-0.462767014338022,-1.54658900463224,0.680663624785123,-1.68074262785165,1,1
1.24056600531167,0.605965860947363,-1.62296938121442,-0.327726263251365,-1.13215408704961,-1.18965288230319,-1.52460971541036,-0.291012360464559,-1.49790613761476,1.02396505107856,-1.49744641426769,-1.58559345641662,-0.0508450226280584,-1.02500223685283,-1.56859290496747,0.560632025750864,1,1
1.4197080915089,1.05790777520117,0.311762547882745,-1.50037462651412,-1.0650620466674,-1.65966148929298,-0.0693494402720245,0.626460421624097,-0.744566529278601,0.445266706452183,1.59096966221679,-1.58559345641662,1.19559403177861,-0.712989224349619,-0.116615107886018,0.0322193737375229,1,1
-0.245932156750476,1.52488633240483,0.198907609955457,-1.50037462651412,1.46580647068215,0.969976255767922,1.67696288989398,1.30153452524416,-0.546540003671276,-0.695154546891501,-0.998181722371223,0.831645206723056,1.23558020597226,0.326657045785536,-1.71648281853521,-1.27862134370396,1,1
-1.05778884526134,-1.65319500937865,-0.945925939903834,-1.50037462651412,-1.60627789513704,-1.47652610501774,0.658280697297143,-1.55459253328846,1.2044786463958,-0.984216117451204,1.63610432809438,0.141005588683148,1.20956768637092,1.06678951117488,0.199186208522511,0.149199414068718,1,1
-0.280235960490372,-1.18778806207426,-0.21804201180661,-0.327726263251365,-0.128026911951177,1.67155767802277,1.09485877983864,-0.690198287522232,1.15231439999096,1.55918257860839,0.137411411750976,-1.24027364739667,0.347197619251027,-1.50919457741255,-0.120625836803464,1.37377322005051,1,1
0.897527967912713,1.36267089408702,0.557806261904922,0.258597918380011,-0.640082574577932,0.590664067922851,1.24038480735248,0.238008459766568,-1.68590652688029,-1.46219261906138,0.524250959730784,1.52228482476296,-0.0699512554674783,-0.858660551930261,1.45016143589737,-0.544157058777388,1,1
-0.333597432974654,-0.126582552018271,0.81784060504359,0.844922100011387,0.567755145904493,0.86164964790899,-0.360401495299692,0.408872828753252,0.102414203845719,-1.75199178304982,-0.651009047393965,1.52228482476296,-0.644393551218812,-0.423537943426237,0.773862683878971,1.66233066579309,1,1
0.417274715554174,0.242801749912461,-1.70519616055331,-0.914050444882741,1.16738295370039,-0.887351856462283,1.09485877983864,-1.49033119942679,-0.957878218636818,0.570116953644823,0.383797393536145,-1.58559345641662,-1.71260641519759,-1.08629694927758,-1.28494435977709,1.58330531182658,1,1
1.68270392018144,0.585596224053028,1.54626359608578,0.258597918380011,-0.478960097878946,0.58745635373491,-0.651453550327359,0.567400268312578,-0.626297468780575,0.367078332475702,0.729807314642594,-0.894953838376714,0.92733865055554,0.157592196434142,-0.493199273838113,0.984930762160286,1,1
-1.17594639147654,0.641451667252238,-1.13624414401371,-0.327726263251365,-0.250434319086412,-1.58531792151648,0.803806724810977,0.0962607318456157,-1.65124033716947,0.794753295553359,-1.71818971982004,-0.54963402935676,-0.763500389152568,-0.0736798946227727,1.50592933709024,1.08286702700517,1,1
1.66745778518593,1.52136028841307,-0.896396923646125,1.43124628164276,1.65617772634474,1.1523518504649,0.803806724810977,1.13391562908112,0.849265007239404,0.773983747957208,-1.63480883174384,-0.204314220336806,-0.580782179356184,-0.628773310398119,0.791400603483001,-0.303340884210855,1,1
-1.26361166770072,1.7484434840095,-0.792570274014698,-0.327726263251365,0.975995854902484,-1.14981538192979,0.803806724810977,-0.963258880562641,1.53902604236507,1.23113053727066,1.69315137394894,1.52228482476296,1.20133456323952,0.0599644697515238,0.33735244829535,-0.330855945035636,1,1
-0.657577801629225,0.784546040301727,-1.57632627293052,-1.50037462651412,1.36516600698366,0.668396087503182,-1.52460971541036,-1.05734586530444,-0.972565801449088,1.43552014942009,-0.155341159541191,-0.894953838376714,-1.54303136450583,-0.49361147513487,0.215391413334134,1.56617755231056,1,1
1.05380085161668,-0.723106680654292,-1.28029214254339,0.258597918380011,-0.209691916339883,-0.960817599875635,-0.0693494402720245,1.01513811598722,-0.551842336506804,0.924683846968512,1.5161043743909,-0.204314220336806,1.49316939964379,-0.537011745332741,-0.342292775882239,-0.45579316955883,1,1
-0.874835225315231,1.34031781186903,1.71817852765262,-1.50037462651412,-0.912837479417605,-1.49838140724626,-0.360401495299692,0.70523001460845,-1.01663850841985,-0.960273694669146,0.796446428999754,0.486325397703102,-1.71953967410253,-0.80440264470512,0.305917185699771,-1.38160568765905,1,1
-1.61427277259743,-1.5519164428508,-0.612851592224574,-0.914050444882741,-0.302095592589768,-0.0753254201212144,-0.651453550327359,1.00937467457699,1.4684814152934,-0.15728304763039,-0.450965804124901,1.17696501574301,1.53322612761056,0.140908605374575,0.951909743242133,-1.18969346172213,0,1
0.272436433096836,-0.918609276336579,-1.30721361261439,1.43124628164276,0.743002113553132,-1.15097949555112,0.94933275232481,0.975639038343869,-1.69346631750662,0.461688189959375,-1.22726256983327,-0.204314220336806,-0.1469425933011,-0.190148633809078,-1.27963853101811,0.727420875944996,1,1
1.27105827530269,1.40172388606264,-1.33607593456461,-1.50037462651412,-1.34102569693348,0.778942297073846,-0.360401495299692,-1.37265146437098,0.279568706556638,0.106217299913111,1.6640558234528,-0.54963402935676,-1.37005315853396,-1.04179639421216,1.63844776516585,-0.398094973777087,1,1
-1.67525731257946,-0.831164168465956,0.791196316347825,-0.914050444882741,-0.787819133137955,-0.915734432293027,-0.214875467785858,-0.7679164189608,1.26487913671618,-1.21518230197989,0.288291367678832,1.52228482476296,0.614051967368744,-1.67199329898565,-0.892218223743491,-1.02936010873285,1,1
-0.272612892992618,-0.954929880383554,1.26046597466863,-0.327726263251365,-1.55673988129928,-0.554297424259628,0.221702614755643,-0.831991245375778,-1.08576032844233,0.279551558691808,-1.0821754560872,1.17696501574301,1.38299691734001,-1.19781827664421,-0.170302613447652,1.08281941990807,1,1
0.699328212971094,-1.24231675521523,-0.815220008078138,-1.50037462651412,-0.231727201659365,0.220784426534427,0.367228642269476,1.504413524613,0.3006313883605,1.31194773350063,0.627838953267046,0.831645206723056,-0.204816526208977,-1.56933684503099,-1.64278984054978,-0.0347715292205826,1,1
0.714574347966603,1.26843904463498,-1.63506152137751,-1.50037462651412,1.12552918812992,-0.75241796261552,1.67696288989398,-0.0443657650622999,-1.55165615713493,-0.313499106084661,-1.43273665912362,-0.204314220336806,0.673697816996267,-0.233167620570186,0.185161727435244,0.236683936453951,1,1
0.886093366666081,0.0180748587811912,-0.93283302257867,0.844922100011387,-1.63221970031847,-0.431935018778971,1.53143686238014,-1.34820863701362,1.07194340773749,0.556217368226905,1.27922299326123,1.17696501574301,1.67263685727499,-0.942907785146131,-0.398526494372275,-1.18540248335524,1,1
0.512563059276106,0.626918257278342,-1.5113914716281,1.43124628164276,0.602952911710722,1.07585218106651,-0.360401495299692,-0.729831380491674,-0.783121894295067,0.372148558073096,-1.43941587407301,1.17696501574301,-0.889397402423202,-0.271467448614867,-0.856219057994316,-1.05200888231499,1,1
-1.13401952023889,-0.890800545155553,-1.3485669587228,1.43124628164276,1.48640161123714,-1.1167894004121,-1.23355766038269,1.28727705923185,1.67009196707019,-0.457542432617549,-0.928969413716208,-1.58559345641662,1.1214493291898,-0.584250065243806,1.69281758937016,-1.28197466756263,1,1
1.03093164912342,0.916469268294821,-0.208939639947038,-0.327726263251365,-0.903041351815828,-1.45101372528313,-0.796979577841192,1.20125028449374,1.44087281756548,0.196191012488836,-1.4348954396149,0.141005588683148,-0.700239368337551,0.132580413244508,-0.238211267737032,0.0541555124506677,1,1
-1.52660749637325,0.923312595597057,-0.90911627679142,0.844922100011387,0.665856667164741,-0.602927302155586,-0.214875467785858,1.38578274024362,0.790092137393831,-1.0369622370946,-1.39171170999872,-0.204314220336806,-0.245519895067215,0.771347373684715,-0.286175885587358,0.951748673876967,1,1
-1.12639645274113,-0.634734720367895,0.0843359169255944,-0.914050444882741,1.63276353200921,-0.272111355474674,1.67696288989398,-0.387075944026315,-0.0192840533572297,0.129632852359404,0.076286782902378,0.141005588683148,-0.746964102268967,-0.0691724561545049,-0.117086560560597,0.802656053273594,1,1
1.56073484021736,-0.293165896552881,-0.82723249033367,-0.914050444882741,1.58871056243746,0.135409547680334,1.38591083486631,0.488638993052518,0.907110002712404,1.00736081484058,0.64649031423371,1.52228482476296,-0.177280498146547,-1.50357580646716,-1.31907753398674,-0.816617080235001,1,1
-0.596593261647188,-0.993099594813842,1.55905869320097,-0.327726263251365,-0.909907257450661,-0.45110621644776,1.38591083486631,-0.769333593496495,-1.2770451793523,0.868847573255797,1.00118894855256,-0.894953838376714,-1.70661226640894,-1.65637497018475,-0.35962321653289,1.21263526172791,1,1
0.497316924280597,1.67744315150946,1.43890653366547,1.43124628164276,-1.37228415232484,0.987272805924784,-1.37908368789653,-1.10653890653434,-0.660274710700285,-0.523838855639542,0.674677932772548,-0.894953838376714,-0.671791801457496,-0.983689743294497,-0.556029597531061,-1.35139663895787,0,0
-1.52279596262437,0.524916884547474,0.260987470432477,-0.914050444882741,-1.20755930083093,-1.59875621149996,-1.08803163286886,-1.65703587763382,-1.6332270067952,-1.37776572450065,-0.484091668219565,1.52228482476296,-0.179769772706762,-0.255959246443465,-0.110084223378592,-1.32255861281502,1,1
0.81748575918629,1.53112308908385,-0.476674014689586,-0.327726263251365,0.694715525517277,-0.246647796933763,-1.52460971541036,-0.958922868360853,0.489619451434362,1.01122627808111,0.193202010920597,-0.204314220336806,0.468649166796037,-1.56222085857393,1.2462386104024,1.20491484995656,1,1
0.310551770585609,-0.666816169800524,-0.383858068570153,-0.914050444882741,0.776210431692635,-0.417231095079226,-0.0693494402720245,0.360589785313444,1.04087146812837,-0.846542817271341,1.4876093355196,0.486325397703102,0.486411974179596,-0.590148133449285,-1.05359072978683,-0.874406624818412,1,1
0.61928600424467,0.999525974669031,-0.277209766312073,0.258597918380011,0.59921892560237,0.496889607782843,1.24038480735248,1.39919089042896,1.52424399205244,-1.58282212017567,-0.399912048138623,-0.54963402935676,0.300585460295669,1.33211880000576,0.383998604136812,0.71957253488625,1,1
-1.4846806251356,0.943695366689965,0.819397067284948,-1.50037462651412,-0.562435512045959,1.59490480722614,-1.08803163286886,-1.27074409115398,0.632083527439535,-0.220851811817937,-0.872317955875581,0.141005588683148,-0.70788833779323,-1.40716562366242,-1.59109509212255,-1.68339953637305,0,0
-1.07684651400573,0.685291635486197,-0.139019572606865,1.43124628164276,-1.13372087480416,0.0241813235375059,-0.796979577841192,1.4469969654521,0.788633482242377,0.80120132253561,0.0605082681146278,-0.204314220336806,1.5617897606893,1.54346056002255,-0.623973652457392,-1.39285266531272,0,0
-0.943442832795022,1.63940832443144,1.26797270306632,0.258597918380011,0.278108266313845,1.66588041244797,-1.23355766038269,-0.536520639447961,1.3496785877168,1.04092390970493,-0.715291672011573,-1.24027364739667,-0.364723851031067,1.22779338387286,-0.0839859263675101,0.379849313709183,1,1
1.55311177271961,-0.352809817977698,1.57141481634024,-0.327726263251365,-0.0553870390502889,-0.69287901438684,-0.214875467785858,-0.254410021104817,1.49021844230514,1.64423062055623,-0.839422097936821,-1.58559345641662,-0.971971106042987,1.14224518525208,-1.46415031060221,-1.08754712171257,1,1
-1.15688872273215,-1.26811419168546,-0.540852629713892,-0.327726263251365,0.786774727507957,-1.62787381920608,1.38591083486631,-0.468651481466695,-0.0383276382400888,-1.10921766260971,0.967364164033112,0.141005588683148,0.199053749613247,1.2518065517656,0.163065472131384,-1.61762513017907,1,1
0.863224164172817,0.615829131360588,0.239760120808859,0.258597918380011,-0.200767650872964,-1.16346203086935,-0.505927522813525,-0.317523119632441,-1.34855328850527,-0.746671407795956,1.35890046429699,-0.204314220336806,0.873380886028285,-1.44142789542712,-0.646377872519895,-0.1094582636704,1,1
-0.0401093343111023,0.816418052786329,-1.37752851433874,-1.50037462651412,-0.553636808339486,-0.372893398000426,-1.23355766038269,-0.835080994721251,-0.123774192574967,0.349768688856924,0.0010865800222646,1.17696501574301,-1.68183156857343,-1.19699837697394,1.71805877834511,-0.578430344954188,0,1
-0.79098148283993,0.27926214151158,-1.01140187467479,-1.50037462651412,-0.708776078668896,-0.644353380889458,1.38591083486631,0.686994509139551,0.184134554613907,1.05082346110843,0.970787645758485,0.486325397703102,-0.765769720861425,-1.25472450518324,0.464478511434851,1.04318721637382,1,1
0.501128458029474,-1.00310235615214,-0.27160569416906,0.844922100011387,-0.990494112961463,-1.39984199359871,-0.505927522813525,0.893367955971153,0.443325345638039,-0.954083881584595,-1.10058348821796,-1.58559345641662,1.13715598053078,-1.33422363198726,-0.875553061268151,1.10015451162601,1,1
0.905151035410468,0.0333893027156797,-0.991487268440924,-0.914050444882741,-0.804042841519598,-0.243572611009657,-0.0693494402720245,1.11827791382351,1.67191606895248,-0.34337732961942,0.159495030885563,1.52228482476296,0.0343292148670488,-0.590225758370832,-1.36578023973418,0.397499113358919,1,1
0.424897783051928,-0.636156539453343,1.3368496369014,0.844922100011387,-1.39118008205179,-0.569307933492799,0.51275466978331,-0.550707547221689,1.42560246633618,-0.348634833821587,0.468987680156168,0.141005588683148,-0.307429825132211,1.13686883281877,-1.58041525182183,-0.707292932534803,1,1
0.127598150639499,-0.23471783381864,-1.1579143108421,-1.50037462651412,-0.525408356047845,-1.31176212531978,-1.67013574292419,0.915688537461113,-0.364358552894449,0.917432533473011,-0.0396371412096251,0.486325397703102,1.50454930368422,-0.850572713241518,-1.40700719188191,-0.127746392065454,1,1
-1.30172700518949,0.523579642696163,-0.125050664759112,0.258597918380011,-1.59131930836195,-0.714006616246287,-0.651453550327359,0.475941724761804,-1.33596207521871,-0.9302682477188,-1.34595372000438,-0.894953838376714,-1.4137127519271,-0.877176422581466,0.634548706743884,0.699429119111047,1,1
-0.851966022821967,0.871805258892167,0.396074025737383,-0.914050444882741,-1.07656910734162,1.3198299242722,-1.67013574292419,1.58522206266008,-0.987935874481114,1.59753977710002,0.811133912585845,1.17696501574301,0.410829658879774,0.606448401220034,1.24059539092225,-1.47635947062175,0,1
0.851789562926186,-0.914625986633685,0.695347612559821,0.258597918380011,0.848390211596605,-0.69356990206229,1.09485877983864,-0.261487593585871,-1.12871518580354,0.0058398774229272,1.17801544911624,-1.24027364739667,-0.537388643275367,-1.38342966450003,-1.17849224072855,-0.571635721264657,1,1
0.691705145473339,-0.311822006368772,-0.377180740118831,0.844922100011387,-0.598881342598352,0.725579261757403,0.94933275232481,1.70435803213376,-0.502938186869378,-0.787403881384534,0.465584793510813,-1.58559345641662,-1.47861391129119,-0.478288012210495,-0.32831027893167,1.11232587862286,1,1
0.806051157939658,-0.785997377803262,1.31093406612898,-0.327726263251365,0.578609050680684,0.374472589960427,-1.23355766038269,0.831748445537628,1.28454169253298,-0.779703261056815,-1.16324053427104,1.52228482476296,-0.982894851170017,-0.701187887038569,-0.494254604271296,-0.318867671769285,1,1
0.809862691688535,-1.03161017033731,0.266242695523201,0.258597918380011,0.745723709008847,-0.262449320956872,0.221702614755643,0.956045909567077,-0.221476314956283,-1.70349047369094,-1.49388269332646,1.52228482476296,0.45371052367272,1.19558588545723,0.511416992015321,0.432716435354375,1,1
-0.0667900705532434,1.00473669867137,-0.181154618719941,0.844922100011387,0.27956566950312,-0.910704979441131,1.53143686238014,-1.64385996770968,0.222610919796297,0.637828319374642,-0.700373244489683,1.17696501574301,-1.6261854863787,0.0517652130866732,-1.08860775590364,-1.3834568768717,1,1
1.35491201777799,1.44304932381928,-1.47414079426678,0.844922100011387,1.57641130863149,-0.462851295297248,0.221702614755643,-0.0099631290035987,-1.11028235757742,0.927891992319232,-1.62515716781711,0.486325397703102,0.329939892351963,0.505349398873777,1.58124500368985,0.956523305209328,1,1
0.783181955446394,-0.434030115549066,-0.0936916911607774,0.844922100011387,-1.64329430103504,0.305773405902914,-0.505927522813525,0.0972041122951601,-0.0330019408005439,-1.65442336939145,1.17850763939393,1.52228482476296,1.59455339106947,-1.27307133029608,0.802563891183929,-1.36925594255458,0,1
-0.116340009288648,0.89292310240423,1.14295527536908,-0.327726263251365,0.820503641971528,-0.525767920700712,-0.505927522813525,-1.59226441051134,1.27471418847743,0.267956669885673,0.702654684399148,-1.58559345641662,1.03351157884311,1.47610205507864,1.58731669864921,1.24692505191921,1,1
0.0208752056709344,1.40036426329161,0.426783951454689,-0.327726263251365,1.57671671030075,-0.993837762695457,0.658280697297143,-0.651709051161493,0.930717997375593,0.94777324015154,0.215572066487401,-0.54963402935676,-0.525566802934199,-0.608300984344547,-0.760553763468887,-1.34816466562142,1,1
-1.10352725024787,1.22321134501186,1.18264304441717,-0.327726263251365,1.24516482870231,-1.33297312890846,0.367228642269476,1.57735241754595,-1.44676324352276,-0.460331632906123,1.35469493016,1.52228482476296,-1.24489297219912,0.7128227575428,0.314627433186871,1.34787733136773,1,1
0.280059500594591,-1.08669539443973,0.008152380734872,-0.914050444882741,-1.1401937184773,1.29685269249833,-0.360401495299692,-0.256893534418961,1.23502913669197,-0.264096593566336,-1.36967223533056,-0.894953838376714,-0.111196633297224,1.56445928507428,0.815422408227391,-0.464133956064941,0,0
0.764124286702008,1.606858101912,-1.29623592837722,-0.327726263251365,-0.594239242601895,-0.217206045327595,0.658280697297143,-1.08618279477804,-0.785186004025833,-0.5110913912725,0.74249349322885,0.486325397703102,-0.361322616079259,0.031650661607655,0.741588927144644,0.432244530067527,1,1
0.53543226176937,-0.411588709540834,-1.6603110723398,-0.327726263251365,-1.12453195129824,0.419817256969145,-0.505927522813525,0.0452525931861057,0.560680927705131,-0.670763962479915,-1.24197515591514,-0.204314220336806,1.64617318420562,0.0278232470041934,-1.6475344994146,1.19544876207246,0,0
-1.41988455140468,-0.54195467965969,-0.654521134695053,-0.327726263251365,0.348693073613616,-0.0446046112391992,-1.23355766038269,-1.61593848808357,-1.22287280076515,-0.0612675193549264,-1.5415069774503,1.17696501574301,1.70907440273873,-1.3135756744807,1.73704104808694,-1.67940569085607,1,1
0.226698028110309,-1.50591263829869,0.716626851877569,0.258597918380011,0.729591157506498,1.27204495590498,0.221702614755643,0.0544318911307754,0.591342896982457,-1.19016510580244,-1.28995132358058,-0.894953838376714,-0.300158670340265,-0.375194295619555,1.49373515813336,-0.801277560324247,1,1
-0.0324862668133477,-0.0302767462280223,1.03710396550597,-0.327726263251365,-0.627720934611059,0.15014024792877,-1.37908368789653,0.325584245899936,-1.60298773447282,-0.236499061172877,1.56895538003517,0.141005588683148,-1.20820915474944,1.21333463183394,-1.30661137694189,1.40784730971107,0,0
-0.745243077853403,-1.34369495955475,-0.680455079211294,-0.914050444882741,0.136389101818114,-0.0777793845368945,1.24038480735248,-0.49388311067183,0.337204804266064,1.50399748963965,-0.215185889485976,1.52228482476296,1.43416783749338,-1.2522014957552,0.161675670117487,-0.380236470125769,1,1
1.22150833656728,-0.857810346736302,0.0138563676015179,0.844922100011387,0.656532496417028,1.45132027000037,-0.0693494402720245,0.908585151968784,0.492763665935726,-1.67187800253574,-1.58319952399054,-1.24027364739667,1.02812230022315,1.43687208492499,-0.631720336512081,0.713591476867507,1,1
-0.493681850427501,-0.619605141244435,-0.245024242186528,0.258597918380011,-0.269542053143227,0.745335311730005,1.38591083486631,-1.26279956503176,-0.885919181933603,-1.19487894034244,0.28528017923067,-0.894953838376714,0.0490810545928458,0.576961495840477,1.32340189980243,-1.23331264381674,1,1
1.34728895028023,1.09332556932221,-0.281827481242034,-1.50037462651412,1.21680280516418,-1.34989943134046,-1.67013574292419,1.30903642251632,1.49227237101006,0.93398410159073,-1.05646234180696,-0.54963402935676,-0.457038081903476,-0.269733490847451,0.695038454547305,0.617325211544041,1,1
-0.710939274113507,1.32546976639917,-0.904148304495422,-0.327726263251365,0.933513705631398,-1.12197594235489,-1.67013574292419,1.57666216631935,-1.56771403935413,-1.30840156441732,-1.73053964918138,0.141005588683148,-0.169809116927738,0.161738280069325,-0.947121914346433,-1.4631165073462,1,1
0.562112998011511,-0.670017273490334,-1.23403165719057,0.844922100011387,-1.49480373168224,0.977664374050558,0.076176587241809,-1.72862264637763,1.33681209738479,-0.824864435539915,0.896008164028857,-1.58559345641662,1.4038936427751,-1.19930625197125,-1.60417668254793,0.751229947351302,1,1
0.794616556693026,1.26699860150971,-1.02453255449188,0.844922100011387,0.416768999561405,1.14554941852164,0.221702614755643,1.18620063607396,-0.414041793821159,-0.187350489963687,-1.21320954280654,0.141005588683148,-1.08383130835018,-0.969075330291999,-0.710760680324798,-0.601515366303774,1,1
1.46925803024431,1.26188929557347,-1.51550141056386,0.258597918380011,-0.908545672888931,0.144131532496878,0.51275466978331,0.0201963056536601,0.726209680519438,1.50864147713024,1.53941130315231,-0.54963402935676,1.07404929965605,-0.732182028043576,-1.58936223029816,-0.11323647738615,1,1
0.398217046809787,0.939489707348896,-1.01952345426485,-1.50037462651412,0.19826357958392,0.176050334296175,-0.796979577841192,-0.134638131795837,0.512024179548027,-1.12973147039383,0.31731119469262,0.831645206723056,-1.66116962311176,-0.393855087159226,-1.23192246162965,-1.14308340233661,1,1
-0.287859027988127,-1.21247329972104,-1.67572876021723,1.43124628164276,1.57019593350863,0.4429857854291,-0.360401495299692,-0.906139488230688,-1.14778732804936,1.43890989990824,-1.45039501269408,1.17696501574301,1.46872237682588,1.43005955351063,0.482384685098356,0.443651303972439,1,1
0.714574347966603,0.680650289271365,0.470954917951501,-0.914050444882741,1.30284345131397,-0.221330785349465,0.367228642269476,-0.183411829910135,-0.630053998456439,0.728453874587738,-0.993169450979226,0.831645206723056,0.0110077991580069,-0.453235859169249,0.859826785302755,-0.554205484925694,1,1
-1.07684651400573,1.56761917287744,-0.608827212635965,1.43124628164276,-0.327334513752252,0.609278067533197,-0.651453550327359,1.55928116870946,0.0934673555913866,0.563900151428874,0.38037484449496,0.831645206723056,-0.937793099375552,0.0838457203765109,-0.100063490068263,-0.396740335149118,0,0
1.15671226283637,0.653549051051442,1.67231319652603,0.844922100011387,-0.715525359740194,-1.36047190630597,-0.214875467785858,-1.00275262849758,1.18158434922092,0.745881890685104,-0.572780616485575,-1.24027364739667,-1.71435575145496,-1.15967957459995,0.358183371499051,0.527334702261616,1,1
0.0361213406664436,-0.56850376387139,-1.03485341706851,1.43124628164276,-0.911705429017368,1.57768851930199,1.67696288989398,-1.11271881675007,1.55369159368831,-1.65852562599207,0.10532508261883,1.52228482476296,0.216512446215081,0.812956556580156,-1.18143037056757,-1.09976518387123,1,1
-0.646143200382593,0.0198893866009242,-0.506528277978705,0.844922100011387,0.112370920771102,0.850297715636015,0.221702614755643,-0.894995454217186,-1.6548966869902,-1.42355828846708,1.03973799726339,-1.24027364739667,-0.876262104919766,0.209108017315588,-0.623964407791708,1.21421208539263,1,1
0.954700974145872,0.525343359897114,-0.464805255154577,1.43124628164276,-1.3244745449504,0.440371619773031,0.076176587241809,0.178596928419825,-0.514801927008564,-0.604112509114001,1.01558674413694,0.141005588683148,0.465264458258326,-0.204611165964764,0.748267096038392,0.826722896664651,1,1
-0.562289457907292,0.0546822595012891,-1.67833163793601,0.844922100011387,0.16994601615142,-0.644394215417829,1.53143686238014,1.48956219160361,0.569018326562045,-1.51015195164518,0.684923118050804,-0.204314220336806,-0.749033352701433,1.5388892440539,-0.457338155721478,0.271364685295663,1,1
0.310551770585609,-1.30559996363022,1.20711400108445,0.844922100011387,-1.71236401389818,-1.17968148656317,0.076176587241809,0.254966799947481,0.086790885634938,1.66294211418642,1.34218968881126,0.141005588683148,-1.41895386133121,1.34457826794764,-0.513046224036713,-1.27345975271009,1,1
0.497316924280597,-0.636594247684233,-1.59656044919698,0.258597918380011,-0.604444225508476,-0.3239075913378,-0.505927522813525,-0.889501118684969,1.51303632271105,0.248777105144161,-1.05769733072897,1.17696501574301,0.0274981693075029,0.550159551259943,-1.04940829225918,0.647362843107408,0,0
-0.882458292812985,1.07093278376555,1.55781711417929,-1.50037462651412,-0.961418264157494,0.545118032599489,0.658280697297143,-0.207218232056982,-1.66731928315266,-0.074458505946355,-1.1350004934523,1.52228482476296,0.233644198542224,1.45167947919069,0.339257070962974,-1.65239359104767,1,1
-1.32459620768275,1.27647043965211,1.39073354016234,0.844922100011387,1.61942411384536,0.449107359886007,0.803806724810977,-0.380593752326262,-0.222263142137419,0.961106847953809,1.0391699790788,0.486325397703102,-0.15446387338995,0.224577612639483,1.08312318440236,1.05053970080685,1,1
0.398217046809787,-1.24519063357447,0.152328878923033,-0.914050444882741,0.781306418051234,-0.415903819282693,0.94933275232481,-1.5715871453155,0.57128471006416,1.62602139810169,-0.632973648120144,-0.204314220336806,-0.135576163885373,1.12559650995888,-0.0951158024131257,-0.670291314621073,1,1
-0.615650930391574,1.59325892071178,0.180370916337046,-0.914050444882741,-0.515802155965827,0.378742421655478,0.076176587241809,0.0359109578758534,-0.978346872879136,1.55020655021248,0.035565768026774,1.52228482476296,0.320926395906989,-0.30925746204329,-1.32120652003022,-1.31169052194534,1,1
-1.07684651400573,-0.578234365880709,0.563064512026894,-0.327726263251365,-1.39800024345362,1.06939746190588,-0.0693494402720245,-1.29642598748054,0.767272550755065,0.987339460360749,0.845564824692757,0.486325397703102,0.101383319612303,-1.41842110287917,1.18299936220711,-1.14917208340588,1,1
0.653589807984566,0.583111660949679,-0.363354875024185,0.844922100011387,0.0583886167062568,-1.64366495357814,1.24038480735248,1.18454621749856,-1.4466330403635,-0.457087109859093,-0.370710028437253,0.831645206723056,-1.26445557412786,1.70029644044092,-1.47413503073654,1.5962115650015,1,1
-1.57615743510865,0.894825258789709,0.540294972993375,0.844922100011387,-0.983700715641116,-0.181691456552077,1.09485877983864,0.16865109783412,-0.176589752006857,-1.53796461846195,-1.29953490972421,-1.58559345641662,-1.04067578680168,-1.14728807896634,-0.0872087216493738,0.945469666095168,1,1
1.12240845909647,1.10419031559826,-1.55219308244183,0.844922100011387,0.125818772289414,0.879239782814726,1.09485877983864,1.19272946401587,0.596805468969313,-1.42537569976168,0.620165050050015,1.52228482476296,-1.23246403688702,-0.852126580337537,-0.816996352768032,-0.896914285402884,1,1
1.11097385784984,1.57014612590135,-1.51996373471466,1.43124628164276,1.15272467051817,0.147417130484381,-0.651453550327359,1.57873973097146,-0.809469931843701,-1.76304582916142,1.10141269745238,0.486325397703102,0.680418615684237,-1.15597717918473,1.52234526566441,1.59735229862534,1,1
-0.36790123671455,-0.633615051581617,-0.119599019023681,0.844922100011387,0.398449734544224,0.510318070119226,1.67696288989398,1.53420651989696,-1.47198586873639,-1.7604392650154,-1.70970732715991,-0.54963402935676,0.109169720670868,-0.556652454346078,0.83369831344284,-1.23294958866108,1,1
0.863224164172817,1.26633114340221,0.201303393803993,0.844922100011387,0.460269855687468,0.045890225256738,-0.214875467785858,-1.38502221727038,1.56111497950665,1.48523124248409,0.211600019767043,-0.204314220336806,-0.233319433849798,-0.722312071542681,0.240811480349155,0.806925380441923,1,1
1.71319619017245,-1.26473773686594,1.37594881307474,-0.914050444882741,0.1416234285899,1.68309907147656,-0.796979577841192,1.53984844595514,1.41275749182458,1.45256740160302,-0.113934292173031,-1.24027364739667,1.04475962783271,0.349409755949697,0.591921749973086,0.542964217376538,1,1
-1.43513068640019,0.731904307138542,-1.34417084400105,-1.50037462651412,1.46843447584969,-1.54603578406391,-1.67013574292419,1.02348605454004,1.45584742602202,0.551427888174218,-0.847184305121094,1.52228482476296,-0.594251105743199,1.70824072787164,0.124122667429062,1.10925639217564,1,1
0.756501219204253,0.860532717716895,1.14959647719779,-1.50037462651412,1.48436386098511,-0.0424186924585876,-0.360401495299692,0.960827298406138,1.63488669875282,0.756767256888865,-1.19166212371468,-0.204314220336806,0.246203311940289,-1.53608608116885,-1.21013023345726,-0.402502649945648,1,1
-0.36790123671455,0.63677355282353,-0.978133841054194,-0.327726263251365,0.044381791631232,-1.41926525706606,0.367228642269476,-1.42070308870522,-1.0912865506263,0.0153722791760157,-1.09727077773896,1.17696501574301,-1.46618217299666,0.958924176569156,0.735153553300349,-0.333281607458673,1,1
1.68270392018144,-0.844664621097433,-0.338925120898579,-0.914050444882741,-0.666588207869941,-1.1837122516511,-1.23355766038269,-1.11107878763349,-1.18374534418788,-0.940999927578873,0.77923630558285,-1.58559345641662,0.85768744828469,-1.27665407048468,-0.0146402353922463,0.432369267304802,1,1
-1.44656528764683,1.31695357074378,-0.608038683903622,0.844922100011387,-0.138153784065956,-0.41453535490155,-1.67013574292419,1.64496487903261,-1.60809401886756,1.40869557827941,0.119486480678429,-0.894953838376714,0.686997846289845,-1.64838559551723,0.476048992224806,-0.34575888732286,0,0
-0.0934708067953845,-1.13529188137669,-0.317836699772471,-1.50037462651412,-1.07607420941069,-1.19833924886,-0.214875467785858,-0.993807038676356,1.33720175750139,-0.802599942239477,1.67454961062378,-0.54963402935676,1.05877448747263,0.478208562751809,-1.56488796307665,-1.57246532634135,1,1
0.985193244136891,-1.5365456033509,-1.18497375584316,0.258597918380011,0.469049970723145,1.5859845822899,-1.08803163286886,-1.14731588470418,0.859626248823192,0.801898481208474,-0.904378154138011,1.17696501574301,1.34352398894092,1.28499635762974,-1.22941392036463,0.793796757920599,1,1
1.26343520780493,0.775169809537049,0.0413513457761177,0.258597918380011,0.0009917397262705,1.52776769948658,0.94933275232481,-0.477750863242886,0.44922425963281,-0.914627249718626,1.58979893014456,-1.24027364739667,0.904942660686808,-1.11062601750449,0.320360545672604,0.488673052128978,1,1
0.424897783051928,-0.0675311378039735,1.07663916392046,0.258597918380011,-1.36208346657587,-0.576219673997122,0.94933275232481,1.43087127422742,1.46033349023813,1.25505767943924,0.045795687284838,0.486325397703102,1.20483309892532,-0.542443122765653,-0.129816221272597,-0.258077107662804,1,1
1.44257729400217,1.23356730817856,-0.174116964940725,0.844922100011387,-1.03797784964963,0.469910083098971,-1.23355766038269,-0.083414638834751,0.249395968852204,0.494766593170828,-1.24409243471947,1.17696501574301,-0.525367297236215,-1.13656927196007,-0.93549342789018,-0.673619330274408,1,1
0.733632016710989,-0.388184611248429,-0.0036501366623032,0.844922100011387,-0.0692945717506643,0.104725676208598,-1.52460971541036,1.45590665173152,-1.2800615194611,0.46509105590295,-1.23656920630705,1.52228482476296,-0.533404588010008,1.39907728408487,-0.88738166595809,-0.612099981717002,0,0
0.257190298101327,-1.13731123159523,1.24031723282733,-0.327726263251365,1.33213569407237,1.07573231663855,-0.796979577841192,-0.574784400451817,-1.11818952159562,-1.42888262332083,0.372418319321485,-0.54963402935676,1.55102534572919,-0.787338430796154,0.466864864152678,0.832711858618412,1,1
-0.0820362055487526,1.18949478555337,0.74464799516291,-0.327726263251365,0.228742593959864,0.427525426309251,0.076176587241809,-0.948227414487331,-1.27163653745994,-0.31019383402093,1.15126091400063,-0.204314220336806,1.44792031581983,-0.188095057437224,-1.51719847884461,0.791915892701709,1,1
0.341044040576628,0.188194372454527,-0.0042029687396974,-0.327726263251365,0.624290812723264,-1.73335457227826,1.09485877983864,-0.0175675653864115,-0.669003455289327,0.0560076348410665,0.858703259002096,1.52228482476296,0.178188764314944,1.35863694179166,-0.217018496580453,1.10046192910301,1,1
-1.10352725024787,-1.0644693773436,-0.812638153683853,1.43124628164276,-0.552300997946711,0.89515424902942,1.24038480735248,0.399048559854473,-0.422286395065544,-0.745832871530003,0.536883411130275,-0.54963402935676,-0.452861538166763,0.183634448661,0.0907815880040977,0.905422244282963,1,1
-1.14545412148552,0.785334932687986,1.36590794496472,0.258597918380011,0.245989807953473,0.83890507330524,-0.0693494402720245,-0.376787392752697,1.010997836505,1.2926580487624,-1.15294101643482,0.486325397703102,1.27944579962389,1.48961462285822,-0.653940841878507,0.890860005145225,1,1
1.24437753906055,0.0565739971970968,0.296464531806733,0.844922100011387,-0.180088386505326,0.0219325606822693,-1.52460971541036,-0.534285475407526,-1.06877167961541,1.1422569355016,-1.37580042321258,0.831645206723056,-0.602518323419282,1.46762015401486,1.12127107213672,-0.849128006603719,1,1
-0.836719887826458,0.381130427011237,-0.939579540901073,0.258597918380011,0.547323962801274,1.37661882137307,1.38591083486631,-0.977564391843683,0.765533986789366,-0.0526570684202658,-1.75356503201454,0.831645206723056,-1.19138321201656,-0.13005114372714,-1.52481142654057,-1.36531285042618,1,1
1.0004393791324,-0.11829524464481,-0.772959097223021,-0.327726263251365,-1.54320618493839,1.39566189600358,-0.505927522813525,-0.780304281959422,-0.0385647699062954,-0.586088293093032,-1.39867817679797,-0.894953838376714,0.493804290223717,0.285071014876234,1.27797862757644,0.903950415311592,1,1
0.428709316800805,1.16256473980362,1.08181607720956,0.844922100011387,-0.022340820057256,0.0708180813102869,0.51275466978331,0.598711197832364,1.70754832524871,1.01678220788623,0.923899860140033,-1.24027364739667,-1.57643056653387,-0.924975693682231,0.784225181752801,-1.37560671402264,1,1
-1.45799988889346,1.16553776681202,-1.55435633050896,-0.914050444882741,-0.700139721510086,0.360488565449542,-0.651453550327359,-0.451695720695691,0.941430300833299,-1.08322586183911,1.3743216679638,0.141005588683148,-0.409355970048439,1.68787947235941,-0.175458770902708,1.66144597470044,0,0
1.38159275402013,0.747045442961422,1.73812298998214,-1.50037462651412,-0.596421461456329,1.69911128171135,1.67696288989398,-1.45662887314792,1.60209107988294,-1.51866525798328,-0.914444490832585,-1.58559345641662,1.07710258406218,-0.759993150266043,1.4812888165607,1.29355202464014,1,1
-0.261178291745986,-1.35627418062091,-1.25493877669322,-1.50037462651412,1.5840364768564,-0.704693562126977,0.803806724810977,-1.25434311272112,-0.549855123693528,-1.60829128179545,1.02359948542292,1.17696501574301,-0.7003119069363,0.975641145703561,0.711386061518161,0.119189842646204,1,1
-1.49230369263335,1.19789315822376,1.05727890523229,-0.327726263251365,-1.089344882739,-0.615814662450077,-1.23355766038269,-0.443016412360086,-1.30300465808944,-1.63269748282252,-1.05948643210421,0.486325397703102,1.50598594647292,-0.640894050443956,1.50407786283597,-0.503962473009592,1,1
-0.726185409109016,0.61340581054109,-0.336522766812171,0.258597918380011,-0.647743287789074,-1.10451010336043,1.67696288989398,1.46948065527336,0.0118073529302277,-0.0690926294380602,-0.883266203414551,0.831645206723056,1.59099558141192,-0.640642457925811,-0.0842209538944958,0.0964381911762276,1,1
-0.4098281079522,0.703986893540974,0.0019161595290653,-0.914050444882741,0.0346579146275864,1.35232231996356,-0.214875467785858,-0.419977791375772,-1.2989202948468,-0.88032021372105,-0.971034277700319,0.486325397703102,1.10537931818361,-1.35958460134593,-0.152182058841714,0.809588179555421,0,0
1.48069263149094,-0.459275160504384,1.35105563272961,0.844922100011387,1.2477591864151,0.830775047927654,0.658280697297143,-1.52284110688147,-0.0343639076942744,0.630688442700467,-1.57364387685544,-0.204314220336806,1.70135795135702,0.20778465409376,0.117247000831566,0.885311030994882,1,1
-1.21787326271419,1.3386711773756,-0.273531893022764,0.258597918380011,-0.285583707466828,-1.37025112747139,-0.651453550327359,-0.285010590313451,-0.798535426874382,0.503977718614214,-1.07621798877171,-0.204314220336806,0.116681406251526,-0.875077608244561,-1.49481921661815,-1.4613805338572,1,1
1.05761238536556,0.802703705033332,0.159177613132997,-0.327726263251365,0.838410277349476,1.64827657372336,0.94933275232481,0.583815169460148,-0.0391873755983083,0.115437450826556,-0.448956140806837,0.486325397703102,0.249993976108035,-1.20653023767854,1.42595059139191,1.05211510714999,1,1
-1.05778884526134,-1.33123897105148,-1.53645472267737,0.258597918380011,1.2249050511417,0.784171324855993,-0.651453550327359,0.323255915689407,1.53575117633228,-0.541590762042988,-0.337378457259743,0.486325397703102,1.17596467748526,-0.93751229726565,0.591788752835118,0.490567206289957,1,1
1.22150833656728,-0.303280840661467,-1.69953258566882,-0.327726263251365,-0.651964842910699,1.19609495302232,-0.942505605355026,-0.767154656138291,-0.732963940700734,1.1866649465255,-0.672895014001638,-1.24027364739667,-0.0149781382384319,-0.853559390028039,0.418110850878147,-1.57511663577081,1,1
0.626909071742425,1.36339894999201,-0.857428727339854,1.43124628164276,-0.36775430023331,-1.56832956761681,1.53143686238014,0.650569034546439,1.68616672725909,0.697815090670651,0.0444527106911223,-1.24027364739667,-0.313563131087716,0.0159595207636217,1.48820437598559,-0.638103784221921,1,1
-0.916762096552881,-1.55896554070056,0.656166238919593,-1.50037462651412,-0.492089233773636,0.0055266905182915,-1.52460971541036,0.451517856197038,-0.938008261245126,-0.824012748138235,-0.433387002838771,0.486325397703102,0.407997264532023,-0.390153755917343,1.72092445108037,0.0407441498934368,0,0
1.34728895028023,1.62470443691653,-1.28649968463734,-1.50037462651412,1.14411408529822,0.672669039684589,0.367228642269476,-1.13650978319578,-1.0108881472386,-0.0246370288237074,1.63684117004986,-0.204314220336806,0.55681560303563,-1.45710040356909,-1.15541801261799,-1.0667996603659,1,1
-0.364089702965673,0.641785850679193,-1.31255943970583,0.258597918380011,-1.56460327762117,0.136399395992063,-1.67013574292419,-1.17124560432308,0.145377154896322,-1.22430369659668,1.06713200905875,-1.24027364739667,0.88020391340894,0.125753817001069,0.873379446034172,-1.18096400739865,0,0
0.0818597456529712,0.475374322028098,-0.280306799181222,-0.914050444882741,-0.657444967671704,0.56258829420609,-0.942505605355026,0.162485962772283,1.16624899718035,-0.625177638722579,1.49918870240436,-1.58559345641662,0.593377500775586,0.990902865595951,0.287707010407989,-1.66551887021645,0,0
1.32823128153585,-0.781130092300532,0.542430186901049,0.844922100011387,0.616985972299607,1.08361204560125,0.94933275232481,0.551327182241607,0.848432714095124,1.69611178886683,0.193688350487787,1.17696501574301,0.862257904490989,0.257068504599948,-0.124382966280701,1.41888979337567,1,1
-1.27123473519847,-0.856932896637205,0.765535845961243,-0.327726263251365,0.225488662399307,-0.444514059022309,-1.23355766038269,1.59905858533482,0.759255313832671,-0.989616396779471,0.616259306589457,0.831645206723056,0.615433475736365,1.63290326317095,1.66540802443006,-1.52173718672047,1,1
-0.70712774036463,1.55729094463362,-1.08787774163319,0.844922100011387,-0.218186788242946,1.18970928316032,0.076176587241809,-0.271375407131799,-0.754947406711337,0.658220458609567,-1.17192391619991,-1.24027364739667,-0.0578486151009235,-1.37578205208374,1.22421106442326,-0.456428525358471,1,1
0.809862691688535,-0.68462193937549,-1.43125448485234,-1.50037462651412,0.137906286622107,-1.17292653604916,0.367228642269476,0.916770480442502,-1.64826797095158,-0.938998073039701,0.876436907915612,-1.24027364739667,-1.25624552345772,1.10571430095934,0.692372048692187,-1.00726079567621,1,1
1.38159275402013,0.977288770651198,1.55857150678884,-0.914050444882741,-1.03819494063321,-0.800935700393035,-0.505927522813525,-1.32928324844081,-1.17010324530514,1.49117974669139,-0.929749627581945,-0.894953838376714,1.00003091592868,0.0214903328800099,-0.395722641680214,0.832727253670845,1,1
-0.0286747330644704,-0.354319565869717,-0.802319976233595,-0.914050444882741,-0.23733047886569,-1.58488490471681,-1.37908368789653,1.34861356435623,-0.525396628585471,-0.689928046226618,-1.24476851198256,-0.54963402935676,-1.61750659407944,0.0761467018415032,0.585981468393139,0.716371532468372,1,1
0.375347844316523,-1.23838591163206,1.2562210545739,0.844922100011387,0.0065247032888984,-0.47865802940121,-1.52460971541036,0.460119288394939,1.61146937352205,-0.562964889689038,-1.60813994476927,1.17696501574301,1.71820357218275,0.067570638281309,0.120543402698296,1.05681876548564,1,1
0.0132521381731798,-1.6860080043166,1.29145726577042,-1.50037462651412,1.37885540698379,-0.425315085787374,0.51275466978331,0.445996259921128,1.43320687078531,0.295481738148327,-0.104060808629099,0.141005588683148,1.14922850268511,-0.598448325668344,-0.857561266021416,0.405698288993417,1,1
1.50737336773308,0.171993269816805,0.975497402420675,0.844922100011387,-0.820914037488848,1.04018909337499,0.803806724810977,-1.23949254905547,-1.03652115100963,0.27551839733403,-0.752148129225862,-0.894953838376714,0.602776772812778,-0.601073526834526,-0.161161157273738,0.319226234326411,1,1
0.104728948146235,1.6747192097025,-1.12128046163448,0.258597918380011,1.2642536761546,0.516018632854394,0.803806724810977,-1.59578501801079,0.766417722100754,0.244137684842423,1.69402564654874,0.831645206723056,1.62839310136351,0.455069834112028,-0.986288234684712,-0.315147647199018,1,1
-0.619462464140452,-0.437846786309401,1.14665646125854,-0.914050444882741,0.496178353631392,-0.229576176449725,-0.942505605355026,0.696847419460093,0.262927998176977,0.223918309616243,-0.881299939006757,0.141005588683148,0.400077649682835,-1.56270183866559,0.0121966162913704,0.472903762628294,1,1
-0.558477924158415,-0.479439960082143,0.964132733643157,-0.914050444882741,-1.64706975178202,0.512515806544935,0.803806724810977,-1.32742759932629,-1.55442234168088,-0.682794145578924,1.27400169843207,0.831645206723056,-1.5285271383713,0.307079391217222,0.773745492307283,-1.31858612887056,1,1
-0.527985654167397,-0.525061758353,0.364897039726381,0.258597918380011,0.772337066309551,-1.55236891966936,-0.214875467785858,-1.29308761393164,-0.449043896529282,-0.258301251296418,-0.648527720528827,1.52228482476296,0.215942593174594,0.773835356600956,-1.59452790282603,0.638436057894112,1,1
-0.920573630301758,0.0894136239237941,-0.536490606880723,-1.50037462651412,-1.59481615860874,-1.11313155272838,-0.796979577841192,-1.08341804595799,-0.0562678398878925,0.294001055005127,0.863649606201303,-1.24027364739667,-0.762786209480026,-0.491876738585491,0.93013666197806,-1.35745734994252,1,1
0.642155206737934,-0.18875601810801,-0.795921433629984,-0.914050444882741,1.70929801621279,0.425810503407759,1.53143686238014,-1.39431533265901,0.567061450263191,0.564335023986832,0.551610569693516,0.831645206723056,-0.442737936477647,-0.96950960351498,-1.6522188150925,1.24766291525465,1,1
-0.0134285980689612,1.34088274055391,-1.28433125402645,1.43124628164276,1.28077094672487,0.475488422574762,1.53143686238014,0.433395263990316,-0.712800905862348,-0.887907609376181,0.208914017137885,-0.204314220336806,-0.130201401490435,-0.983154448146661,0.0705983583651395,0.0236988421039273,1,1
0.840354961679554,0.0370975255201392,0.0628404721862767,1.43124628164276,-0.695498292000415,0.932915877508172,0.221702614755643,-0.271118472297806,1.48142865995545,0.669239559057916,-0.297693707232128,1.52228482476296,0.96242397846952,-1.43527783042389,0.265297294644469,0.108517290145289,1,1
0.699328212971094,0.0448877929706846,0.325085963570079,1.43124628164276,-0.83267606725657,-0.345761950253516,0.803806724810977,-0.811169922557255,-0.173703117674475,1.43957553924552,0.590975453112517,-0.54963402935676,0.0201366129851004,-1.40819569129377,0.915806809935456,0.295866163476095,1,1
-1.50373829387998,-1.24145903714185,-0.459602873140867,-0.327726263251365,-0.406603776248068,0.755204427706193,-0.796979577841192,-0.206189160565506,-0.872068902819573,0.865304789115454,-0.331057560783953,-0.894953838376714,-0.0778442227252406,-1.14365744958534,0.915063212119757,0.953108181079126,0,0
-1.66763424508171,1.69895915719184,-0.0566332387994396,-0.327726263251365,-0.493426429655231,0.622305536015647,-0.360401495299692,1.19111362425192,-0.638884266349505,-1.47449972348111,0.161092947946691,1.17696501574301,-0.676879054817254,-1.65066127761812,-0.275231386439075,-0.0698444043160518,0,1
0.790805022944149,-0.852819838808484,-0.445100328475624,-1.50037462651412,-0.43787567062863,1.58497239056752,-0.651453550327359,1.478407027386,0.856612938810334,-0.137729393329889,0.306833191404627,1.52228482476296,0.14827277719869,-0.80151599873515,-1.49154251087458,-0.244755704581744,0,0
-0.188759150517317,-1.46784057707276,0.518704310320995,0.258597918380011,-0.623589107955675,-0.993032271930684,1.67696288989398,-0.0443326134957977,0.473343296686879,-0.255336577410257,-0.820067064783514,0.486325397703102,-0.862724682112762,-0.663465396012236,0.681113153454729,-0.72345041296325,1,1
0.756501219204253,0.586010786006369,1.42263507339264,0.844922100011387,0.416796851653146,0.166487288182225,0.221702614755643,0.230273814291853,0.823274655314838,-0.598340982552205,-0.567105866230042,0.486325397703102,-0.819011559857136,1.70398314892737,0.048801060496472,-1.27446941740041,1,1
0.249567230603572,0.349974837713322,-1.13834585865456,-1.50037462651412,-1.15266030040296,0.339045631582519,0.803806724810977,-0.841985295999162,-0.721604050749356,-0.0606478632627076,-1.69134968087341,0.141005588683148,0.902273692296028,1.69183857763667,-0.567620980437698,-1.06029908531895,1,1
0.786993489195272,-0.277623918487815,-0.382948321051215,0.844922100011387,1.1892032705158,1.70643538398201,-1.08803163286886,0.046158996232729,-0.60309689089504,-0.240159380256816,1.22373086040127,1.17696501574301,-0.536145025669166,-1.07367746996568,-0.907777391471543,-1.71279659853006,1,1
0.352478641823259,-0.253084981637122,-1.21841060659232,-1.50037462651412,1.07385200942509,-1.0410809699687,0.221702614755643,0.858509034677782,-0.363139667476505,-1.74561737880391,0.88761127672804,-0.894953838376714,-1.54598472064908,-0.984373727530622,-1.30659013346387,1.27406929865709,1,1
-0.810039151584317,1.01057562505159,0.46291557062936,-0.327726263251365,-0.080111277569453,0.0684282131231631,1.38591083486631,-0.028186985572062,-1.07791008997696,-0.945469720835345,-1.11302154308111,-1.58559345641662,-0.532225568717813,-0.0258927012838496,-0.69897912601502,0.914971643587467,1,1
-0.64995473413147,-1.04177517434764,0.823881716049896,1.43124628164276,1.21238658042684,-0.541505813987748,1.38591083486631,-0.686550027282975,0.647666245615678,-1.02456291105088,-0.489129003571141,0.486325397703102,0.490611668056609,-1.20519127850443,-0.13307030774369,-0.962879304178783,1,1
-0.386958905458936,1.13311881998833,1.52910319496366,0.258597918380011,-0.86794278986119,0.0776442622831391,1.38591083486631,0.283207094236071,-0.59450803043402,-0.554037422171682,-0.282859703877605,1.17696501574301,1.09902952237714,0.0158081294435971,-0.0668315060362467,-1.70639503166378,1,1
0.67645901047783,0.535867387072863,-0.739087116313333,-0.327726263251365,-1.65660383185542,-0.934467458682882,-0.360401495299692,1.54621840844396,-0.605200045370168,-1.16114366390149,-0.585830489752372,0.141005588683148,1.61219498444853,-0.343869282749692,0.297385856316824,-0.0229366833024748,1,1
-1.316973140185,-0.264306843332256,1.59265882483374,0.258597918380011,0.410182359762035,-1.57018456396293,0.367228642269476,1.34298413418649,-0.800513784998658,-1.53156734885094,1.03530220157109,1.52228482476296,0.863987379698954,-0.600840236586683,-0.46573096051246,-0.296370085858193,1,1
0.687893611724462,-0.128288733514415,-1.48795735106423,0.844922100011387,-0.143916738725587,0.238445825809518,-0.942505605355026,0.931676104883215,-0.170444819227662,-1.08419343930295,0.7808003247522,-1.24027364739667,-0.236800102817098,1.11070764136362,1.46545791553856,0.952950474408701,0,0
0.257190298101327,-0.82957726876235,0.386746972587632,-1.50037462651412,0.231400870727568,-0.577099368334947,-0.505927522813525,-0.776137678612387,0.925610539701156,1.19962146092739,0.92666820521283,0.831645206723056,-0.686774138541551,1.12965401357256,-0.0035690114447102,-0.329637638125727,1,1
1.61028477895277,0.895832319700248,-1.50924836179861,-0.914050444882741,1.37250119937727,-1.10737833392207,-0.360401495299692,-0.896162083198454,1.14414495314174,1.00114311280662,1.40536159605671,1.17696501574301,-1.27464440398865,1.67878405265968,-0.253510657505742,1.25581989480925,1,1
-0.768112280346666,0.0627068468929663,1.39663754037861,-0.914050444882741,1.61498160533924,-0.618163253989783,1.53143686238014,1.17170606951103,1.03733494766744,-0.231607154548723,0.325528925705052,1.52228482476296,0.452854577052335,-0.949811754492945,-1.55461133425279,-1.3851623831699,1,1
-0.3259743654769,-0.605982308113657,0.132486548483881,0.258597918380011,0.462553329050142,-1.56443838294189,0.658280697297143,-1.10483416805517,0.407776096830421,1.28168454352047,0.393269741422766,0.831645206723056,0.0442567711511504,1.33642115637295,0.353773852459508,-0.456955622814857,1,1
-0.489870316678624,0.352355906326357,0.617144889777839,1.43124628164276,0.90776883147315,1.54035157735351,-1.67013574292419,0.364875214645586,-0.762521463539061,-0.958978868590868,0.76861524915175,1.17696501574301,0.626330905250444,0.131999975043088,0.367125357033247,1.49585744959728,1,1
0.699328212971094,1.74421250121678,1.1805989254536,1.43124628164276,-1.42904331418229,0.268015135230964,0.221702614755643,-0.212491568273839,0.798125807702948,0.261964203765557,0.626369771045132,-1.58559345641662,-0.901771786137372,0.316267726572716,0.299293727039327,-1.67428992435088,1,1
-0.623273997889329,-0.207569989537316,-1.18561587960453,0.258597918380011,-1.16484880222034,1.07291301561209,-1.23355766038269,-0.11184281412378,-1.59041638415026,-1.27065674276934,1.28542892275736,-0.894953838376714,-0.601710043737673,1.36397089920983,1.35355271341207,-0.371252902691368,0,0
-1.14545412148552,1.482883356362,-1.57364690041713,-0.327726263251365,0.801788985498822,-0.276447527773646,-1.52460971541036,-0.158408182165456,1.01550826735468,1.12742942975979,0.937290698464686,-0.894953838376714,-0.711136500579103,1.52323156659354,0.921548704427505,-0.821868145681016,1,1
-1.39320381516254,-0.521839774577123,1.34490991034419,-0.914050444882741,-0.235101575767426,1.3779821142642,-1.37908368789653,1.38443411864351,0.953948728848105,-1.31352622458096,-1.33344776998215,1.17696501574301,1.04237625082591,0.781467274052658,1.28360086457816,0.113686739394565,0,1
-0.165889948024053,-1.53272223411385,-0.613836300138262,-0.327726263251365,-0.184947712721326,-0.0690392888904141,-0.796979577841192,-1.43121354921829,0.575396495185993,-1.65639474496439,1.49003664799498,-0.894953838376714,-1.13035623024103,-0.521035477372574,-1.51562031560145,-0.756336273005093,0,0
0.0246867394198117,-1.01207224931614,-1.25970679063366,0.844922100011387,-0.656803976624493,0.243199911199758,1.53143686238014,0.978989693402697,-1.38929091310745,-0.817350989000001,0.632893581032859,1.52228482476296,0.386210094988566,-0.0335859390180704,-0.619352311101722,1.27574131498806,1,1
1.1185969253476,-0.265263213574581,-0.0805913014041589,-0.914050444882741,0.369469471829333,-0.0398376037596855,0.221702614755643,1.15949750761965,1.69958557446866,1.3619826277724,-1.31007666741365,-1.58559345641662,-1.5461396131996,0.397360976067129,-0.617323832907811,1.50684851447768,1,1
1.3358543490336,-0.958468444552916,0.370395531339566,0.844922100011387,-1.08085904088989,0.792152706663997,-0.0693494402720245,1.53312875107329,0.872148963697455,-1.31743163191032,0.943495898281389,-0.894953838376714,0.181762113443618,1.13144927463192,0.554816107411691,1.2043305161969,1,1
-1.09971571649899,-1.72253221053799,-1.60011658515973,-1.50037462651412,0.436662405647539,0.218086144054539,0.94933275232481,-0.165140081019852,0.797959673452697,-0.618599679891497,-0.501835977501862,-1.24027364739667,-1.50257910747408,0.544785625654412,-0.167280336071003,-0.344514190814944,1,1
1.27486980905157,1.4630690362479,-0.752897788592804,-0.327726263251365,-1.11990462391986,-0.798479641383257,0.803806724810977,-0.0007254727154254,-1.50577458988231,-0.668109566854284,1.06233518793334,1.17696501574301,-1.11423897934064,-0.460527066072093,0.972031952104101,1.68833572915578,1,1
0.0399328744153209,1.21539407917168,-1.59376302441994,0.258597918380011,-1.49768764694508,-1.23279436094062,0.367228642269476,1.59692460515023,-0.356319085629993,1.01714341673942,1.58456283683201,-1.58559345641662,-1.33223743813747,-0.280317226151288,-0.389644603204786,0.812113003383184,1,1
0.382970911814278,0.861627936131595,-0.247745606082393,-0.914050444882741,-0.582087485421586,0.354067035587984,-1.67013574292419,-0.144872462761673,-1.42965251679471,-0.303051431656861,-0.862400752265869,-1.24027364739667,-0.521653404850229,-1.54320525134735,-0.953737566832896,-0.492187587115255,0,0
0.192394224370413,-1.13892703553318,1.40124255184424,-0.327726263251365,-0.922922869492727,-0.0488437293501395,-1.37908368789653,0.0113402480673677,-0.485683233339674,0.356980742433384,1.24208596493387,-1.58559345641662,-0.532037813589977,1.46011879065657,-0.713500144009195,-1.39253732998348,0,0
1.09953925660321,-1.30416997437166,1.70533605354275,0.258597918380011,1.33695412583209,-1.40355754288581,0.367228642269476,-0.582004759232613,0.233628827162838,-0.362588546578207,0.949044432845864,1.17696501574301,1.14215554564308,-1.41369588726264,-1.08932890157515,0.578394321733986,1,1
0.226698028110309,-1.48789676640703,0.504955337947571,-1.50037462651412,-1.52816709030438,-0.371196299647302,-1.23355766038269,-1.62334473441217,1.29272533430179,0.148213049795749,0.591254646954315,0.486325397703102,-0.941470989070762,0.276644187268852,-1.0358967270699,0.789875931084109,0,0
0.779370421697517,0.798028905255851,-1.14627384595223,-0.914050444882741,-1.11023498902311,0.0393442219352076,0.367228642269476,-0.23284331003373,-0.753900655847112,-1.55018562267382,-0.409194602460252,-1.58559345641662,-1.4246327605318,1.27927948933329,-0.97025838262353,-1.29365169520474,1,1
1.35110048402911,1.51114838056182,1.43857803851554,0.844922100011387,0.168038075190249,1.11468595704211,-0.360401495299692,0.536268762731399,0.415403965155369,-0.468009286153272,-1.37048095733631,1.52228482476296,0.369005301089137,-0.27005857809202,-1.6657276979767,0.175135109096181,1,1
0.119975083141744,-0.224029360534187,0.0853846538175442,-1.50037462651412,-0.0643641964807286,-1.47203200494699,-0.942505605355026,0.657001444931957,-1.16013126084609,1.20281341091146,-0.0632879380585914,0.141005588683148,0.660145755276625,1.03344574709516,0.75936786025852,1.67855321301807,1,1
0.813674225437413,-1.30842860334594,-1.1736723648938,1.43124628164276,-1.55943270428907,-0.533546989278135,0.076176587241809,-1.71035363931407,-0.509974650322518,0.633093356994135,-1.38514345511075,-0.204314220336806,-0.701673561805107,1.04613018462743,-0.337082665207376,-0.593137547807602,1,1
-1.27885780269622,0.0610286081957738,1.49372419641844,0.258597918380011,-1.69203155564113,1.10008776096346,-0.796979577841192,1.04186398275577,1.52751319006857,1.64293479222471,-0.0064953296868826,1.52228482476296,0.366585430971841,-1.51086912392576,-1.64294329085624,-0.676831852914743,0,0
1.14146612784086,-0.508554222892703,0.923212314559757,-0.914050444882741,1.6773049923908,0.499802420933201,1.38591083486631,-0.0272228086959143,0.842035948644191,0.969469194331635,1.11236513271498,-0.204314220336806,0.96747346711752,-0.300034153794602,-0.439612518450438,1.39053527439958,1,1
0.489693856782842,-0.418036409967794,0.833727628343577,-0.914050444882741,0.546309837863947,-0.735225672378477,-1.67013574292419,0.0709084679627017,0.148870680459146,-0.198913140345279,1.73215775518508,-0.54963402935676,-0.518782941886599,0.658472816360986,1.4151202738567,-1.31098756313236,1,1
-0.337408966723532,0.440392487039047,0.755493606037244,-1.50037462651412,-0.461687679764602,1.17822413025521,1.38591083486631,1.59848047268523,-0.861191829523598,0.581736376096847,-1.0624222901394,-0.894953838376714,0.0979159856929907,-0.264943481461467,0.0496959624651557,1.49443638260569,1,1
-0.413639641701078,0.779533670881231,-1.01185071443767,-0.914050444882741,-0.100897777207562,-0.034671002850732,-0.214875467785858,-0.747555257015892,-0.421570720002795,0.92777172959927,-1.02800041586162,0.831645206723056,-1.21566884958975,0.157163093613894,1.69707110053393,0.964914657261061,0,0
1.22150833656728,-1.33815801840743,-0.974801739340022,0.258597918380011,-0.801281787174844,-0.0172435127248175,0.221702614755643,0.905383788379146,-1.18746355201782,-0.830411795891576,1.07947886489798,0.486325397703102,-1.64224501087443,0.326573375545151,0.149178193667149,-0.37107763945896,1,1
1.18720453282739,-1.59938379477286,0.682944861029469,-1.50037462651412,-0.532221217297709,1.6304297840654,-0.942505605355026,0.258065790820773,-0.511680349875098,-1.55860034649394,-0.115145116156259,-0.204314220336806,1.67959204348982,-1.19678775027227,1.61408696083741,-1.42741196516441,1,1
-0.0019939968223293,1.73932270600271,-0.944528471528746,0.844922100011387,0.512678038920148,1.52889337628504,-1.08803163286886,0.694593544483681,-1.20827723745768,-0.357503029053558,1.44616230927853,1.17696501574301,-0.684652915407121,-0.30059272797953,-1.02235750754319,-1.64869764328596,1,1
1.49975030023533,-0.912872053179219,-0.184058567146254,-1.50037462651412,1.31572489420908,-0.498965175806428,0.94933275232481,-0.285623028117695,1.00573635881621,-1.26458478234613,0.933090006959863,0.486325397703102,-0.756897197896628,-1.61873078056901,-0.717020915992114,-0.422672557887236,1,1
1.46925803024431,-1.53586398342819,1.0084213883739,-1.50037462651412,-1.08441459087031,-1.24988452654744,0.94933275232481,-0.765753245254966,-1.44824558220693,-0.804164040971008,0.819268276882472,1.52228482476296,1.65141812703186,-1.20229821472177,0.703528031484292,0.710077127459196,1,1
-1.02729657527032,-1.06210296575517,1.01519667989427,0.844922100011387,1.16989795400467,-0.612198835557961,0.076176587241809,0.158824176240487,-1.07511977410431,1.5214337017649,-1.39811953500786,-1.24027364739667,0.801600178757218,0.0440416154097352,1.69731224620567,-0.038705039325724,1,1
0.962324041643627,-1.58765644527332,-0.133383221786251,1.43124628164276,-1.29936920656323,-1.62919982651193,-0.796979577841192,-0.434142058373627,0.648085866726888,1.17494794285902,-1.62905233451811,0.486325397703102,0.305830737208549,0.254837353967587,1.1377188594458,0.824541727306497,1,1
-0.162078414275176,-0.358884642959835,1.04380750551958,0.258597918380011,-0.978395529545243,-1.66267238008639,-0.651453550327359,-0.96075793911968,1.3739280522158,0.290633515019972,-0.647395214501944,0.486325397703102,0.701325966079476,-1.21395528994245,0.196800058127308,0.590509734143077,1,1
0.825108826684044,1.0709528210793,1.20507811717695,1.43124628164276,-1.58923935414926,-0.371524740253688,0.221702614755643,1.17412718789492,1.58711273570426,-0.373446472332709,-0.995007975924796,-0.54963402935676,0.738102858234725,0.880479417027466,-1.42647968245586,0.254786021816284,1,1
-0.966312035288286,-0.534976707039769,0.566530244220293,1.43124628164276,-1.2332228641243,1.50788837180925,0.94933275232481,-0.0846681136006127,1.14556748471138,-0.849004299437644,0.734976559389561,0.831645206723056,0.923352011977091,-0.434611414717414,-0.459111977902351,1.61121537835921,1,1
0.0628020769085847,-0.176503148457721,-0.914300204179952,1.43124628164276,1.43421094283558,1.26787895593574,0.94933275232481,1.20211405189095,-0.999337184865053,0.217679286054818,-0.179187810345169,-0.54963402935676,-1.4912189476123,1.44768408480371,-1.42206913212964,0.789246825476545,1,1
-0.527985654167397,0.629333540053483,-0.755967739513369,-0.327726263251365,-0.138663090189064,0.0278589502122245,1.53143686238014,-0.0909031687887077,-0.744375404753957,0.0846666961489832,0.0738831025243193,0.486325397703102,-0.292365815472424,-0.384174512707264,-0.64306675128719,1.42941837559214,1,1
-0.714750807862384,0.0488445951111096,-0.614156091689066,1.43124628164276,-1.45014452135441,0.213160384906717,-0.0693494402720245,0.195789984131628,1.26483927077583,0.944675730253351,1.08946765644376,-0.54963402935676,-0.700609772604007,-1.20166274305794,-0.824913448912904,-0.882172039462653,1,1
-0.116340009288648,1.27656669264359,-1.30199321986141,-0.327726263251365,1.57994650254348,-1.71378157394948,1.53143686238014,1.71464757946454,1.32865092417019,1.45605167563232,-0.0821326473856362,0.831645206723056,-1.47949407208295,0.888560370501522,-0.375354660681646,0.738560812177406,1,1
-0.165889948024053,1.29255082290355,-0.758927525597626,0.844922100011387,1.30260402611053,-0.991754302083316,-0.505927522813525,1.56301200004673,0.474606431318044,-0.624618435353191,0.150000615498881,-0.894953838376714,-0.293171969856167,0.234953830183297,1.17922018916945,0.340366146161732,1,1
-1.16832332397878,-1.68880994270273,-0.979968122666958,0.258597918380011,0.875570091295234,-1.64886960769316,0.221702614755643,-0.791793660681496,-0.648455658215306,-1.05055912617183,1.18934604498438,-1.24027364739667,0.412922139771716,-0.387524024757841,-1.20051385457126,1.46270296105695,1,1
-0.4098281079522,0.986137556747766,-0.12620404124982,1.43124628164276,1.48975755694494,0.865404433051825,-0.942505605355026,1.27603234751132,-0.956116733471271,-0.368087805664678,-0.246980495596094,1.52228482476296,-1.10514778304989,-0.493145425781262,-0.661142245299352,0.0400966836727597,1,1
-0.50892798542301,-0.118868926428325,1.44756742257017,-0.914050444882741,-0.96074802479648,-1.23242824522147,0.367228642269476,-0.380582141656156,1.2014086820179,-0.247426724945503,-1.46391696451332,0.141005588683148,-0.666284213478761,-1.19837014006292,-0.816858092717665,-0.753329864820321,1,1
-1.32840774143163,1.72020521779964,-1.34479713506517,0.844922100011387,1.15618374692687,1.25991944828472,0.076176587241809,-1.48610074621279,-1.02068755174575,-1.62857482308322,0.068846455627554,0.486325397703102,0.492687949117163,-0.545121059040224,-0.695517615779652,-0.391707918943305,1,1
-0.783358415342176,-0.04052046780101,0.794002570693047,-0.327726263251365,0.653339874780676,0.482232613848979,-0.796979577841192,0.261546205906975,0.547246239726726,1.22570350051391,0.270346836799613,0.486325397703102,0.285112705107514,-1.6157030914104,-0.472123208040686,-0.962372689722189,1,1
0.15427888688164,1.71343337711576,0.679436874062861,0.258597918380011,1.2708862565906,-0.94380401465408,-0.214875467785858,1.65150637431904,1.5986579819966,1.69073598324342,0.0342181254496143,0.141005588683148,1.28910181618232,0.010180118898173,-0.875079976327469,-0.958442903317183,1,1
-1.66763424508171,0.904381685563016,-1.37510534293842,-1.50037462651412,1.02063698946415,-1.19082767796004,-0.360401495299692,1.64202163180852,0.696594392392366,1.43934090616182,-0.852589043916231,0.831645206723056,1.02010558076402,1.36545060727739,1.54404355056595,-0.0975133640575943,1,1
-0.802416084086562,-0.857583769630177,1.49666166823394,0.258597918380011,-0.526651733392686,0.428142452158199,-1.67013574292419,-1.29483608890903,-0.840676907266326,1.22212082282097,-0.972669956021141,0.141005588683148,1.62493946762456,1.01696655888563,-0.266063509077043,1.3536389130969,0,0
0.424897783051928,0.151578255954956,0.266774284010339,0.258597918380011,0.94329933583536,1.36944569314897,-0.796979577841192,0.938584107660879,-0.755383701530537,1.68034436906317,-0.462191019324146,0.141005588683148,0.347089775052402,-1.61853152070902,-1.32614680301484,-1.05505062784057,1,1
-1.55328823261539,1.73168003357085,-0.444367245970818,1.43124628164276,-0.815345032122017,0.740755184494075,0.803806724810977,1.04803064972327,-1.40656782874708,1.38585438052703,-1.17348833625141,-0.894953838376714,0.69835684743353,1.31230338269034,-0.101304769672517,-0.725043527116169,1,1
0.870847231670572,1.26293286460981,0.919980545992507,1.43124628164276,-0.588152489579072,-0.533370232886791,1.53143686238014,-0.455605607331562,0.631157309842156,0.623716207935326,0.57321698526019,-1.24027364739667,1.26038555870169,-0.161933091511065,-1.08253103159263,1.21757825287795,1,1
0.550678396764879,-1.3842533831493,-0.813784993620542,-0.327726263251365,-1.34626336459451,0.289499038097976,-1.37908368789653,0.548405802525292,0.0548732246145406,-1.18788679676904,0.393761019504794,0.486325397703102,1.18923379835239,-1.06047052276904,-0.972712162506675,-0.548400670311824,0,0
-0.0782246717998753,0.736539682763557,0.701064376221238,-0.327726263251365,1.49526707718995,-0.663551430614449,-0.505927522813525,-0.0419656174094769,-1.01650901827905,-1.2240296192175,0.455692150888933,0.141005588683148,0.768608404035463,0.869455986274594,-0.733973864349903,1.59373310341794,1,1
1.34728895028023,-0.519880073919846,-1.56975806321933,1.43124628164276,-0.717279032319991,1.70816383757577,-1.08803163286886,-0.943501094027358,-0.94371323655134,-1.59763145708463,-0.968799678859598,-1.58559345641662,0.0108653477265573,-0.606852660683662,-1.28926216530301,-0.790184190955886,1,1
-1.11115031774562,-1.69900788959184,1.20780894982009,1.43124628164276,0.0715176585187078,0.845764933266623,1.53143686238014,0.904040809373274,-1.69460449426448,-0.336721437307321,-0.892851404096275,-1.24027364739667,-0.776650756982772,-0.845911227473638,0.776797180718758,-0.19472096787301,1,1
-0.89008136031074,-0.318244896651688,-0.151065406104275,-0.914050444882741,-0.372623227391146,0.38251589237944,1.67696288989398,-0.82275105654669,1.63460170499099,1.04207258841761,0.997374241718433,-1.24027364739667,1.31834211388139,-1.16211210281449,1.02217603243826,-1.38594714102139,1,1
0.840354961679554,-0.905816478202996,0.503723578666314,-0.914050444882741,1.58063795636345,-0.275961926647263,0.076176587241809,-0.553623559253642,1.1180767249972,-0.0642049873028075,0.657401112175493,-1.58559345641662,0.969550650607725,-0.0440552201752811,-0.355504630184856,1.69604281856786,1,1
0.0475559419130755,1.12829902408376,-0.93926621781859,0.844922100011387,-0.565971118633982,0.395506983216413,0.51275466978331,-1.07469506209111,-0.371894303809472,-0.494778951626862,1.30418515876224,-0.894953838376714,1.18200030736205,-1.3955659420057,0.665496728652634,1.34529669969521,1,1
-1.20262712771868,-0.548606226112787,0.643977196170951,1.43124628164276,0.957546252532356,-0.55724831783609,0.51275466978331,0.758581534744314,1.52357188748188,-1.38766178572752,-0.344242322416416,-0.204314220336806,-1.2359384943879,0.983567273042995,-0.373972365429868,1.09580003563185,1,1
-1.45799988889346,1.1584370986515,0.974516841767834,-1.50037462651412,1.22161428516038,-1.63477580134778,-0.0693494402720245,-0.14392684401935,0.599844778272616,-1.58730400022793,0.1583935226931,-0.54963402935676,-0.632341199130988,-0.0988656428148437,-1.15304855740792,-1.17373847775243,1,1
1.51880796897971,-1.72124059007077,-0.0640864729380737,-0.914050444882741,-0.220532582360358,-0.373018678101058,0.803806724810977,-0.197100403567202,0.855160591527923,-0.380662040586725,0.827480954652564,-1.24027364739667,-0.250558078108706,-0.180315398854066,-0.345516122639928,1.61760570517052,1,1
-1.6866919138261,-0.651376624783403,0.437849478585453,-0.327726263251365,-0.417834494798949,1.47157815246459,-0.214875467785858,0.361243526254143,0.609582983896786,-1.41999795525463,1.65008775693395,0.831645206723056,1.18354385166576,-1.71018590506126,0.208170811923565,1.47939291546262,0,1
0.291494101841223,-0.88349160048162,-0.122740581669953,0.258597918380011,0.851740863185428,0.423582207790898,0.658280697297143,-1.18815480402384,0.873658823931204,-1.40741566264698,1.70417691079164,1.17696501574301,1.37269638744675,1.0944119211003,-1.57946413861488,-0.216968721701115,1,1
-1.43513068640019,-0.909950285943437,1.39773919894105,0.844922100011387,1.41907127341936,-1.44497024579445,-0.796979577841192,1.37821207223339,-1.13853970939973,-0.393966479013961,1.73753030216236,0.831645206723056,-0.736118699257022,-0.022693957163846,0.54594479082812,0.628550284566221,1,1
-0.192570684266194,-1.48587046732233,0.0215505735124005,-0.914050444882741,0.876426194992147,1.31486025272077,0.367228642269476,-0.121810210973542,0.205853618260976,-0.0206263221181428,1.35781924928411,0.486325397703102,0.656602590467119,-0.204655634049047,0.851244986223746,1.69701438155224,1,1
-0.16970148177293,-1.07168322404042,1.2161471418619,0.258597918380011,-0.93671184127768,-0.807864943961067,-0.942505605355026,-0.463288269378658,1.1914271100749,-1.11868113404417,0.48104795475066,1.52228482476296,-1.4543664317274,0.900295636685456,1.25784138590974,-0.306091407875867,1,1
0.85941263042394,0.211317224659616,1.07563006791044,0.258597918380011,1.33460479580202,-0.894360885022154,-0.942505605355026,-1.29405591321155,-1.65848228025578,0.610754855345294,-1.73006945102611,-1.24027364739667,-0.303666637083467,-1.50037775082698,-1.36544309695627,-1.3260108790674,1,1
0.489693856782842,-0.708690062398864,-0.281889871691655,-0.914050444882741,-0.38550939275941,-0.710651433872068,0.803806724810977,-1.15112314133023,-1.30165579619433,-0.312892087996282,0.690364447811422,0.141005588683148,-0.0362612470143594,-0.456289839653282,-1.72116285435335,1.26842273445181,1,1
1.56073484021736,-0.269791577253652,-0.908539292888402,-1.50037462651412,0.262540857949865,0.254421016051601,0.94933275232481,1.4551327996086,-0.881993432805861,-1.44779256502823,-0.92056376238686,-0.54963402935676,0.931318884481647,0.262219816899113,-1.46765904776209,-0.0766696681952316,1,1
-1.21787326271419,-0.41092552354291,-0.297251086125312,-1.50037462651412,1.13923539432064,0.142399448185861,1.09485877983864,-0.151225342059073,-0.713413653700897,0.445430242110392,-1.55464157765188,-0.204314220336806,1.36952468459093,-0.133568730581553,1.48007422556791,1.67814576367273,1,1
0.0628020769085847,1.32691939677058,1.16199415374453,0.844922100011387,-1.06976417119532,-0.0411476013908577,0.94933275232481,0.768670529953311,-1.09813521760005,-0.527345744901109,0.682118942509464,1.17696501574301,-0.55440320562728,-1.09227130498654,0.930746446718165,0.179110665264705,1,1
-0.928196697799513,1.42928101579749,-0.917055610514029,-1.50037462651412,0.978035102593477,0.737918463135956,-1.52460971541036,-1.45399869960629,0.418548895014662,-1.58533070042148,0.887708373542408,1.17696501574301,0.106188484738579,-0.687954879884437,1.17284232369746,-1.61328035134412,1,1
1.29011594404707,-0.0066545914140691,0.113825644909722,0.844922100011387,0.331016820521948,-0.643651148737051,-1.37908368789653,0.495994860837477,-0.715843861915929,1.52537942692855,0.550184009687058,-0.54963402935676,0.52139794977681,-0.684778952095498,0.0696840685483788,-0.0242750633431456,1,1
1.21388526906953,-0.57359118270122,1.09210968002899,-0.327726263251365,1.35189743045724,0.960236778431607,0.221702614755643,1.459147033063,-1.18263315563583,0.21677168852267,-0.47822042901911,0.831645206723056,-0.584218286413467,1.69281146262976,0.103310339547762,0.753763385828805,1,1
-0.699504672866875,-1.35140118013531,-0.479961528039791,-0.914050444882741,-1.12618580641867,-1.13018538738651,1.38591083486631,-0.693856940775895,1.38529381027227,-0.107881121571223,0.0314478317355147,-0.204314220336806,1.69405643323109,-0.595429670215084,-0.68732784202502,-1.62513156411628,1,1
0.333420973078873,1.59679747079902,0.522884673549549,0.258597918380011,-0.2718009966931,0.962153296994188,-1.23355766038269,0.273183113081319,0.661369112139184,1.2168153805279,1.51306421509399,1.17696501574301,1.31334273524446,-1.01135423453723,1.19819314673499,-0.293360459106236,0,0
1.30917361279146,-1.51358915666875,-0.854540000879608,0.844922100011387,1.14407040364326,0.552812684585757,1.38591083486631,1.52392156914192,-0.880554671934119,1.48633787517644,0.795444629048768,-1.24027364739667,-0.696196093112104,1.1108175634036,1.153212499526,-1.17986512036873,1,1
-0.74905461160228,-0.686788600955418,-1.32812844159352,-1.50037462651412,-1.65087987115972,0.619645671072583,0.658280697297143,0.75875905943081,-0.485969564103221,-1.00184985043106,0.0093608004220788,-0.54963402935676,0.0375380364834089,-0.269006847807743,-0.362827020368326,0.496066390178034,1,1
1.4197080915089,-0.685340192910702,1.05142886708164,0.844922100011387,-1.33150677806437,-0.0751196706174792,-0.942505605355026,-1.51700989927227,0.818492515521633,1.04665854476104,0.319580338027391,-0.894953838376714,-0.923597348490035,-0.191013717887282,-0.580756068312696,1.57631313586988,1,1
-0.611839396642697,-0.607560724238603,-1.36394076180814,1.43124628164276,1.68588371656701,0.563808167624947,0.94933275232481,-0.420993108900443,0.99063581984273,1.11936920663846,1.48767756856661,0.486325397703102,0.0602832480007999,0.169954844175674,0.836574065277665,0.432430751710856,1,1
-1.08828111525236,-1.15121204387736,-0.765103791055662,0.844922100011387,-0.753724126852716,-1.45929814079818,-0.505927522813525,-1.43579106879316,-1.11966047092048,-1.57810209246856,-0.378223373341441,-1.24027364739667,0.645861322734637,0.330805285831816,-1.63082876129863,0.674065772716736,1,1
-1.35127694392489,1.00395041314407,1.26234417579267,-1.50037462651412,1.6342794780199,1.19964021110765,-1.23355766038269,1.25061501079661,1.49089862608726,0.705599547155274,-1.3985039439668,-0.894953838376714,-1.42763524699651,0.313161290943436,1.25776738795076,-0.351406288822312,1,1
1.26724674155381,-1.29673755975055,-0.504302892438042,1.43124628164276,-1.08990572584762,-1.54284646333862,-0.796979577841192,0.420475560927229,0.971272695820427,-1.54835475508589,-0.615719968871034,1.17696501574301,1.29372093584691,-1.59798353627882,-0.175480907452014,0.221213807058558,1,1
1.46163496274655,0.487669530765733,1.67196808527783,1.43124628164276,-0.476499361879273,-1.22176252594153,-1.23355766038269,1.57990726268816,1.21697209243007,0.298307006013986,-0.303371880550662,0.831645206723056,0.335132391436474,1.09777524125619,-0.192469704942442,0.154926982903468,1,1
-1.29410393769173,-1.2920427248177,1.69520077060332,-1.50037462651412,0.869341739099882,0.252999727100664,-0.214875467785858,-1.66446505565812,-1.23154134625573,0.557273023993602,-0.800465708919709,-1.24027364739667,1.70815471460577,-1.04685548720447,0.596503168828169,0.89657370537307,1,1
-0.432697310445464,-1.47769027195851,-0.775889611131984,1.43124628164276,0.542681217632856,0.813283393074637,1.38591083486631,-0.267368583993467,-1.23322984300282,-0.492219342961264,0.0942441703525301,0.141005588683148,-1.63549983574053,-0.711788103834482,0.515682668816323,1.23106554551308,1,1
1.4197080915089,1.44366504251714,-1.56535737280582,-0.914050444882741,0.279349445877205,-1.47151345522692,1.53143686238014,-1.3713926026984,-0.67686517850569,1.29200818050246,-0.689001137728145,-0.894953838376714,1.15977220132462,-1.12048662534963,-0.800031851059631,0.564092490867016,1,1
-0.806227617835439,-1.0612203985943,0.741192675484864,0.258597918380011,0.10338538464939,1.43810342194325,-1.52460971541036,-0.518845810038479,-1.50358155002252,1.01320296047768,-1.39383528715106,0.141005588683148,1.02264478100382,0.919858061122538,1.54645942709687,1.6535306604803,0,0
-0.261178291745986,1.13659019001343,-0.141285859786275,-0.914050444882741,1.18047484550617,1.62016380247427,-0.360401495299692,-1.17213991352914,-1.41284386077613,1.44889545546031,-1.09716173051758,-0.204314220336806,-1.26346715026708,0.289454451469338,1.69560898949966,1.13267167699128,1,1
-0.0515439355577342,0.173294061071303,-1.35774367316161,-0.914050444882741,-0.909840717527038,0.353466806460635,-0.942505605355026,-0.593991770293212,-1.23377932187285,-0.673407652263289,1.454380390745,1.52228482476296,-0.561262474901549,0.879368873487864,0.100778306841187,-1.28613165572382,0,0
1.71319619017245,-1.45219610821745,0.749735316139888,-1.50037462651412,-0.196951620488149,-0.0761875185739332,-0.651453550327359,1.10493884768959,0.72110969339234,-1.69227998025444,0.445906634756489,-0.54963402935676,1.34463475252054,0.529149839022908,0.223391559024944,0.0298609686573806,1,1
0.127598150639499,1.60392004432826,-1.59940697531489,-1.50037462651412,-1.18292947521443,0.820117239702918,0.367228642269476,-1.17625327829737,-1.6217773371231,1.05123179214839,-0.655971935125832,0.486325397703102,0.073985050045481,-1.3585682641416,0.198922683960287,1.39030809566041,1,1
-1.6180843063463,-0.863307834858093,1.31474640838135,0.258597918380011,0.330256937976362,-0.602928793309337,0.076176587241809,-0.0921738136034093,-1.43970893756286,-0.992627096327523,-0.47211099207554,1.52228482476296,-0.332426528541624,-0.680313584050578,-0.0384983593662981,1.53021222139596,1,1
0.77555888794864,1.27029720493721,-1.22610764393951,0.844922100011387,-0.856265192676864,-0.0347714216717798,1.38591083486631,1.45936852049326,1.51702500470329,-0.144572008488317,-0.0301346479741387,0.486325397703102,1.41643309038538,0.026894925585774,1.55307116386109,-0.40763416353909,1,1
-1.26742320144959,-1.13546062957192,-1.26549684142222,-0.914050444882741,-0.570117819323765,1.42220745651896,-1.52460971541036,1.72676791011803,-1.43829434261974,1.07158378210611,0.598052584503737,-0.54963402935676,-1.40049982807397,-0.668472359739541,-0.873553194202456,0.780032909828115,0,0
0.123786616890622,1.25043900608791,-1.09752780600517,1.43124628164276,-0.0980861400116642,1.55831267975438,1.09485877983864,-0.864704334232769,0.120216846660258,-1.01639060909811,0.280196025609178,-0.894953838376714,-0.0832464083220048,-1.00406153741332,-1.34747083334142,-0.303340459870965,1,1
-0.219251420508335,-1.67725496497116,1.6275831351446,0.258597918380011,-1.62498200237316,1.45982374817361,-1.67013574292419,1.50781122256026,0.481200404839632,-0.683760119959454,1.50520255514184,-0.54963402935676,0.538483252438922,1.27295577481177,1.49888788249294,-1.28952460948632,0,0
0.333420973078873,0.0588961175754599,0.699881806687433,-0.914050444882741,-1.40111652338665,-0.830007254311959,0.367228642269476,-0.827475903217822,1.56651339099176,-0.242082733789537,0.432462660239521,-1.24027364739667,0.386450536949228,0.853548747935916,-0.983425395550406,1.32628450456333,1,1
-1.41226148390693,0.956176026700002,1.07569771755945,0.844922100011387,0.639386014134127,-0.93329454105087,-0.796979577841192,-0.300479511294991,1.36460734311914,-0.822975244729325,1.42864399712007,-0.54963402935676,-0.80762579104729,-0.530048477141203,0.873928107093563,1.48902437035621,1,1
0.497316924280597,1.53199938639189,-0.326590350081054,1.43124628164276,-0.24333060927246,-0.708675415889121,1.67696288989398,1.30813651068239,-0.212154690515549,-0.164836173313514,-1.73545427730383,-0.54963402935676,0.229576254671758,0.912763150899613,-1.0151771453564,0.0204941016849373,1,1
-1.05397731151246,1.44287326036078,-0.539579416963723,-0.914050444882741,1.25381645502824,-0.213767146998634,0.803806724810977,0.990332756889433,1.51008949406698,-1.73371798374123,1.35793454019168,-0.204314220336806,0.733369067921003,0.44027064525285,1.60503439662547,-1.65167837875802,1,1
-1.66763424508171,1.13093031431351,-0.893258567653543,-0.327726263251365,0.669419570556165,-0.651817650374293,-0.360401495299692,1.23734815702294,-0.241060941134167,-1.03009961925374,0.766953340136027,-1.58559345641662,0.304400056312432,-1.7035464537843,1.01931888095388,1.09055432683687,1,1
1.3358543490336,1.36970551481395,-0.0382632240242772,0.258597918380011,-1.68911670779079,-0.444942199142075,0.367228642269476,1.03910639145276,0.575113515598565,1.12448657492987,-1.15264258603543,-1.24027364739667,0.649780293294564,-0.409610453429119,1.46137090761966,-0.0750359801600863,1,1
-1.22549633021194,-1.02956227457897,0.208966940411523,-1.50037462651412,0.401609394878451,0.404067433969946,-1.08803163286886,-0.918672214054169,-0.834022039543689,-0.330987044883014,-0.835155007822569,0.831645206723056,-0.836059404359325,-0.718162398173484,1.57315726634131,-1.45669735704779,1,0
0.604039869249161,-0.733682396763568,0.486641766602748,-0.914050444882741,-1.39497798974796,0.892919241767748,1.67696288989398,0.202708829856735,0.460839503439933,0.443247900929488,0.142604401628503,0.831645206723056,1.16445672799408,-0.967613490708817,-1.42900260302918,-1.06356839545095,1,1
-1.36271154517152,-0.717021846494629,-0.81464273417617,1.43124628164276,0.965747401155641,0.800007695918306,-0.214875467785858,-0.398430780970648,0.122712131022407,-0.960290622473891,-1.31779248068866,0.831645206723056,-0.16452416089381,-0.851853840592858,-0.220030800245919,-1.19169324942551,1,1
0.77555888794864,-0.41027414028012,1.58725050161873,1.43124628164276,1.68912134604571,1.07172398714081,-0.651453550327359,-0.140508275173114,0.358450643570285,0.490040513561356,0.99030770219062,-0.204314220336806,1.69990301096011,1.52231750631646,0.523827522497618,0.644506830038312,1,1
0.356290175572137,-0.35362701545553,-1.11806805891371,0.258597918380011,0.107849885704223,-1.62333884788867,1.24038480735248,-1.19961040827379,0.618840868920743,1.70595343741837,1.01059735808755,0.831645206723056,-1.64349879854337,-0.0451029409647217,1.05858617338924,-0.68537598507482,1,1
1.51118490148196,0.173030978887364,1.64629302947822,0.258597918380011,0.628565968678779,-1.56976626356816,-0.651453550327359,-0.639113165121568,-1.12989769814949,0.300440849581679,-0.702662086005224,1.17696501574301,-0.405147090281257,1.19698766587927,-0.884919048417519,-1.27566854967608,1,1
0.314363304334486,-1.16655921331678,-1.65608660897451,1.43124628164276,-0.901714320775806,0.985451129979885,-0.942505605355026,1.23790087069034,-0.690966619957697,0.415299215564229,-1.51043229921962,-0.54963402935676,-1.09828930601245,-0.980300943930756,1.44712051966735,1.43985263598866,0,0
0.794616556693026,0.683867379628608,-0.0366041673125052,1.43124628164276,-0.213692173794451,0.102401815039963,0.367228642269476,1.37614939279825,0.80288638879687,-1.37972938112359,1.70143571732112,-0.54963402935676,0.20285724118569,-1.11713805996299,-0.955924498035983,1.57351225532185,1,1
1.44257729400217,-1.13979086436885,-0.549807827675157,1.43124628164276,1.22394742314125,0.257654232327457,0.367228642269476,0.380607452339159,-1.16297465322295,-0.366066967093782,-0.878173531198114,0.486325397703102,-0.880711388891652,1.33818119601941,1.27934229361992,-1.2382495960186,1,1
-0.0096170643200839,-0.642707800524762,-0.147756879266873,-0.914050444882741,-1.14180740199158,-1.55304589128236,-1.08803163286886,-0.0069533308083248,-0.54336895108424,1.22232892701928,-1.51832489281361,-0.204314220336806,0.833664277432002,-0.0128380231912974,0.0547826929037269,-0.92316382980801,1,1
-0.22687448800609,0.0295210257690678,0.27438901163922,1.43124628164276,-0.804766888992768,-0.854587070154732,0.076176587241809,0.736303091949457,0.563299392024287,1.13045547981343,-0.601255796453451,1.52228482476296,1.33447092341435,1.3600490157005,0.0641699539033605,0.320833492706076,1,1
0.847978029177308,1.05019352007005,-0.194765072085214,-1.50037462651412,-0.186773869460927,0.46510935206498,0.221702614755643,0.376104964653633,1.49459017394966,0.0472922670084041,1.63208334542404,-1.58559345641662,-0.992815242632685,-1.49992990127294,-0.425761380245738,-1.19723282939282,1,1
1.56835790771512,0.851797156257614,-0.266808811048187,1.43124628164276,0.729800397500921,1.2259306524843,-0.214875467785858,1.67444826131343,-1.46699310052301,1.37073155679831,1.01672642852404,0.831645206723056,-1.16695631647091,1.43319931485479,-1.36289786155123,-1.16944421348708,1,1
-1.54947669886651,0.52467931366953,0.837263917902969,-1.50037462651412,-0.425693841485822,1.425075237301,1.09485877983864,-1.07445124803528,0.0484342899988431,-1.27061457019386,-0.075742681554582,-0.54963402935676,1.31189570661055,-0.288686701014353,-0.519009107492737,-0.557614114968396,1,1
-0.745243077853403,-1.18085965610634,0.674550916250783,-0.914050444882741,1.47003752074503,-0.0101199572071907,1.24038480735248,-0.177455020758312,-1.44430900230593,0.518904480674696,-0.687349661176617,0.831645206723056,-0.471198943416661,-1.18255489600629,-0.24307684464934,1.54820939114483,1,1
-1.21787326271419,0.1817022021032,1.18649431006212,0.258597918380011,-1.39246275793367,0.145107948245481,-0.0693494402720245,1.44778999420093,-0.423539514950661,-0.902652403633836,-0.275043081610182,-1.24027364739667,-0.216918684963247,0.632204786453748,-0.0619400819182202,1.59383208549272,1,1
-1.4846806251356,-1.4188000535172,-0.83950972563859,-1.50037462651412,-0.443144026068936,1.13589670456645,1.09485877983864,1.43565443682969,-1.12326533743794,0.475046273756372,-1.69374174542782,-0.54963402935676,-0.95783510216465,1.0223690804284,0.839075468352085,1.17907811146993,1,1
0.813674225437413,-0.409197225925304,0.409374131072412,-0.914050444882741,0.718482077712836,0.118063468213714,-1.67013574292419,-0.0170693266270208,0.504777760815931,-1.4635008353956,0.756160889752693,-1.24027364739667,-0.249067220682274,-1.55373258865766,-0.50175595621801,0.676936854157799,1,1
0.066613610657462,-0.283297162004591,0.324856414418514,1.43124628164276,-0.940626640382042,0.0465177311637258,-1.37908368789653,-1.26593465001424,0.877037227213207,1.51019338484613,-1.40619065727845,-0.204314220336806,-0.922003721103867,1.67640054269093,-0.312864328128614,0.762739641957634,0,0
-0.619462464140452,-1.5846839015083,-0.423484910291726,-0.914050444882741,0.537991177375343,1.38407815761464,-0.651453550327359,1.0900301136215,-0.876143433143655,0.963955668134939,0.0595234955784455,1.52228482476296,0.585492754879749,0.679099422826745,1.41765097253672,-0.100430960349331,1,0
0.257190298101327,-0.769189524997825,-0.0194744956705179,1.43124628164276,-1.15282074497511,0.987345229383745,1.53143686238014,0.294051993507747,0.722680604787432,-1.06908996895074,0.223108319524919,1.52228482476296,0.0060795493383779,-0.611910356435476,0.885748624391501,0.107821954974694,1,1
0.066613610657462,1.60462096518941,-0.617834331958674,-0.914050444882741,-1.52463967954835,1.39781977001567,-0.0693494402720245,0.945267171306363,-0.191081154222469,0.446272272511135,-1.74852633868437,0.831645206723056,1.00910868171285,-1.19656634451976,-1.64230431496471,0.466351654470656,1,1
1.2520006065583,1.59759747476662,-1.21502140683967,0.258597918380011,-1.30122737166978,-0.982293806439887,0.367228642269476,-0.130765505328292,-0.751694804969871,0.869534797298141,1.67009104473977,0.486325397703102,-0.639572155547333,-0.367440988792432,1.09195807091392,0.799223293887317,1,1
-0.398393506705568,-0.496382759881757,-0.965095606495982,-1.50037462651412,1.47777541003982,0.0724160541798281,1.53143686238014,-1.02666636368925,0.0719279836165699,-1.0396233622663,-0.698503050347513,-0.204314220336806,0.0293828916273141,-0.95848134003829,1.70812934036441,-1.38169752717847,1,1
0.733632016710989,-1.57323147287912,-1.34120809702729,0.258597918380011,0.178451239989604,1.16836020686113,-1.37908368789653,-1.6498021159086,-0.421759877970567,-1.44290325009016,-1.4845451303344,0.486325397703102,-0.824111933932286,-0.0181703450776549,1.53429619876491,-0.941550747234978,0,0
-0.257366757997108,-1.09964448347633,0.664802475648339,-0.327726263251365,1.01869336420081,-1.35128472447161,1.38591083486631,0.203897477317067,-0.935718311724783,-0.545284448861342,1.2315228416643,-0.204314220336806,1.51694097224542,0.970780315992568,1.17464471602708,1.59555428067127,1,1
1.25581214030718,-0.35746766273421,0.587201933022011,1.43124628164276,-0.574197384582464,1.00363963183702,-0.651453550327359,-1.1750518179241,0.873644963643646,-1.29556066978384,-1.22338119827215,0.486325397703102,0.0860601228480968,0.552287433629191,0.458257199085339,-0.562542792610239,1,1
0.9165856366571,1.5772153620619,1.59403134403338,-1.50037462651412,0.318979224682648,-1.10382282869538,1.67696288989398,-1.0846752242995,1.01335063087715,0.197720902512902,-1.667217529488,-0.54963402935676,-1.12261221852883,-0.218264693969003,-0.757702942174966,-0.791717563949858,1,1
-0.74905461160228,-1.23161268900672,0.826687789372264,0.258597918380011,-0.0166660873338277,1.0500019032298,0.94933275232481,-0.221581912284994,1.02292581339895,-0.294057825359258,-0.0255651109172606,-0.54963402935676,-0.778181151162841,-1.30775173305632,0.545758474840901,-0.264269856161034,1,1
-1.49992676013111,0.935536823470201,-1.52691649700633,-1.50037462651412,1.53189134906525,0.374313615740039,1.09485877983864,-0.201590240148158,-0.41319932779401,-0.161005647475341,-1.30039224525744,1.52228482476296,-1.43671964327086,1.57315735938375,0.688361895924504,-0.714556461638389,1,1
0.0513674756619528,-1.34484789611676,1.36354065479,-0.327726263251365,0.851152802067451,-1.06846487824029,-0.942505605355026,-0.782450774761431,-1.1433837292418,0.118366900599863,1.67898346677782,-0.54963402935676,-1.62778424165662,-0.787303741392882,-0.74604145108618,-1.40117461659138,1,1
0.028498273168689,1.6937983827752,1.28862207473869,0.844922100011387,0.792643781129294,-0.103368584984042,0.803806724810977,-1.27593420054585,1.1606385068766,1.64370964533493,-1.71804706266605,0.831645206723056,0.0998860344397887,-0.761650161259986,-0.836909043030884,-0.999734298399244,1,1
-1.39701534891142,-0.394385500337628,-0.167912617694977,1.43124628164276,-1.55771078666974,0.615155928466685,-0.214875467785858,1.54031842820454,-0.594802136806286,0.985848745321361,-1.57550510793257,-1.58559345641662,-0.554959249151253,0.502010929029564,-0.346362150373986,0.485970225252158,0,0
-1.33603080892938,0.976345886422098,0.327177483010275,1.43124628164276,0.171301770921608,0.44960058289118,-0.0693494402720245,-1.27690960762264,0.843498577157075,0.419164532210587,1.15776558663026,1.52228482476296,1.61856579848326,0.931657041797621,0.499737890098722,-0.947409888364085,1,1
-1.14545412148552,-0.530287206035841,1.68250246918411,-0.914050444882741,-0.112717729084111,-0.262221813422937,1.53143686238014,-0.517859424367386,1.08178418518059,-0.503864877712749,-0.916537073438266,-0.204314220336806,-1.13000389681268,1.66594113822765,-0.706185982618394,0.511777285079148,1,1
-0.459378046687605,0.462464753679093,0.14115343515139,1.43124628164276,1.47041535186404,1.36437952029815,-1.52460971541036,-0.676868122040015,0.912479160114063,-1.673033655424,1.43145655588713,1.52228482476296,1.02940694580559,1.61442616583264,0.203594705446639,-1.37057800721333,1,1
-1.11877338524338,-1.05464802046267,1.43674567191491,1.43124628164276,-0.832913930159542,0.0548033388555279,-1.08803163286886,1.26800480669728,-0.386881374413996,-1.36233687767342,-0.667056389378196,-1.24027364739667,-0.628322742671398,1.42400543940772,1.39388065041197,-1.57065904200767,0,0
-0.98918123778155,-1.21482076018908,-1.41926956585823,0.258597918380011,-0.790002751342814,0.0086494566119699,-1.23355766038269,-0.312485547138792,1.49584624471929,0.771321341213916,-1.5105523597338,1.52228482476296,-0.94892844835136,-0.220400209124682,-0.699125230163736,1.24707090082841,0,0
0.169525021877149,1.54338200206806,-1.04411032733337,1.43124628164276,-0.303872355343414,-1.5197512672871,-0.505927522813525,-1.30322522379845,0.54160732336372,-0.484768727002064,-1.71741515144366,-0.54963402935676,1.63890276029648,-1.14372003135769,1.62508569543512,0.898016961682033,1,1
1.65221165019042,1.47228253437979,-0.176822878663892,1.43124628164276,-0.880912045418377,1.44277381150106,0.076176587241809,-1.697355782831,0.251695825261179,-0.605515961009724,-0.766903299445838,-0.204314220336806,1.05945767213203,0.292249428395402,-0.0815942064800601,0.574892374268465,1,1
-0.710939274113507,1.36718980362964,0.323335199657783,-0.327726263251365,-1.27316764181014,-1.1240014191536,0.076176587241809,0.767858884275663,0.671241289690824,1.32045579929624,-0.0988174037660994,0.831645206723056,0.463032683438315,-1.65724787646241,-1.37189468386995,-1.60839342937859,1,1
-1.40844995015805,0.45468012586408,1.1272977900065,-0.327726263251365,1.22848027165245,0.0860912345782569,0.367228642269476,0.742058022805558,-1.57199066660939,-0.0843039604738031,-1.75088068705442,-1.24027364739667,0.693687131125405,-1.04205741500448,-1.53080558838416,-0.891819967556149,1,1
-0.188759150517317,1.09138200491229,1.7248200970263,-1.50037462651412,0.200868383654856,1.03432173091154,-1.52460971541036,-0.285740040119626,-0.384446644739602,1.3572660576384,0.276447150896433,-1.24027364739667,1.71432367142912,-1.70786444005778,-0.548164399959135,1.07776002855433,1,1
1.19863913407402,-1.48290933169647,-0.357097823798369,-1.50037462651412,1.24204215995626,-0.991919260053935,1.53143686238014,-1.29538122929493,1.30077868190374,1.31232929077382,-0.588336758810843,-1.24027364739667,0.333264754829208,-1.09606219985366,-0.825028274594773,-1.21730875542037,1,1
0.607851402998038,-0.557456952565131,-1.54299846403053,1.43124628164276,1.1382018890493,0.082744440529578,0.076176587241809,-0.445598316108863,-1.17239938860162,-1.48857099515972,-0.390906137222727,0.831645206723056,-1.37082376587931,-0.0848340708571666,1.20151997733455,1.07961325555944,1,1
-0.722373875360139,-0.630886332094993,1.07500295082863,1.43124628164276,-0.748062246277821,-0.904988257959994,-0.796979577841192,0.310392103253204,-0.30241573895659,1.5162847833763,-0.840841367215874,-0.894953838376714,-1.49927659063701,-0.364715831227537,0.834028210889895,0.293720951817629,1,1
1.22913140406504,0.490241842451395,0.391494438392063,-0.914050444882741,0.164664115685939,0.883166650852154,1.53143686238014,0.705485694647835,-0.333848834719011,-1.49977660803046,0.0944985956591425,-0.204314220336806,0.587849021346816,-0.447298364050798,1.34298393967216,0.830442195897745,1,1
0.630720605491302,-0.483739180864344,-1.01809205843375,-1.50037462651412,-1.43107261599076,0.210110543413396,0.658280697297143,-1.46188411933974,-0.502838648246587,1.5792975705541,-0.950189184628457,-1.24027364739667,0.556613158508638,1.13939837401218,0.319955281593573,0.50091422060736,1,1
0.390593979312032,-1.20616436712719,0.0109893032116451,0.258597918380011,1.42716436779829,1.21488485992687,-0.651453550327359,0.194091888821589,0.205693343378402,-0.195074669428231,-1.28324968497816,0.141005588683148,0.870762610337988,0.603381071888862,-0.212864949491792,-0.281188556142209,1,1
1.27868134280044,0.353807922303896,0.870561615357706,1.43124628164276,-0.328205993053342,1.34781261796202,0.803806724810977,-0.77643402945761,1.69565917165162,0.875491272754821,1.35824072391023,1.52228482476296,-1.34696658897555,1.50192570275893,-0.784116621538923,-0.710924351588527,1,1
-1.32840774143163,1.11267928819671,0.968165997232444,0.258597918380011,-0.364573266920284,0.50086892150631,0.367228642269476,0.405246843159904,-0.846932387718139,0.685456487582269,-0.389503119302214,0.141005588683148,1.55311148006539,-0.185935958260635,0.298667368744159,0.597929100971852,1,1
-0.345032034221286,-0.392619944976634,0.0276261355089793,1.43124628164276,-0.676908068700205,0.764979310687534,0.367228642269476,0.512190575770344,0.695446404539556,0.0337328425425015,-1.48557226766422,-1.24027364739667,0.18741864300175,-0.7809139070349,0.419632094319659,1.05919229009487,1,1
-0.264989825494863,-1.26271164195655,-0.647592008676555,0.258597918380011,-0.13445492791486,0.158013652541164,-1.08803163286886,1.42133691726735,0.877595117155987,0.384375692288649,-0.949489752429878,-0.54963402935676,0.528707073710138,-1.29489537394787,-0.360137847758714,-1.56084041410811,0,0
1.41208502401115,-1.03837790400812,1.67438976557874,0.844922100011387,-0.852091505845352,-0.409745044243097,-1.52460971541036,-0.311391209417902,0.281753611532914,1.53210542366997,-0.671229600962883,-1.24027364739667,-1.60337866903415,0.59317703444063,1.52330583961259,-0.408655132075335,1,1
-0.871023691566353,-0.896313442747452,0.596354769309492,0.258597918380011,-0.42923791661036,0.498748123412159,0.51275466978331,0.129258818105739,-1.39083553729058,1.45372922546586,0.935361906338443,1.52228482476296,1.60885668701648,1.17647712874903,0.495606940553242,-0.508959917620551,1,1
1.41208502401115,-0.67896257298078,-0.289764835068992,-1.50037462651412,1.03106460111578,1.39511897516993,-1.08803163286886,-0.803829823412458,0.240112616030265,0.505486694585482,-1.67665235591464,-0.54963402935676,0.227075286844745,-1.08505204715274,1.1799290534813,0.208597900607034,1,1
-0.112528475539771,0.51514005279567,-0.733560100936644,1.43124628164276,1.14892237324044,-0.298627856310429,1.53143686238014,-0.74029539852509,1.54889866429083,0.517269606818032,-0.0830245081010901,0.486325397703102,0.229750401728766,1.30368491089488,0.427828888552208,-1.32298800988847,1,1
-1.24074246520745,0.369403487874352,0.831635710513481,-1.50037462651412,-0.672005613814171,-0.650981769383065,-0.942505605355026,-1.57344271347139,-0.550855735938812,-0.909407162018627,-0.329610223098816,-0.204314220336806,1.54843958091455,0.0922352200004407,-0.624859571763201,1.49406480670232,1,1
-0.104905408042016,0.700698457544748,-0.866516299263856,0.258597918380011,-0.105768319058452,-0.395935500899673,-0.0693494402720245,-0.741986062910029,0.47129218294215,1.11083779159375,1.62997644191953,1.52228482476296,1.49916933899056,-1.22135773826345,0.830497017952509,0.170920386232367,1,1
-0.83290835407758,-0.460949688016136,-1.11128999480762,-0.327726263251365,1.28483513980227,-0.234140974820993,-1.08803163286886,-1.51180301626349,1.56927533049492,0.430041694445953,-1.12509777015254,-0.54963402935676,-0.960162142476273,0.492941131496911,-0.923780582957107,1.46083536573369,0,0
0.9165856366571,1.14615804623757,0.132572796473801,-0.327726263251365,-1.53599985641636,-1.48078320572402,1.09485877983864,1.60600440790159,1.01495147551754,1.102590230071,0.439878438071171,1.52228482476296,1.50523447534836,0.070845402611209,0.345439353053756,1.09366418470248,1,1
-1.47324602388897,-1.01261008772582,-0.70048004473218,-0.327726263251365,1.33748082862264,-0.016933609368179,-0.651453550327359,0.429483538867161,0.638267162967588,0.517734068140269,-1.04778527700237,1.52228482476296,0.830692978826432,-1.61969201171191,-0.327506908246714,-1.05584291624196,1,1
0.135221218137253,-0.0899402027540136,0.476674513728865,1.43124628164276,-0.963994584736551,-0.0311544785712019,-0.214875467785858,-1.13313043347367,1.60963245585218,-0.727481963547366,0.162217658081065,-0.894953838376714,-1.65870667429009,-0.34437279845413,-1.20221768235537,-1.25968911574754,0,0
0.680270544226707,1.06585786594852,-1.29805255616917,-0.914050444882741,0.613999672323902,0.29315187599454,0.221702614755643,-1.32843247237101,-1.13976223186504,-1.10896163076443,0.185427539984058,0.141005588683148,-0.892372231203819,0.980731308552526,-0.289833616117412,1.24597967581816,0,1
0.966135575392504,-1.09594023634096,0.567104561645696,0.844922100011387,0.28425942203191,-0.484193900769497,1.67696288989398,-0.450832927213231,0.928264265881331,-1.49973854080178,-1.49110677369631,-1.24027364739667,-0.291849963346842,0.192414347517708,-0.646533051076927,0.128260233109154,0,0
0.474447721787333,-1.34073667616641,-0.723719257684669,0.258597918380011,0.182538712522457,0.378126406072264,0.658280697297143,-0.667240807117086,-0.32839591299661,0.268166420792292,-0.159205795352798,-0.54963402935676,0.297244748496261,-0.747192289909329,-1.33269872362072,-1.64674440453589,0,1
1.21388526906953,1.3540090544936,-1.70684222988275,-0.914050444882741,1.23516311204973,1.29151028687089,-0.360401495299692,-0.765589604088623,-0.487762089243456,-0.780511457289331,-0.142763205470995,0.831645206723056,0.708284900936963,1.4751517438536,1.1326289428767,1.4968400724766,1,1
0.127598150639499,-0.529108138729916,-1.26680217136065,-0.327726263251365,-1.36802070900193,1.55767724336434,-1.52460971541036,-0.111116859139073,0.0625552110908548,0.422769670027423,-0.639098963542877,-1.24027364739667,-0.995152858337086,-0.899319556768785,0.0058298594502251,-0.0885523127672036,0,0
0.264813365599082,0.658179397010496,1.53501695011354,0.258597918380011,-0.524820880575644,0.276505436916734,-1.37908368789653,1.4292004485688,-1.60968591756933,-1.56332877306283,-0.785805943553377,1.17696501574301,1.17781580198094,-0.847912971830738,-0.521551293064119,-0.680127503190883,0,0
-1.12258491899226,-1.63504912901624,1.30487518236507,-0.914050444882741,0.13208190313423,-1.5874849690802,0.076176587241809,0.234767661683133,-0.652272823460373,-0.462335549408607,-0.970545419894136,-1.24027364739667,1.20908349182613,-0.497674717769557,0.0279389503300734,0.0612199249871451,1,1
-1.36271154517152,0.679689294278246,-0.896297595573926,-1.50037462651412,1.07002642296775,1.60510207184232,0.658280697297143,0.0725924170803155,-1.15476146316211,-0.862122671760227,-1.7336687171135,0.831645206723056,0.478217439959061,1.35793781137704,0.892732352575192,1.11421202630003,0,0
0.291494101841223,-0.622534911245823,0.995813674318508,-0.327726263251365,-0.973411478050195,0.69769505309564,-1.37908368789653,1.06090037461181,-1.24928956303217,-0.480843612674466,-1.74808420532472,0.831645206723056,1.47053263697103,0.0281330436969829,-1.65810353462025,-1.33547429615585,0,0
0.0208752056709344,-1.52921147461354,0.406050496630889,-0.914050444882741,1.04131120979765,-0.576722682417539,-0.360401495299692,-1.71895807732166,-0.567064441906076,-1.57851665784618,0.306782425142932,0.486325397703102,1.0955500824102,0.628067951039305,0.172709912617103,-0.480761285695327,1,1
1.11097385784984,0.400282801535212,1.66453306058984,1.43124628164276,-0.344091341100213,-1.22721925161101,-0.651453550327359,-1.0491756305637,1.0296299968463,0.748100831181982,-0.73581095170565,1.52228482476296,-0.955566171996564,1.63882831749543,-0.0614906494612609,-0.618490954645912,1,1
0.565924531760388,-0.884750129952309,-0.410050808204872,-1.50037462651412,-1.06798097585798,-1.24010160208865,-1.23355766038269,-0.0141628142953584,-1.03491911023368,-1.36174741604357,-1.16768718440114,0.141005588683148,1.04593152688096,0.975604400801731,1.37251462604688,1.17172612085326,0,0
0.745066617957621,-0.376309310851954,0.65921410580899,-0.327726263251365,0.89035508737125,-1.15629150140585,0.076176587241809,0.710217786761934,0.0994509728070399,-1.71702636559201,0.638610849399689,-1.58559345641662,1.58189918698912,-1.12333724918059,0.204651837580956,0.961409097752333,0,0
0.230509561859186,-1.44270905960023,-1.4870089712283,0.844922100011387,-1.40468585593163,-1.57721251978675,-0.796979577841192,-0.0528120548556839,0.845522733556979,1.5195012938019,0.0940070949205098,-1.24027364739667,-1.24697822029636,0.992987307626994,-1.24573826046138,-0.33923346311675,1,1
-1.01586197402369,-1.21084306400095,-0.331410001648105,-0.327726263251365,0.0514040162064336,1.37398389513317,-0.796979577841192,-1.16580390203384,-0.898025753741088,-1.09717055343519,1.44320455592107,0.486325397703102,1.67033088877229,0.855451018974302,-0.374911492245895,0.569600701985722,0,0
-0.242120623001599,-0.685650006053366,1.63991778604172,1.43124628164276,-1.49751674667456,0.128894281061178,0.51275466978331,1.48846414453124,1.4484065870479,1.10888523209727,1.14984267291823,-0.54963402935676,-1.63757645126275,-0.917061322031234,0.430179953414263,-0.358685019520141,1,1
0.474447721787333,-1.41074529058019,0.164342792559922,0.844922100011387,-0.492564562865105,0.677358551831606,-1.08803163286886,-0.594437327285915,1.25022815510058,1.58264731419454,0.785373275574776,1.17696501574301,0.0868633430577573,-0.598341769498081,-1.56235148612935,0.249308797905368,1,1
1.07285852036107,1.44852910856484,-0.707801323987933,0.844922100011387,0.347897592954116,1.11887296765382,0.658280697297143,0.997397636115105,-0.862972821522185,0.0880041637489261,-1.3120476498039,-0.894953838376714,0.959969656084337,0.724128318555185,1.34334012214624,1.69274104947673,0,0
-0.16970148177293,-1.70226468549805,-1.28995187766586,0.844922100011387,0.193444889004343,0.992886283934916,-0.360401495299692,1.35486349576061,1.6731301334573,0.06020886951151,0.573444358706,-0.54963402935676,1.01735553680771,-0.897209067445099,-1.48665821854282,0.126452922809875,1,1
-0.775735347844421,-0.0383330291595158,0.735861392769499,0.258597918380011,-0.326856964606223,1.30663286844103,-1.23355766038269,-0.532834560210324,0.572545949176744,-0.490974042713399,0.670732789844629,-0.894953838376714,0.823933881023549,-1.00102681862337,-1.61550551198368,1.68366398627692,0,0
1.11478539159872,-1.29412717382045,0.532076370851227,0.258597918380011,-0.243062615030683,1.59827560536438,1.53143686238014,1.19517254486923,-0.743040309766125,-0.288917804472425,0.913296442426771,0.486325397703102,0.111781349654627,0.701253706068492,-1.71450423977388,0.853923200924713,1,1
0.539243795518247,-0.651864370186349,-0.408894019828509,0.844922100011387,-0.937937576910555,-0.221486374337347,0.221702614755643,0.729146667126029,0.613298758487493,-0.0927557080076901,-0.834824030331176,-1.24027364739667,0.533593472440486,1.31001837311437,0.647315101788432,-1.29962217857322,1,1
0.806051157939658,1.50157737782679,1.59519482268849,-1.50037462651412,-0.15087934656367,1.53998372961136,-1.08803163286886,1.39943517490418,0.562508055043899,-1.23881012587522,0.483308016251764,1.52228482476296,0.703437544162113,-1.45872814489482,-0.141972356873807,1.02156241610719,0,0
0.764124286702008,-1.16023940773069,-1.63056953254409,0.844922100011387,1.5577136909162,0.757739671059158,-1.52460971541036,-0.86238496696885,0.356261549997306,-0.500283739473442,0.406354888869756,-1.24027364739667,-0.0089639028577519,-0.183988420429225,-1.36527980339154,-1.16018363059052,0,0
0.0818597456529712,1.64008162514782,-0.652769545043951,-0.914050444882741,1.20456437611156,-1.49074995546813,0.221702614755643,1.49294915617168,0.718590206503755,1.06737186157614,-0.407833342394484,-1.24027364739667,0.341858144845041,0.370282349985641,1.24480902307824,0.115295120720249,1,1
1.43495422650441,-1.00666663817577,1.49144161860123,0.844922100011387,-1.2180356447173,0.614735443749964,1.67696288989398,-1.50668411663478,-0.804117340222999,-1.1335625263093,0.564421515335511,-0.54963402935676,1.2113474714961,0.60778204145424,-1.01917178402351,0.393450068782302,0,1
1.67126931893481,0.859099292843663,-0.592988971169006,0.258597918380011,-1.61464123779148,0.631733053408309,0.803806724810977,1.01629527653087,1.63654582367405,0.767799613258481,-1.45144437881507,0.831645206723056,-0.639048744250489,1.7073330182761,-0.590951653571597,1.35247571467451,1,1
-0.101093874293139,0.180420401620536,-0.831542544678555,0.258597918380011,1.48993454314444,1.38675353689096,1.67696288989398,-0.223800919099428,1.22068568523369,0.495972332155584,0.494517789212869,0.831645206723056,0.0904673792136401,0.629830774355303,-1.10577900929148,-0.991267343404632,0,0
-1.46562295639121,1.35677671817199,0.147808390124248,-0.914050444882741,0.0925663511807649,-0.449354491622203,-0.214875467785858,-1.11670670095693,0.835512253168298,-1.56804755787381,0.36349805770242,0.831645206723056,-1.69485172969857,0.414890355344829,1.4892186342483,1.29648358417265,0,0
-1.66382271133283,0.205897531566073,1.15360402083691,-0.914050444882741,0.130656542434685,0.280981884191096,0.51275466978331,-1.45785539209955,-1.63525804278001,-1.68915048669528,-1.01833240222193,0.831645206723056,0.660096156621062,1.68512417234322,0.904801356444878,1.49775799292461,0,0
-0.901515961557372,0.138220644586412,-1.34942894135848,-0.327726263251365,0.965008192213316,-1.69223436690802,0.803806724810977,-0.383547131365386,0.301971052016784,-0.542684156937929,1.10509707612036,0.486325397703102,-1.04657283417873,-1.50804358849078,0.786617054685952,-1.40699384317744,0,0
-0.79098148283993,-1.04266192911154,1.5676842540251,-1.50037462651412,-0.635913279140303,-0.590119479695955,0.51275466978331,-0.384321631226984,0.700690140198006,0.636923184225099,1.30150863635589,0.141005588683148,-0.0559200872684658,-1.46072085094291,-1.5690648278116,1.3286007707502,1,1
0.165713488128272,-1.14444743659079,1.05382075906166,-1.50037462651412,-0.0614772965177385,-1.51977491520252,1.24038480735248,-0.936350621511088,1.20764926945469,-0.619476084616553,-1.01882328800367,0.486325397703102,-0.995170817005982,0.210488568505041,0.0893895681882794,-0.823666711231703,0,0
-0.901515961557372,1.46824948563979,-1.07815402534148,-1.50037462651412,1.61064406393855,0.0637940975048266,-1.23355766038269,-0.986376147904845,1.5238029171953,0.552051311337178,-1.48895970101686,-0.204314220336806,-1.64263724914663,-0.483840010587686,0.27214212145196,-1.43616627396003,0,0
0.928020237903731,-0.581662496409965,0.765313448516405,1.43124628164276,0.592046575226364,1.08214291684006,-1.67013574292419,-0.349023235203617,1.41972939340348,0.54414947928989,0.354970216754688,0.831645206723056,-0.0482224958599391,-1.3842118779265,-0.396260765496332,1.58053619059124,0,0
-0.425074242947709,-0.427587453447437,-0.370618497873255,0.258597918380011,-1.1887943233684,-1.0229635920304,0.221702614755643,-0.312307382634229,-0.331111888089291,1.03419056378606,-0.0771949738344955,-1.24027364739667,-0.250736466522843,-0.663303628893876,-0.606776968851496,-0.36639198959007,0,0
-1.05397731151246,0.92267919581508,-0.310405957123286,-1.50037462651412,-1.25927955044692,0.0829778800870139,-0.0693494402720245,-0.200593588381527,1.35326885292624,-1.42152530131815,-0.260056733955345,-0.204314220336806,-0.249640749606121,0.601175168232373,1.23003082636596,0.426925861138732,0,0
0.847978029177308,-0.543407458623351,1.01289589340888,-0.327726263251365,-1.01524694577876,-1.03134968817379,1.67696288989398,1.27639259358107,-1.72302600233944,0.237373842587175,0.905173516684825,0.486325397703102,-1.0000234164444,1.31008529381059,-1.64174715485626,0.185917905934604,0,0
-1.08828111525236,1.59212956169156,1.63633040281027,-0.327726263251365,0.916893119051516,-1.31841418244816,-0.360401495299692,0.384422664575269,-0.518521439957781,-1.54998975570786,1.63438776630812,1.17696501574301,1.561097014336,-1.39236792435952,0.445026794107802,-0.981787562256701,0,0
0.0589905431597074,0.84642917714679,-1.26777533031758,-1.50037462651412,-0.702254528349532,0.0263221936452636,0.94933275232481,-1.66212056359185,-1.3344943079749,-1.15596737230734,-0.0850716796989472,1.52228482476296,-1.71209898821813,0.139902015019842,-0.355636307054702,0.58705458196429,1,1
0.180959623123781,0.357158563260432,-0.246721518993009,-0.914050444882741,-1.64346956679414,-1.46153217335855,-1.23355766038269,0.0652064820336454,1.30713403847523,-0.636553364131839,-1.7329207963949,-1.58559345641662,1.36804438283132,-0.698818931287737,0.5856692412513,-1.55608850708296,1,1
0.954700974145872,1.34429734136964,-0.0372435407399596,-0.327726263251365,1.52652002211745,0.289399247451214,1.09485877983864,0.908152504152169,1.461383518829,0.689780047136311,0.329428747404224,1.17696501574301,0.831666351501391,0.577019061255263,-1.03581062138727,-1.01646212343781,0,1
-0.207816819261703,-1.55057574439703,-0.400651579269398,-0.914050444882741,-1.13393909279345,-1.62625683443912,1.24038480735248,-1.53748566205358,-0.846384376432964,1.61531999590476,0.531076830996684,-0.894953838376714,-1.12743501134941,0.171887899945398,-0.894662447034015,1.53271779041272,1,1
0.966135575392504,-0.828130388088896,-0.446230301721709,0.258597918380011,-1.68411072339723,-1.36655732258367,-1.37908368789653,-0.269029489130156,-0.464138266556267,-0.577441641940467,1.1393629252625,-1.58559345641662,-0.0864748580174077,1.46851579756135,0.311641657606752,1.56311870455592,0,0
-0.539420255414028,-0.103885130163895,-1.52614255128544,1.43124628164276,-0.902341453050902,0.160691993305938,-1.23355766038269,-0.169954243082339,1.65334694693296,0.0429348388349615,-1.05753555608659,0.486325397703102,1.70554358340952,-1.58703967285033,1.6734661555929,-0.0554597324724811,1,1
1.21388526906953,-0.932895130061129,0.673378149232083,-0.327726263251365,-0.90956512786642,0.30336237024911,0.367228642269476,1.57172799284517,0.218441979803721,-0.867324043936609,0.0780114180012302,-0.894953838376714,0.50839119923099,-0.101056026813521,1.65526057029246,-1.13341853131393,0,0
-1.01586197402369,0.867244876764036,-0.19259337525473,-0.914050444882741,-0.267256126936594,-1.63435516025736,-0.214875467785858,-0.0851795273139255,-0.0185518505905337,0.578989725958467,-0.191777020292584,0.831645206723056,-1.28245981401339,-1.05404996225035,-0.858903624411811,-0.2652710463436,0,0
0.684082077975584,1.4777176849889,-1.0311135617178,-1.50037462651412,1.44481444973924,0.241241129971138,0.51275466978331,0.864677039573409,-0.0069453065053701,-0.493861491812229,0.567683885033741,-1.24027364739667,-0.136940370868836,0.128342284227914,-1.3668965396113,1.300363756302,0,0
1.31298514654034,-0.24759016759111,1.12662276053457,0.258597918380011,1.30326568773006,1.15468366043357,-1.23355766038269,-0.683677957874183,0.665331100571207,-0.0944200954658994,-1.53096080728755,-0.54963402935676,-0.100310243593775,1.21716480392563,0.323730636103774,-1.47304051169314,1,1
0.230509561859186,-0.531883821441135,1.0798281802668,0.844922100011387,-0.147402998706332,0.754384719933145,-0.942505605355026,0.966537688796791,1.55260277481027,0.20501846226934,1.33505540374749,-1.24027364739667,1.05837111564881,1.41560550812317,-0.266476145928833,-1.27505646003141,0,0
0.985193244136891,1.6251714688825,-0.0183141224697215,0.844922100011387,-0.305405653664202,-1.28224993104755,-0.651453550327359,-0.615230275035051,-0.466501137626058,0.616334876883388,0.031983521971321,-0.54963402935676,1.45342963783883,-0.347849431648277,0.917342441315733,1.36424035361126,0,1
0.367724776818769,-0.174173339418533,-0.671084785760028,-1.50037462651412,0.189643950643462,0.307039333272649,0.076176587241809,-0.243342253246718,-1.13263606192267,-1.55848305782847,1.31070512495258,-1.58559345641662,-1.43901029994882,1.07350370201393,0.107688893817469,-0.286709878109444,0,0
0.43633238429856,-0.0202657593196347,0.508585508750371,0.258597918380011,-0.880622459626476,0.581899421199961,1.53143686238014,-0.0720225307931564,-1.09020529899053,0.160174652533322,-0.565356156681339,1.52228482476296,-0.635031322080021,-0.752461335037298,0.0474180451133205,-1.42771795939886,0,0
0.665024409231198,-0.498740971156695,-0.706854396539064,0.258597918380011,-1.53767742097972,-1.60595102099252,1.09485877983864,1.47592536943308,-1.65567832053139,-0.269575344574965,0.529526317307726,-0.204314220336806,-0.689136701965811,-1.69488800688083,0.518144191691022,-1.23607292420863,0,0
1.19863913407402,1.44407934006726,-0.887965562107418,0.258597918380011,1.50951480386602,1.21272053958445,-1.23355766038269,-1.54774142050319,0.181856344945939,-1.30246953484513,1.58917325704626,-0.894953838376714,1.73050985540635,1.22286918169025,-1.28351605851304,1.31884864747415,1,1
0.550678396764879,0.258001838683414,0.829592282180883,0.258597918380011,-1.07558959091196,1.38815520774724,-1.08803163286886,-1.05097172309571,1.46528254155868,-1.04451748230641,1.54253121447031,1.17696501574301,0.215404779899066,-1.30614214087837,0.624509417398298,-0.0298562419552312,1,1
1.12240845909647,0.930866045766988,-1.56762536070368,0.844922100011387,-1.03539129223494,1.19585434494364,-0.360401495299692,0.711720028508468,0.723332253235086,1.30278377709917,1.54505995794782,-0.54963402935676,1.32741476420137,-1.656029067289,-0.0290324542924828,-1.15431000443489,1,1
-0.84815448907309,1.10370446552479,-1.37852904607523,-0.914050444882741,-0.0939308318635482,1.10689345402127,-1.08803163286886,0.267769596165279,1.68455423858547,1.2607104532438,-1.60433933071663,0.141005588683148,-0.246576916339786,-0.500567552838254,1.11987571823084,1.35876402389024,0,0
1.12621999284535,-0.532871281562549,-1.68410881280241,0.258597918380011,-0.0281356279231737,0.832417804974955,-0.0693494402720245,-0.861620524459252,1.39800497959747,-1.65128896792193,-0.345953806216641,1.17696501574301,0.782487557157965,-0.412641981993993,-1.24094348497254,1.1910773587828,0,0
1.08048158785882,-0.213030196590728,-1.17647226088836,-0.914050444882741,-1.65361945349786,0.448150553189247,-1.67013574292419,-0.731137332867733,-0.0364039982409559,0.627306935493066,-1.54201082672829,-1.24027364739667,-0.730246811616582,-1.45115483230767,-0.679562406617907,-1.63546716806657,0,0
-0.0515439355577342,1.23138647715016,-1.46806473498759,0.258597918380011,-1.20868536944045,0.603861619053468,1.67696288989398,-0.460577331693223,-0.0546343420454852,0.157695626519021,-0.672857970815936,0.486325397703102,1.43824841389012,1.08175971646374,1.5705989528714,0.282571457905661,1,1
-0.104905408042016,-0.45832617007221,1.75100946805682,-0.327726263251365,-0.417892879765241,1.04406402942343,-0.360401495299692,-0.172944256417563,0.432378327292392,1.49701907101185,-1.14430863794407,-0.894953838376714,-0.145597690388523,-0.322549698906391,0.194609145671114,-0.874691634822501,0,0
0.398217046809787,1.04146864329133,-0.704569557534352,1.43124628164276,0.631833545873114,0.54829364367542,-1.08803163286886,1.1006620404261,-1.34460998284881,1.38653954885069,0.412851684338797,-1.58559345641662,1.06344260422629,-0.0327073678207528,1.49803464061339,0.118069923435478,1,1
-1.63333044134181,1.55357907625465,-1.18923715021618,-0.327726263251365,-0.932273197948063,-0.605100706904374,0.94933275232481,-1.68504354709147,0.361380792290087,0.245823951184365,0.974154121630246,1.17696501574301,-0.836967646905394,-0.807049992771807,0.665644188612379,-0.754612231929934,0,1
0.398217046809787,0.446938505190786,-0.870639728276229,1.43124628164276,-0.263789298686395,-0.438918727190479,0.94933275232481,1.37774739618672,-0.131821786226912,-1.28444475988224,0.039635696057886,1.17696501574301,0.681489542638306,0.041473133238016,1.48809291914007,-0.628770577884096,0,0
-0.200193751763949,0.859312341907866,1.54373554317228,-0.327726263251365,0.197668596209291,1.35642407194432,1.09485877983864,-0.302216264556895,0.481774740299857,-0.170068037107696,1.02562241589507,-0.54963402935676,-0.318979518412615,0.918671390661,-0.620392160056346,0.35428708589678,1,1
0.668835942980075,1.0803396984521,0.098973494345263,0.258597918380011,1.33558297068375,-1.67523332435902,-0.0693494402720245,-0.934479656485126,0.215510808526638,0.751514700557953,-1.70965136413521,1.17696501574301,-1.61521645506682,1.39796077279774,-1.40783694972696,0.137744279503092,0,0
-1.31316160643612,1.21943447880718,-0.440572431931914,-0.914050444882741,-0.596814998930297,0.673434915032599,1.53143686238014,0.0281894192609484,-0.659600827322467,1.53842108067453,1.11300501726517,0.486325397703102,-0.291752470304084,1.61911879257537,1.05784360472061,-0.356117460190378,0,1
-0.981558170283795,-0.34759319219017,1.3258427142043,1.43124628164276,-1.25814070701449,1.55528812855515,0.51275466978331,0.552129010196609,0.36164778466989,-0.503434939205664,-1.13109068523728,-0.54963402935676,0.18347577113974,-0.249922514382105,1.06555890352541,-1.34484080592013,1,1
-1.64857657633732,-1.54480350655888,-0.335776173229616,0.844922100011387,-0.0361779330303491,0.698956415312443,-1.08803163286886,-1.57788191125604,-0.468589464523304,0.958188377499132,-0.143532793016615,-1.24027364739667,-1.19788130233012,1.68615425308212,0.422410644285205,1.61783203597785,1,1
-1.25598860020296,-0.323833079623555,-0.544109114777965,-1.50037462651412,0.848222424398191,1.6901187128373,0.658280697297143,0.746478850620141,-1.05720755752352,0.606257433701225,-0.20766417715492,-0.204314220336806,-1.08636448719283,-0.702805306200619,0.286407939019333,-1.11439577739291,1,1
-0.215439886759458,0.622958873333396,-0.987736802998056,1.43124628164276,-1.33955076908485,0.634586624169988,0.221702614755643,0.902298145704819,0.592807555184965,-1.49512998041393,1.29711047626205,0.831645206723056,-0.111896002374689,-1.69258184100434,1.44817132805426,0.461761098465521,0,0
-0.0934708067953845,-0.155027324972719,-0.395493741729236,1.43124628164276,-0.258055727211878,-1.6158327880553,-0.0693494402720245,-1.15726088673519,-0.673505565066651,0.17085703847994,1.62151453581653,1.52228482476296,-0.535512208632116,0.921715350364205,-1.11001606173855,-1.43017182847342,0,0
-1.22168479646306,0.884858676695756,-0.607754149083531,0.844922100011387,-1.65584915926832,1.11508784590498,0.076176587241809,-1.1513752297373,1.32759252055623,-1.12970491431176,-0.862823871524153,1.52228482476296,-0.195563587849846,-1.10328073470995,0.414481118438299,0.651498690640285,1,1
-1.21787326271419,-0.480170929424771,0.644776906070071,0.258597918380011,-1.60166154699789,-0.753583739909385,1.24038480735248,-1.02701056193903,-1.0410274089142,0.606981708517067,-1.51883331825152,0.141005588683148,-0.12589412651516,-1.53627242436648,-1.54905905109796,-1.38859459012287,1,1
0.466824654289578,0.487103579593931,-0.701885637355923,-0.327726263251365,-0.0578847419767525,-0.197415276507061,0.221702614755643,1.02653949301138,0.335485371604633,0.351832915868824,0.51904027505675,-0.204314220336806,-1.23841247276957,1.45922883025512,-1.23346683347643,-0.925664688010239,0,0
0.421086249303051,-1.07413644760135,0.297087445382061,-0.327726263251365,-0.69256614092006,-0.658968397584437,-1.08803163286886,-0.790708819735448,0.237280260089311,1.61243773443427,0.0029175427582748,-0.54963402935676,-1.09579365476013,1.00486855841343,-0.206576613775387,0.509432885202082,0,0
-1.60283817135079,0.886273522105753,-1.47882439801204,-0.914050444882741,1.18620089341197,-0.808970006113581,1.38591083486631,1.02413945001643,-1.04649023094713,1.48162223494552,0.222619352582191,0.141005588683148,1.2175815100115,-1.36370251610529,1.12354909315988,-0.742007218230243,0,1
-1.34365387642714,0.177003146295671,-1.04328616089575,0.258597918380011,0.351599088361526,-0.247894432024377,1.53143686238014,0.139419111477449,-0.214888158224239,-1.73449529961996,-1.59272466332753,-0.894953838376714,-1.15987690182169,0.953655442926614,0.818418308532425,0.117090232573137,0,0
-1.67525731257946,-1.01269113201902,-0.292655460326525,0.844922100011387,-0.157576781849194,-0.429305096345005,-1.08803163286886,0.924502208098957,0.594414552348306,-1.48909842430159,0.955154997889498,-1.24027364739667,0.58544729133705,1.18423988963782,1.6531154075112,-1.28661757259633,0,0
-0.79098148283993,-0.706774397555281,1.54659641855681,0.258597918380011,-0.315589538810297,0.447828590134166,0.803806724810977,0.18496650297492,-0.631675238801797,0.904226372386623,-0.942392910807813,-1.58559345641662,-0.272607176818299,1.39493263331701,-1.56611096951181,-1.01884911362779,1,1
1.43495422650441,0.883624370574308,-0.397386114610394,0.258597918380011,-0.0087878920790641,1.0673402810768,0.221702614755643,-0.569830618760681,-1.33466743799967,0.614253602302357,-0.583880056101427,1.17696501574301,1.63404642641439,0.152099822438098,-0.400309401567731,0.807780286591039,0,0
-0.829096820328703,-0.0427172992310541,0.598826040054997,-0.327726263251365,-1.57802830059344,-0.710659411827071,0.803806724810977,1.42171947291738,0.38733209780695,1.01470990583904,-0.956371246996429,-1.58559345641662,-1.49498179624539,0.701045076760348,-1.17136347662674,-1.59381949839311,0,0
1.29392747779595,-0.97101719456002,-0.821697933711013,0.844922100011387,1.35001393857307,-0.997886978871713,1.09485877983864,0.74481032758521,-0.955892681529229,-0.840375184904724,1.55149678186502,-0.54963402935676,1.15592397418979,0.903232158211601,-1.59343639075031,-1.33029227608245,1,1
-0.630897065387084,1.64509233341004,-1.26646346348981,-1.50037462651412,1.71246540671061,0.563442061874236,-1.67013574292419,-0.0561837842391116,0.614801354497287,1.18272827908147,-1.16477541757461,0.141005588683148,-0.0196814831892694,0.650270321263444,-0.805493598613592,-0.975689025594258,1,1
1.01187398037903,0.767021119465443,-1.50437229792279,1.43124628164276,-1.09349358018801,0.575241570313427,-0.796979577841192,0.475086554489467,1.15739587945983,-0.230484392183586,0.80490879939467,1.17696501574301,-1.70569888222342,0.50658689952816,-0.874525336946845,-1.64520503112292,0,0
1.17958146532963,1.60979358583965,-0.646900936657378,-0.327726263251365,-1.30340102647196,1.37045950905309,0.658280697297143,0.400317958326318,-1.30195658006492,-0.85741569649236,-0.895583394430773,-0.54963402935676,-0.809763191652379,0.165384330716208,-0.26631986300541,-1.3867420424437,0,0
1.34347741653136,-0.23597665780114,-1.16008590401218,0.844922100011387,-1.22372236011289,-1.67928639443941,-1.37908368789653,-0.492421852778333,-0.222710620863917,-1.73020632947205,-0.269404079051161,0.486325397703102,-0.310174960933979,-0.0695796813538515,-1.23618202704602,-0.747313813351739,0,0
1.24437753906055,-0.0688383382194619,-1.10329986791063,-0.914050444882741,0.553841113023602,1.20477216785056,-0.360401495299692,-0.264997974018878,-0.1975949092638,1.25927962857795,1.7266489821562,0.486325397703102,-0.634485152635423,1.70708936213923,-0.0288665811259908,-1.39520270180657,1,1
1.05380085161668,1.40370710251387,0.934640284270574,1.43124628164276,0.555262547315955,0.0607939150405339,-0.796979577841192,-0.630490773328491,0.446729256456705,0.0922505388013085,-1.40293181074466,0.141005588683148,-0.467114638129211,-0.556373158137697,1.4661523935746,1.2627177600072,0,1
-0.951065900292777,0.105103540719817,-1.65267603200871,1.43124628164276,1.1958774944053,0.406359042764386,-0.0693494402720245,1.72932718681213,-0.577135846394018,1.62054390428387,1.32578113423369,1.17696501574301,1.45519501216292,-1.413181177236,0.870579981496706,-1.4874791289525,0,0
-1.41226148390693,0.739697914503714,0.229741960451955,-0.327726263251365,0.865758591287698,-1.41942067038544,1.38591083486631,0.276383590417973,-0.288099774450425,0.715106353519123,1.55186491361717,1.52228482476296,-0.472370882902773,0.912847708410938,1.19619858197235,1.24506342841285,0,1
1.54548870522185,-0.845158628155438,-0.389712278600582,-0.914050444882741,-0.172153495204451,-0.243728252635012,0.367228642269476,-1.41402892176332,-1.6844159520653,-1.48775186019588,0.685763596377547,0.486325397703102,-0.27156201050071,-0.981650895563056,1.06645911055961,1.11401160209951,1,1
1.54930023897073,-0.167647216288394,0.0517014465556847,-0.327726263251365,0.388359780540654,-0.951095235729866,1.53143686238014,0.0652339920799042,-1.3051486383881,0.275794213949585,-1.71961553771395,-0.894953838376714,0.915706348121943,0.114290769911807,-0.371644091187797,-1.36823806809667,0,0
-1.05397731151246,-1.29342231141873,0.247178188185499,0.258597918380011,0.647477548691778,-0.858338233012243,1.24038480735248,-1.55983589869559,0.231487687662776,-1.70757290909823,1.11413112368778,0.141005588683148,1.02913263414124,-1.38729138914014,0.734676692862893,-1.62801468519124,0,0
0.066613610657462,-1.00602010158787,-0.619273826785727,0.844922100011387,0.0444273745560715,0.0025437193147545,0.51275466978331,-0.733038454283727,-0.984143697943362,0.170179799136101,1.32897086615314,0.486325397703102,-1.43260017197282,0.411899328689623,0.891599898069134,-1.54276103673746,0,0
0.501128458029474,-1.72003750651767,-0.68269177952523,-0.914050444882741,-0.0829701645773774,1.06494492157858,-0.651453550327359,-0.188136323693704,-1.22907522439278,-0.550765346089413,1.67377996054903,0.486325397703102,0.717789591735454,1.52796291906085,-1.00902844238139,0.314843028896747,0,0
-0.12777461053528,-1.58658663671632,0.839620305486845,1.43124628164276,0.499119072906886,0.828337623781404,-0.942505605355026,0.117758084809458,-0.611462366287777,0.467177738890264,1.17884572115098,0.141005588683148,-0.0504721453397866,0.767353220548218,1.25885338416682,0.589763014965113,1,1
-0.0019939968223293,1.67996022223819,1.31849857913611,-0.327726263251365,0.198113405697589,0.301958562208004,-1.23355766038269,1.64849119301814,-1.16396473617397,0.113889143200244,-0.197174922381984,-0.894953838376714,-1.2599938792786,-0.979209274097511,-0.13564171861064,0.418915978131201,0,0
-1.38176921391591,-0.87935284714668,-1.03879703713424,1.43124628164276,0.495150888882191,0.124242963411837,-0.214875467785858,1.66941424282896,-1.5208354852329,-0.859354242017619,0.652291315299007,0.141005588683148,-0.806120090652962,1.62120999546969,-1.66480952031772,0.146742665535113,1,1
-1.32840774143163,0.586583501649229,-1.3686292067899,-0.914050444882741,0.388357761986997,-0.262019066772696,0.658280697297143,-1.3931968867248,-0.750739314428887,-1.20318937882216,-0.0589833945607034,-1.24027364739667,-1.56805873865816,-0.661110724893286,0.507488360109128,-1.11412579166775,1,1
-1.68288038007722,1.19874925808373,1.41060572785464,1.43124628164276,0.753667305843406,1.61707102562653,-1.52460971541036,0.131136293066069,-1.16113916665578,-0.36144770348088,-0.520687795559125,1.52228482476296,-0.474787871155977,-0.215927276646636,0.623128354749035,1.17620997378534,1,1
1.50737336773308,0.194291436350781,-0.492402838991891,-0.327726263251365,0.491238849571684,0.195817249301252,-0.942505605355026,1.09748243378667,1.01977827012508,1.66032550510909,0.434830999176485,-1.58559345641662,-0.838391260407797,-0.0045469126100508,0.190068690829113,-0.588624615766972,0,0
-0.951065900292777,-1.19001402444362,0.20719090599638,-0.327726263251365,0.068494720495786,-0.859229301759831,-1.23355766038269,-0.909486603859217,-1.51041395508604,-0.253826459515388,0.936012402666375,0.831645206723056,-0.398945356808565,1.68850817778987,-0.985583797483044,1.67542577148076,0,0
0.211451893114799,0.812262297338488,-0.458893790140419,-1.50037462651412,0.62519019656683,-0.941488362799588,-1.37908368789653,0.866973033782904,0.841357057536338,0.833558762184952,0.467942176525531,-0.894953838376714,0.288636299499912,-1.47978052701547,-0.0506564522527905,-0.391643164041367,0,0
-1.38176921391591,0.366986450236523,-1.27073989731467,1.43124628164276,-0.172867022636907,0.372081370707242,-0.796979577841192,1.3105454540131,-0.410954826966222,-1.5691737069029,1.13433056544475,0.831645206723056,0.815841857065235,0.678073169419844,-0.335263452117857,-0.810518785915205,1,1
-1.54947669886651,0.823176635855424,0.339224865318417,-1.50037462651412,-0.886746757151236,0.0670828416637247,-0.796979577841192,0.561888027004418,0.593667718912378,-0.451212279022609,-1.1380288244853,-0.894953838376714,0.37538798383852,-0.47261398328128,1.65526919975723,1.35942079825271,0,0
-0.245932156750476,0.957234824412227,0.11627258768582,-1.50037462651412,-1.7120734591016,-1.7077029776426,0.51275466978331,-0.59776884027878,-1.54464558407549,0.248467406225423,-0.448427695953245,-1.24027364739667,0.628674855060999,-1.44735647570705,1.13557444386747,0.235903469674679,1,1
0.653589807984566,1.67343612022751,-1.00263355223771,1.43124628164276,0.206665772565222,1.12561498313029,-1.52460971541036,1.46473473600973,1.43638888906058,0.841926745492478,-0.661993201856015,0.831645206723056,1.27818878891551,1.49711358946327,0.91807999653073,0.766785893780654,1,1
-0.0553554693066115,0.27404798236463,-0.13822054870128,-0.914050444882741,0.31209699205779,0.691701210048508,-0.651453550327359,1.3275221361026,0.909811383861972,0.0680771504356853,-1.07598777792255,-0.894953838376714,1.30657942020402,0.3107647593361,-1.0941653613375,-0.310719849541485,1,0
-0.158266880526299,-0.533595372148831,1.06033183970044,0.258597918380011,1.62227596345973,0.545988144626315,0.367228642269476,0.746645003726311,-1.24430234696206,0.0226209322522452,-0.205606722047732,0.831645206723056,1.26112465559662,0.873257450040509,-0.574613772907917,1.33420531078606,0,1
0.127598150639499,0.534883413519462,0.34302621949245,-0.327726263251365,-0.475180603915824,-1.49725310594084,0.51275466978331,-0.473190663422919,-0.974223439294142,0.886071134210243,1.55823593233125,-1.24027364739667,-1.19300010452648,-0.890361458582437,-0.405992435988531,1.44011521925599,0,0
0.81748575918629,-1.48498562875757,-1.371065478124,0.844922100011387,-0.363003159834029,-0.486826745068027,-1.67013574292419,1.01014712950971,0.486087572201526,-0.678970883710978,0.125823183407145,-0.54963402935676,-0.853435123529316,0.90083193164539,-0.0148010552985571,-0.213196047977596,1,1
-1.64857657633732,1.40176428477,0.195743361707057,-1.50037462651412,-1.0237154200376,1.48846517691894,-0.360401495299692,-0.637930514121751,1.43933762362704,-1.45234932059279,-0.753491487565569,1.17696501574301,0.0180419649585999,1.13088355368746,-1.61677563595817,-0.887110867070578,1,1
0.745066617957621,-1.307591648109,0.733117363484909,-0.914050444882741,-1.47464316299472,1.23767006172374,-0.796979577841192,-0.856696732750366,-0.1944692657949,-0.561362417547101,-0.517045228825188,-1.58559345641662,-0.479983289794182,-0.235812146956293,0.332966839712165,0.511791680640158,1,0
-1.1492656552344,-0.581646341479777,1.04559091937342,1.43124628164276,0.937823411815005,-0.750438075046756,0.51275466978331,0.0510535088668031,-0.0577821846171555,-1.21483942784596,0.388172101548464,-1.24027364739667,-1.26757224852057,0.249236732226986,-0.481709116155728,1.56682029012477,0,0
-0.657577801629225,1.11742042225633,0.477412354426743,-0.914050444882741,-0.859231041128093,-1.19310652506422,-0.360401495299692,1.72107304862809,-0.908916902493269,1.5877652780782,-0.521637022118016,-1.24027364739667,-0.726207446124371,1.62373441097,0.224418240836466,0.425079740159548,1,1
-0.829096820328703,0.356751596431485,-1.17746222045044,-0.914050444882741,0.374788863638055,-0.186973442069362,-0.0693494402720245,1.05318803359056,-0.410218069997807,0.238702843165355,0.127005947683802,1.17696501574301,1.65899199951,1.19362261374381,-1.69038189542807,1.56557625654819,0,1
1.43495422650441,-0.35253058545029,0.758941049588738,1.43124628164276,0.645719960356079,-0.508275475403045,0.658280697297143,0.795026660246768,-0.743323072594251,-0.215963534860874,-0.796285793112293,1.52228482476296,-0.520954847316387,-0.187623610051317,-0.607896373498245,-0.532754017243628,0,1
-0.318351297979145,-0.0746354072028093,0.644908497287866,0.844922100011387,-0.0981343341317378,0.616262599973447,0.076176587241809,-0.167174108859847,-0.521626272214318,1.40059226041476,-0.545456029356897,-0.204314220336806,-0.271268268740234,0.567559485718376,0.941522063104737,1.43101897318707,1,1
-0.844342955324212,1.25254414914607,-1.622844725963,1.43124628164276,1.29353432393297,1.59545109063472,-0.0693494402720245,-0.652336758528985,-1.65485893901009,1.35999010789364,0.711976896717578,-0.54963402935676,-1.70206026948688,0.978818581819353,0.0144875196342994,-1.3276569727021,0,0
0.767935820450885,-0.539295092023095,-0.277573124902019,0.844922100011387,-0.192403658392562,-0.483568852823994,0.367228642269476,1.23185166858684,-1.58458216161518,-0.323293032293701,0.28871806906165,1.52228482476296,0.771012885584959,-1.63294057422233,1.01157775661867,-0.48109983040038,0,0
-0.0515439355577342,1.3051362130994,-0.551258236594196,1.43124628164276,-0.738215927331059,-1.51984228325465,0.221702614755643,0.233667963544106,0.612093584253226,1.2709607748839,-1.42770983816546,1.52228482476296,-0.289873206779767,0.305635664069378,0.700029909806918,-0.0148414949555579,1,1
-0.192570684266194,-1.41640441607381,0.617366184253217,-1.50037462651412,1.36108285350757,1.3583415292373,0.94933275232481,1.0841310433214,0.615901053589466,-1.54468004520459,1.64668919410145,-0.54963402935676,-1.36652419573246,1.66723291513657,1.24034698655755,0.530488356345645,0,0
-0.909139029055126,0.98179198970481,-0.956986892939753,0.844922100011387,1.24273458508634,-1.6034754617106,0.94933275232481,-0.0433711576993221,-0.591482103641346,1.30913625110997,-1.58200698979885,0.486325397703102,1.63515652164356,1.53886925558457,-1.69569912649615,-0.703492725813407,0,1
-0.223062954257213,1.22816825687495,0.344574674491977,-1.50037462651412,-1.15342882073632,1.54835733601677,0.221702614755643,0.878730863931387,1.31535817867736,-0.688362780646495,-1.46457097434311,-0.894953838376714,0.97224833176158,1.14451096603909,-0.81613662848973,1.46250772057445,0,0
0.188582690621536,-1.09016293413944,1.46412943553819,0.844922100011387,-1.62776306039987,0.555463246295077,0.803806724810977,1.27286521187551,-0.811685105667412,0.195673789848933,0.696802948004456,1.17696501574301,0.79437382775989,-1.35150372361777,0.179811928225777,1.3912023072623,0,0
0.344855574325505,-0.224688536989151,1.06330103202943,0.844922100011387,-1.40782341550999,1.51019461870434,-1.08803163286886,-0.377164860841987,-0.366348465711537,-0.830394696639385,0.719981069980998,-0.204314220336806,1.59809787837627,1.69992821423161,1.53862792943101,1.03314848713834,0,1
0.432520850549683,-1.14698814415758,1.49279011733428,1.43124628164276,-0.732586340371773,-1.04633320432251,1.09485877983864,-1.68589534168151,0.786175832466101,1.65325165787103,-1.68825510256407,1.17696501574301,-0.310926816589967,0.378403668352296,0.633615566469013,-1.32148418968857,0,0
0.158090420630517,0.7373480574787,1.69093431128104,0.844922100011387,1.62300023900911,-1.59400061264223,-0.942505605355026,-0.849859991840999,0.828048682529954,-1.51774951386306,0.49189273623456,-1.58559345641662,0.767955976871469,-0.950429943083419,-0.13965567889369,-1.445482028426,0,0
-0.0286747330644704,0.140966679130795,-1.67062572252923,-1.50037462651412,0.201691565912002,-0.0521856303745426,0.803806724810977,1.43627094497754,1.23191591037137,-0.214731089150384,-1.63819327498299,1.52228482476296,-1.00903543897282,0.60088028418314,-1.2706182876704,-0.0022593035292275,1,1
-0.718562341611261,0.489120599193981,0.455265703160405,1.43124628164276,-0.434701805652686,-0.181683302724709,0.221702614755643,0.6486754529276,-1.62579977638219,0.389701109602155,1.60330935762936,0.831645206723056,0.693685432362132,1.22728397944032,-0.0127645706892383,0.916296340595716,1,1
1.23294293781392,-1.03907866651871,-0.273781245792684,-0.327726263251365,1.33600756629412,-0.592127993153528,-1.23355766038269,0.820749491975739,-1.0945126533159,0.37103010450723,0.678477891377948,-1.24027364739667,-1.675430420953,-1.3304912590528,-0.193361019508463,-1.29098154378756,0,0
-0.379335837961182,-0.985941248206254,1.27882510305701,-1.50037462651412,-0.16031339788682,1.56520693081814,1.53143686238014,-0.606133227893762,0.474326894821926,0.798727995405566,-1.10237048886479,0.831645206723056,-1.28617574744866,1.43320832352995,0.975394799878996,0.490362277540248,0,1
-0.371712770463427,-1.57881298933195,-0.833064297069222,-0.327726263251365,-0.634025083991105,1.099838352487,-1.67013574292419,0.696237242849484,-0.564113476026284,0.748913213459072,-1.2018802749021,-0.54963402935676,-0.249261280243267,1.44615241006822,-0.289459229867172,0.0999182126399315,1,1
0.268624899347959,-0.601758195777835,1.69969919780703,-0.914050444882741,1.51636945597253,0.545136226641175,0.076176587241809,0.505754736507931,-1.57599319577455,0.987609737826274,0.23644901206965,-1.24027364739667,-1.68232020120199,-1.67028119069894,-0.616886857219786,0.781013842970174,0,1
-0.493681850427501,0.225926167687851,0.423890544303175,1.43124628164276,1.20135156256738,-1.17312572066993,-0.214875467785858,-1.11503122652351,0.288513008346521,-0.953346237617223,0.459617244922369,-1.24027364739667,-0.121943991750815,1.37780780351151,-1.41065727927066,-0.217986978432142,0,1
-1.18738099272317,1.26434081649315,1.04848761839256,-0.914050444882741,1.18125784575509,0.79575345127688,-1.37908368789653,1.62254446210145,-0.375660894677864,-0.480244798088699,1.15061395981266,0.141005588683148,0.0890294239089515,1.53762255966422,-1.56038625007767,0.66863063090192,0,0
0.382970911814278,0.599178392459644,-1.41037522054268,1.43124628164276,0.0428755831528702,0.770564889993619,0.658280697297143,-0.506591342856338,-0.475181610588189,-0.440211774975378,1.40253461077729,-0.894953838376714,0.431766782486886,-1.58701248634914,-0.200125524095341,-1.16594829876679,0,1
0.661212875482321,-0.207103196993718,-1.07048632199073,1.43124628164276,0.994964868561438,-0.269729239718555,0.803806724810977,-0.592283329197901,-0.817687707750521,1.55267126769858,-0.382588706763182,1.52228482476296,-1.37607426057752,-0.705518406201449,-0.519799292983047,-0.976932543422253,1,1
-0.310728230481391,1.59581277293233,0.926458514873997,-1.50037462651412,-1.10082357680722,1.45195737580532,-0.360401495299692,-0.454161994651093,-1.704999000474,-0.345470191677188,1.19551296260233,-0.894953838376714,-1.09642721481014,-0.434200288538777,0.202408639949591,1.39064492441058,1,1
-0.874835225315231,0.781369194285444,-1.63132077048987,-0.327726263251365,0.252212966572645,-1.15893242019263,0.51275466978331,-1.41519177140504,-1.09931610513371,-0.99647578711066,0.141101745081573,1.17696501574301,0.402897833792474,-0.517433399677077,0.744957120264556,-0.58236779716148,0,1
-0.428885776696587,1.51587482665977,1.12955588428759,1.43124628164276,1.66280134404543,-0.813161386612893,1.24038480735248,0.431909241373288,-0.0969247678137346,0.429142487913867,-0.109820692385024,-0.204314220336806,0.558647659944115,0.892109994805395,-1.58288528993765,1.6731144272236,1,1
-0.863400624068599,0.113944050090604,-1.65923722998607,-0.327726263251365,-0.717433387548325,-1.51639639106121,0.076176587241809,-0.90632952835853,-0.778632111608321,-0.283110620465447,0.688361492566565,0.486325397703102,-1.63442904316011,-0.485765244387607,-0.0023651249473028,-1.55578047289271,0,0
0.756501219204253,-0.821717279894297,0.57466843243568,1.43124628164276,1.01184539824755,1.00635731222058,1.09485877983864,1.04969232230042,1.27732755665265,-0.898496895293951,-1.39378155056244,-0.204314220336806,0.149990092090421,1.5711704068012,1.26477596594018,-0.0100131793857014,1,1
1.21388526906953,-1.53935974038047,-0.439614419590496,-0.327726263251365,-0.0320344109152343,0.407934576181133,-0.0693494402720245,-0.367583194334049,-1.23449191921782,0.716683432217665,-0.826947414046557,-1.24027364739667,0.99843022288155,1.70319736221948,-0.144582827670028,-0.597451460112256,0,0
-0.341220500472409,0.805187523798757,0.41620378094864,-0.914050444882741,-1.58020331580743,-0.649154788429253,-1.23355766038269,-0.144500366488281,1.28059567646449,-1.10047379656435,1.10002628783959,0.831645206723056,-1.4845884397925,-0.627662384686117,0.084333218972009,1.70906852655749,1,1
-0.459378046687605,-1.30089854163639,0.709822482082245,-1.50037462651412,0.904209263286645,-1.1698341602719,-0.651453550327359,0.506239365609055,-0.335298742557125,0.432648971364284,0.007245038807278,1.17696501574301,-0.291181518597472,0.032172707752613,-0.0350185477644826,1.68868289017813,0,0
0.0513674756619528,-0.668941873920879,-0.51817538862532,1.43124628164276,-1.13786994158723,-1.59590251520196,-0.0693494402720245,0.906142883651402,-0.778275423831086,-0.271775159773927,1.419038267835,-1.24027364739667,-0.591765546713214,0.200257801214598,-0.371066975151691,-0.905950509439114,0,0
0.424897783051928,0.130948331031001,-1.33270273525183,0.258597918380011,0.452317782412728,-1.15973281447949,0.94933275232481,-0.9323397060611,-0.680563885513403,-0.658551022080622,-1.4444261290843,-1.24027364739667,1.4447677759826,0.274829604533505,-1.33998294102117,-0.795902200563536,1,1
1.35110048402911,0.242195635976658,-1.46578675618339,-0.327726263251365,-1.4226683315381,-0.172514512457738,0.367228642269476,1.61424341827871,-0.592030932785193,1.51843563136622,-0.659102972045725,-0.54963402935676,-1.07981152887592,-0.430414514500147,-1.28373164867677,0.862424648637701,1,1
-0.257366757997108,0.368141861458852,0.337850759975714,-0.327726263251365,1.53577123982313,-0.882621046161205,0.51275466978331,0.422757730165503,0.0141020912098443,-0.640350825935176,-0.511840446855852,0.831645206723056,-0.620036643912869,-1.14604396233016,-1.10104043861784,1.34368925497198,0,0
1.47306956399319,-1.14435700485853,0.100693219464578,0.258597918380011,-0.714803860311159,-0.841948346626402,-0.0693494402720245,-1.71336730917283,-0.510254703780303,-0.560122860056782,-0.277090276701766,-0.204314220336806,1.39197445182043,-1.52903519387237,1.02431764147166,0.566880493698165,1,1
0.53543226176937,-0.400929238830693,0.870182207255984,-1.50037462651412,-0.938984849882464,1.2824148410928,1.09485877983864,-0.293227115937432,0.497112112737183,1.2567593073681,1.6943502439079,-0.204314220336806,-0.577398986615889,-1.35104120252227,-0.767610666202756,1.25786918177776,1,1
0.638343672989057,0.425987940814164,0.0627655991549254,-0.327726263251365,-1.27333086291195,0.0405888481705918,0.803806724810977,-0.219807740912986,-0.265399469513813,-1.31886851632434,-0.668714131580849,0.486325397703102,0.118704671672142,1.38114893235385,1.5632453269975,-1.49704010748143,0,0
-1.06922344650797,1.65396432788993,-0.240415603605865,-1.50037462651412,1.53279905601694,0.778280743615312,1.38591083486631,1.06996379787878,0.581037687217645,-1.39171528219155,0.0582823929364881,-0.54963402935676,-1.60968105785767,-0.752918685513388,1.08531119756577,0.487237594298252,1,1
-0.886269826561863,0.810572294908574,-0.325019761160317,-0.327726263251365,0.728614726515355,-1.61118877538526,-0.0693494402720245,-0.675926699350783,0.350192408533337,-0.785177811685948,0.119053783097083,1.17696501574301,1.69185125321469,-1.45251995222297,0.65007341988835,0.692261353204155,0,0
-0.272612892992618,1.48954292619651,-1.61582864217434,0.844922100011387,0.830837661501495,-0.476120399765324,0.51275466978331,-0.585564957321723,-0.886065970107417,0.28775810275492,0.939386670878276,-0.54963402935676,1.13704795565136,0.426492129597682,0.774284400279164,-1.06037979215679,1,1
-1.25980013395184,0.930996534850992,-0.54220356587092,-0.327726263251365,-0.0013709303135803,-0.0833334805696035,1.09485877983864,-1.48871475763601,1.06572096078437,-0.432338121662561,0.0554394810981167,0.831645206723056,0.476143723966776,-1.45772981422487,-1.55646744967622,0.959700406280148,0,0
-0.98918123778155,0.337266200531037,1.68230041159109,0.844922100011387,-0.0861415752024587,-1.0919589726169,-0.214875467785858,-0.750725185772204,1.01835552123409,0.346517813267409,0.362525849460324,-0.894953838376714,-1.51353500553462,-1.47578835780472,0.247672432200571,1.53134764749622,0,0
1.21007373532065,-1.05462265335638,1.32641274225596,1.43124628164276,-1.33899602615138,-1.32012625202501,1.38591083486631,0.750581314322595,1.67087172742935,-1.21221934237983,0.878332139152544,0.141005588683148,-1.46457848683776,0.41975844868165,1.53876246555637,1.37219362887163,1,1
-0.303105162983636,0.598336366083256,-0.563665399859588,-1.50037462651412,0.206243060935213,1.26424909706963,1.09485877983864,0.465832561554695,-1.12442053641956,-0.859005108197446,-1.40099126216685,-1.58559345641662,0.165966844394407,0.316047117613022,-1.58599162509514,-0.872523339890048,0,0
1.2520006065583,0.447527700765937,0.333889081733563,-0.327726263251365,-0.868727999542351,1.50241653259799,0.221702614755643,-1.45095831630821,1.1861449425639,0.195812885357729,1.61275287901734,0.486325397703102,-0.735523085057351,-1.57400188820572,-0.713273394652102,-0.600870194594561,0,0
-1.14545412148552,0.374709555946339,1.23520860189869,-0.914050444882741,1.63978321003531,-1.46271020656687,-1.52460971541036,-1.33561128339005,1.26905856425174,-1.01286881168717,1.20326918756917,0.486325397703102,0.435869474156192,-0.133911493308273,-1.54302784566182,0.0028279742479868,1,1
0.863224164172817,-0.0176976099967397,-0.175018882865742,-0.914050444882741,1.01950121078662,-0.531743832737684,0.076176587241809,-0.427266858233341,0.479795682324222,-0.298608545438518,-0.395732222230083,-1.24027364739667,0.350555382561135,-0.218837281670729,0.252357106309625,-1.17023659840446,0,0
0.771747354199762,0.117665438636668,-1.64531340863788,0.258597918380011,-0.29821859872581,1.56737456570916,0.221702614755643,0.843400061260157,0.0134866384612834,0.221810867079758,0.791273963006861,-0.204314220336806,1.18458240478381,0.162393747790542,-1.31891523082464,1.56465060926975,1,1
1.56073484021736,-0.558663652021787,-1.44889068317898,-0.914050444882741,-1.19705186123566,-1.44770572488072,-0.942505605355026,1.1522427481304,1.56193216203383,1.61453135139826,0.909775437598867,-0.54963402935676,-0.748312674422725,0.819388869628564,-0.0611463763540149,-1.15911459296231,1,1
0.146655819383885,0.0851262984965684,0.0650482748931059,0.844922100011387,0.980857342660443,0.483324983694183,-0.0693494402720245,-1.68224275730958,1.61493177086933,-1.4895942856444,1.21704681766002,1.52228482476296,0.280044793805342,-0.744583903641856,0.772745514856477,0.902818402438818,0,1
1.22150833656728,-1.03535620537868,1.659443546469,-0.914050444882741,-1.29766141979115,1.61538763421116,-0.796979577841192,-0.593240737831499,0.478192852785274,-0.1679878115033,-1.09629392047796,1.17696501574301,0.97200590667714,-0.22910701795619,-1.15179715701889,-0.540934746180089,1,1
-0.287859027988127,1.08060813956979,0.700021369702281,-0.914050444882741,-1.06653852872911,1.6360674594776,-1.23355766038269,-0.263300260598703,-0.490756226303765,-0.390762427210272,0.704899466606506,-1.24027364739667,-0.0220270249091329,1.00807130792536,0.895439199276968,0.257582841125839,1,1
1.26343520780493,-1.07637510232683,-1.4613745726589,-0.914050444882741,-0.990321671840543,-0.11071003587723,-0.796979577841192,1.42316969546808,1.08080410899396,1.09561784968388,-1.63791188500239,-0.894953838376714,1.15680773919136,1.45423652752065,-1.51291144056452,-1.55244870749694,0,0
0.928020237903731,-1.42743711779719,-1.04998361076858,-0.327726263251365,0.196107532377942,-1.17350189379523,0.076176587241809,0.0039208779714908,-1.41906635554564,1.3597668980271,-1.3505008345285,-1.58559345641662,-1.26893455211594,1.34688835176593,-1.20311978683076,-1.00987257650218,1,1
-1.10352725024787,-0.204144200211557,0.971331387764592,0.258597918380011,0.986783003803843,-1.03797958819247,-0.214875467785858,-0.798683713480641,-0.727600985448715,1.38309235725446,0.957801080004926,1.52228482476296,0.821246488591669,-0.0749568209846223,-0.751057281973199,-0.186993985839535,0,1
-0.375524304212305,0.569160166005695,1.21486568026923,-1.50037462651412,-0.637198385699155,1.33073552701592,-0.651453550327359,-0.381816738117049,1.65910517643162,-0.464154588276172,1.08688678761802,-0.204314220336806,1.54645136228435,0.0736398461328865,1.03656250403863,0.613267581936617,1,1
-0.615650930391574,-0.199022306475876,0.437737160258675,0.258597918380011,-1.42608426456497,1.40681369729445,0.94933275232481,-0.221135726077079,1.07107883170839,-0.708952596822356,0.316041110172607,-0.894953838376714,-0.573132704011033,0.101959221630432,1.22377412028574,0.958296912662135,0,1
-0.615650930391574,-0.759557122120688,0.530572881100763,0.844922100011387,-0.121144339402782,0.360114447568405,-1.52460971541036,0.587896606450257,1.50122350448482,-0.207152928104766,0.278469867456904,-0.54963402935676,-0.453632730005927,1.26918748812216,-0.95799109664298,-1.61100155072426,1,1
1.68651545393031,0.220446706129252,-1.60926224980044,-0.327726263251365,0.852992734075774,0.905497142045454,1.24038480735248,-1.59057513445491,0.31711362250903,-0.572351854526027,0.864993639499567,-0.54963402935676,-1.4344730632381,1.17028515530698,-1.38964832689544,-1.19041834515259,0,0
-0.851966022821967,-0.514925505646202,1.17002743526327,1.43124628164276,-0.955476916316853,0.815074255745645,0.803806724810977,-0.383879148753561,-0.325522454055854,0.729587727553752,1.41219321618551,0.141005588683148,0.500741613583424,-0.645831359919478,1.21621084450852,0.794084504497482,0,0
0.280059500594591,1.5252859403302,1.0302105712883,-0.327726263251365,-0.961451811992705,0.545961644310157,1.24038480735248,0.506698618534963,1.63896570239176,-1.02529606919168,-0.282700031941701,1.52228482476296,0.191901000799641,-1.15684913732276,0.528217335481913,1.08030759225294,1,1
0.276247966845713,1.48968703621957,-0.80798571600304,-0.914050444882741,1.53700665462097,1.11600799815026,-0.360401495299692,-0.751500090871444,-0.662933054285939,0.520622547889431,-1.35314994527211,0.486325397703102,-1.58432500466338,-0.414035424469065,-1.17460400744246,-0.901384633725526,0,0
1.27105827530269,0.0261315788934033,0.753743131600341,-0.914050444882741,1.56080152977208,0.627219560578127,-0.942505605355026,0.316864584610182,0.875600746273483,1.45246516730293,1.17774008070846,0.486325397703102,0.884769145518252,-0.725315121722261,0.210697749807147,-0.925167255618223,0,0
-0.672823936624734,-0.581503019790243,-0.961436873322301,0.844922100011387,1.68554197651778,0.105583509292451,1.67696288989398,-0.495322125154074,0.191460272541968,-0.794882375918314,-0.560438861949573,0.831645206723056,1.15209348757481,1.55124258884883,1.30080470261498,-1.4120054878403,0,0
-0.181136083019562,0.843659440982031,-1.56760826756923,1.43124628164276,1.05755907056289,-0.917834287575189,1.38591083486631,0.895230690702984,-0.940832379618671,0.583855514183596,-1.28687143700016,-0.894953838376714,1.4220630301605,-0.802614893110626,-1.48065569870249,-1.19796803162303,1,1
-1.01586197402369,-1.595474071771,-1.00908348158514,-0.327726263251365,-1.07048762663804,0.828707010037466,-1.23355766038269,-1.52299483797861,-1.66555455108406,-1.26844700170342,0.393556567161144,-0.204314220336806,0.168604468922901,-1.0937567894582,-1.43143863690325,-1.68705605844469,0,0
0.821297292935167,-0.0699921745676944,-1.08725879480217,1.43124628164276,-0.988738015770676,-0.103080251452252,0.94933275232481,1.44682522461136,-0.407631293647246,-1.34547039098144,0.265881268423855,1.52228482476296,-0.154498525720638,1.37492054941523,-0.773585257545951,0.31296329131916,1,1
0.146655819383885,-0.552113739722894,-0.534594332219055,-1.50037462651412,-0.548190074650088,-0.718573201567443,0.221702614755643,-1.13845102241404,0.15532591541737,-1.36540407881623,-0.0970153538662285,0.141005588683148,1.31460101306517,-1.41933391618766,0.53824654573692,1.39256060322195,1,1
1.43876576025329,1.48234179018168,-0.254295827701725,0.258597918380011,-0.62408383328882,1.02873574809752,0.221702614755643,-1.18370841126374,-1.09646430586989,-1.28592690710033,1.25042535512809,0.141005588683148,-0.341391400047848,-0.822032469254373,-1.10478458721684,-1.2004357664698,1,1
1.51118490148196,-1.68152362816799,0.0586094140041817,-0.327726263251365,1.56895686463168,0.666175695402011,0.803806724810977,1.17900018414637,-0.301886036818635,-1.01628748731476,-0.803045024171929,0.831645206723056,0.549128113124916,-0.207347897743008,1.10678055776752,0.868514078450518,0,1
-1.24074246520745,0.201793954002947,-0.0517886876325914,1.43124628164276,0.993713012420452,1.49520870649026,0.658280697297143,1.27820606846485,0.387157688582701,0.187714196227431,-1.70817664945623,-0.204314220336806,0.410108407898332,0.328805593691608,0.878344675231246,0.257369330171736,1,1
0.672647476728952,0.855956340768778,-0.767558664021647,-1.50037462651412,0.770198475811987,-1.16422526345259,0.803806724810977,-1.41084909243813,0.729672790186322,0.896763868299961,-0.623959143012441,-0.204314220336806,-0.433430020352476,-0.590357473743039,0.222089115973636,1.51641741533721,0,0
1.29773901154483,-0.0343012275648897,-1.60636825388325,-1.50037462651412,-1.07811710580437,0.502439305094979,0.803806724810977,1.41480825841344,-1.54446324407864,-1.3264618738507,-1.7205110192471,-1.58559345641662,-1.42288743582401,-0.0110187991089151,-1.31937573592034,1.02897499035495,1,1
-0.135397678033035,-1.42591621799104,0.393998333300594,0.258597918380011,1.40749306905056,-0.89274167157812,-1.08803163286886,-0.786223730777095,0.555407787553256,1.25459409991774,0.145334614721663,-1.58559345641662,-1.64998410062192,-1.03318197615352,1.70215628675774,1.21668756547975,1,1
1.04998931786781,1.66316663096517,-0.333155381277366,-1.50037462651412,1.12698794049831,1.37890655424396,-0.505927522813525,0.409941800790108,-1.53098432105995,1.15978334979517,-0.432513080904145,0.141005588683148,-0.238929294958645,0.257202406475273,-0.0237875153098133,0.482472018960267,1,1
-1.05778884526134,0.0805913173450393,-0.670315468406197,0.844922100011387,-1.15479640947171,-1.39141721461134,-1.67013574292419,-1.49529824539607,-1.62879980943922,0.759237675307254,1.09017102169428,1.52228482476296,-0.0552252774398371,-0.314905619472059,-0.155299906199803,1.07439739096159,0,1
-0.615650930391574,0.415512972659272,1.30343864872588,-1.50037462651412,1.27573366307263,0.526461861443847,-1.23355766038269,-0.414328734257114,-1.20216690744073,-0.28762951410286,1.03300450203851,1.52228482476296,1.12917991723315,1.20231829286036,1.72761743935098,-0.508479625540698,1,1
-0.0553554693066115,-0.899355388325385,0.885958859725773,1.43124628164276,-0.781709796925111,0.991317682905394,-0.796979577841192,-0.171636082523574,0.51922123034119,-1.76163959485568,-0.235438130453852,-0.204314220336806,-0.286884818351886,-0.287694046811537,1.27134585251996,-0.996102654242755,0,0
0.90133950166159,-0.0395941200076027,1.27156963314671,0.844922100011387,-1.43913841114869,-0.511419460234594,-0.214875467785858,0.344837487774862,-1.54419223214081,0.784858380642353,-0.997849589021509,1.52228482476296,-0.749065979719806,-0.191179642909521,-0.140421504527584,1.42222194046818,0,0
-1.2826693364451,-0.228857098133857,0.011525361845905,-1.50037462651412,0.539396782316466,1.55308494044145,0.221702614755643,0.086588170890169,-1.6538334959761,1.28575191896453,-0.278105377823058,0.141005588683148,-0.121490964430854,0.318727074713096,-0.270562894060079,0.809705210838813,1,1
1.67126931893481,-1.46250634126435,-1.25292576231985,-0.914050444882741,0.529030440614895,1.19681356020251,-0.360401495299692,-0.134335637954081,-1.32048765747636,-0.602567512963445,0.486873556973118,1.17696501574301,-0.898798174813176,-1.29322684394091,-1.38921334014127,-1.40281534412897,1,1
-1.24836553270521,-1.35363112993009,0.710482505517594,-1.50037462651412,-1.39083116226071,-0.719170565731268,0.94933275232481,1.59119425078056,1.53604236181016,0.726588992543309,-1.08969161354017,0.831645206723056,-1.40738099255021,-1.17765828819389,1.48837139709189,1.26543376043087,1,1
0.360101709321014,1.19308278615006,-0.991935098504301,0.844922100011387,-0.621612942196848,-1.70824289428157,-0.651453550327359,-1.09199939388759,1.39027894955608,-1.55155092875925,0.947245445942042,0.486325397703102,-1.33217593631874,0.999461925604184,1.20173311241028,-0.51523634835694,0,0
-0.867212157817476,-0.888176327295662,-0.175174025927123,-1.50037462651412,1.6936104280986,-0.712145987630269,-1.37908368789653,-1.18562344688588,-1.42864634712199,0.697093097911278,-0.599175486920766,0.486325397703102,-0.617282508369561,-0.776826998856017,-0.647497335688381,-0.689266268405711,0,0
0.691705145473339,-1.04440217975408,-1.48192039228336,-1.50037462651412,0.613612942619854,-0.765020272044684,-0.651453550327359,0.738309978464759,-0.681520942936658,-1.52980622319397,1.50338128835662,0.141005588683148,-1.68029557031584,0.636721782152662,0.888360799189892,0.428060466280808,0,0
-1.56472283386202,0.0349755645640533,1.15883703931806,-1.50037462651412,0.791037927095224,1.33198690923045,0.803806724810977,-1.47465899118363,1.52770195304907,0.272304275456567,0.0344757861800122,0.141005588683148,-0.96049270646601,-1.38170476208421,0.920954874914798,0.239975154546349,1,1
0.180959623123781,0.953754205578944,-1.27025952705176,0.844922100011387,-0.985523439213548,1.59781584739036,-1.08803163286886,-0.0602134947163213,-1.39010751234899,0.308309648791841,1.20614320062018,-1.58559345641662,1.00724504978225,1.1081006670287,-0.931900620534908,0.135673304809439,0,1
1.25962367405606,-1.50760093109229,1.4290199922428,-1.50037462651412,-1.44631007493155,-1.49153619202858,1.09485877983864,-0.0561896152338019,-1.40072535139199,-0.717630438877884,0.398016617641772,0.486325397703102,-0.910498357872492,1.67994796015656,0.404494821158998,-0.838458025524101,0,0
-0.825285286579826,0.285347081757136,1.29402454323945,0.258597918380011,-0.765721663756041,-0.110463703792162,-0.214875467785858,-0.659003642275877,-1.43023326584435,-1.49224748775976,0.183815058357979,-0.204314220336806,-1.34020034411537,-0.432195030958852,-0.837951223916817,1.58465917203627,0,0
0.306740236836732,-1.30818563407928,-0.0940623035176954,1.43124628164276,-0.861919731727856,0.154953860764246,-0.505927522813525,1.49006073704506,1.62792828354414,1.53007919810217,0.629506529204295,0.486325397703102,1.56760378023834,0.020931592345113,1.015037789825,1.55147709510562,0,0
-1.14545412148552,-1.59635126015353,0.877709472120152,0.258597918380011,-0.911230141804133,-1.41411411972663,0.94933275232481,-0.754198050525153,0.82647025637361,0.0930616960765565,1.08160300234931,0.141005588683148,0.43476188033773,-0.194972121309695,-1.18862027163096,-1.70030335162043,1,1
-0.200193751763949,-1.53964785311075,0.443817085192701,0.844922100011387,-1.05478805585476,-0.433624627195453,-0.0693494402720245,-0.73376620507676,-0.988991001709112,0.246505414496507,0.498021311859051,0.831645206723056,-1.51606465028505,1.35673448641709,0.595907806693278,-0.553311720596003,1,1
0.806051157939658,1.18156160850566,1.08161654937475,-0.914050444882741,0.257478272408402,-0.64177453194328,-1.08803163286886,-0.921308379610878,-1.56780032959569,0.368976245211569,1.03179995060552,-0.894953838376714,-1.50837150173973,-1.6824149452904,-0.592034113333802,-1.55803527739898,1,1
0.71838588171548,-1.31249669042472,-0.207908143476555,0.258597918380011,-0.589831247279902,0.112660360265814,0.51275466978331,-1.22790442911331,1.58934469337508,1.32764360096482,-1.08878580979878,0.831645206723056,0.398870078287178,0.529359204296365,-1.59613598615465,1.20816155992015,0,1
-0.562289457907292,-1.5660882020874,1.021642960725,1.43124628164276,1.10113650855495,0.543788688120368,0.076176587241809,-0.472002748569053,-0.264334713110495,-1.55777460516709,-0.784554835948114,0.486325397703102,0.14916265124863,0.525609308804665,-1.29291789943742,1.33283968338579,0,0
-0.341220500472409,-0.198384812533149,-0.1014463033986,-0.327726263251365,-1.08504188364796,0.68950570260177,-0.942505605355026,0.625623228197934,0.329411271833428,1.33542277504344,-0.951586424567849,-1.58559345641662,-1.48710692206481,-0.402313836712505,0.547381664994762,0.0670651780319035,1,1
-0.806227617835439,1.21579128301116,1.56054694548536,1.43124628164276,-0.120839951922424,-1.26305978530817,0.51275466978331,0.837875496924244,-0.766750139615843,-0.934629399425696,1.03551322447184,-0.894953838376714,-0.946229662254658,-0.962715744825448,-0.890314733765467,1.17182414064097,1,1
0.752689685455376,-0.809514632424452,-0.0183819460268488,0.258597918380011,-1.67002744135341,1.06663916211883,0.803806724810977,1.08469900197391,0.878849756220814,-1.49631961016621,-1.4534259639256,1.52228482476296,1.49810360089713,-0.892776800319939,0.464706716485853,0.703225166901948,0,0
0.813674225437413,-0.254755192665626,-0.10088205296377,-0.327726263251365,-0.0622510718632384,0.603568852458235,0.658280697297143,-1.04862757521927,-1.04971661400355,0.51569689757425,1.02698583889623,-0.54963402935676,0.259744770374726,1.03460961942256,-0.284354266665709,0.0026993204403841,0,0
-0.813850685333194,-1.5842970319843,1.01908446757797,0.844922100011387,-1.52512770341291,1.32892164147469,-0.0693494402720245,-1.60947101111254,0.97690495135267,1.62607848686285,-0.394789711077494,1.17696501574301,-0.197003492273661,-1.4893638326418,0.678387704950179,-0.463991212619702,0,1
1.09191618910546,-0.15945647762517,1.14587925521645,1.43124628164276,1.64176939383002,-0.186118650811672,-1.67013574292419,1.64331079483709,-0.933634408577263,-1.56824104028474,-1.47656671256521,0.141005588683148,-0.856604349181725,0.221286207309893,-0.0136886537540855,-0.79944925150462,1,1
-0.939631299046145,0.288150966084048,0.218207174508434,-0.914050444882741,0.998928207277236,1.34551031798737,-0.796979577841192,-1.68325256494789,-1.38933632950983,-0.287087647201922,-0.27112828680783,0.486325397703102,-1.26053444518404,-0.661957345871643,-0.652539489057182,-0.822810455974392,0,0
-0.737620010355648,0.264797967485166,-1.08319875603553,-0.327726263251365,-0.0332949054403957,1.24864299027713,0.221702614755643,1.59479194310416,-0.0811706882732831,0.0729424942700357,-0.704223191280133,-0.204314220336806,-0.327743398039929,-0.804910328796359,-1.2163030798562,0.21751333702771,0,1
